Time,Date,Latitude,Longitude,Altitude,Speed(km/h),Speed Direction(°„)
14:02:58.00,24-07-14,28.169362333333332°„N,104.81065533333333°„E,626.3,0.024,
14:02:59.00,24-07-14,28.169362333333332°„N,104.8106555°„E,626.3,0.029,
14:03:00.00,24-07-14,28.169362333333332°„N,104.81065566666666°„E,626.4,0.011,
14:03:01.00,24-07-14,28.169362333333332°„N,104.810656°„E,626.4,0.009,
14:03:02.00,24-07-14,28.169362333333332°„N,104.81065616666666°„E,626.4,0.022,
14:03:03.00,24-07-14,28.169362333333332°„N,104.81065633333333°„E,626.4,0.015,
14:03:04.00,24-07-14,28.169362333333332°„N,104.8106565°„E,626.5,0.010,
14:03:05.00,24-07-14,28.1693625°„N,104.81065666666667°„E,626.5,0.029,
14:03:06.00,24-07-14,28.1693625°„N,104.81065683333334°„E,626.5,0.010,
14:03:07.00,24-07-14,28.1693625°„N,104.810657°„E,626.5,0.018,
14:03:08.00,24-07-14,28.1693625°„N,104.81065716666667°„E,626.5,0.008,
14:03:09.00,24-07-14,28.1693625°„N,104.81065733333334°„E,626.5,0.015,
14:03:10.00,24-07-14,28.169362666666668°„N,104.8106575°„E,626.5,0.006,
14:03:11.00,24-07-14,28.169362833333334°„N,104.8106575°„E,626.5,0.011,
14:03:12.00,24-07-14,28.169362833333334°„N,104.81065766666667°„E,626.5,0.010,
14:03:13.00,24-07-14,28.169362833333334°„N,104.81065783333334°„E,626.5,0.021,
14:03:14.00,24-07-14,28.169362833333334°„N,104.81065783333334°„E,626.5,0.026,
14:03:15.00,24-07-14,28.169362833333334°„N,104.81065783333334°„E,626.5,0.024,
14:03:16.00,24-07-14,28.169362833333334°„N,104.81065783333334°„E,626.5,0.018,
14:03:17.00,24-07-14,28.169362833333334°„N,104.81065783333334°„E,626.5,0.008,
14:03:18.00,24-07-14,28.169362833333334°„N,104.81065766666667°„E,626.5,0.023,
14:03:19.00,24-07-14,28.169362666666668°„N,104.81065766666667°„E,626.5,0.036,
14:03:20.00,24-07-14,28.169362666666668°„N,104.81065766666667°„E,626.4,0.017,
14:03:21.00,24-07-14,28.1693625°„N,104.8106575°„E,626.4,0.022,
14:03:22.00,24-07-14,28.169362166666666°„N,104.81065733333334°„E,626.4,0.007,
14:03:23.00,24-07-14,28.169362°„N,104.81065716666667°„E,626.3,0.008,
14:03:24.00,24-07-14,28.169361833333333°„N,104.810657°„E,626.3,0.008,
14:03:25.00,24-07-14,28.169361666666667°„N,104.81065683333334°„E,626.3,0.002,
14:03:26.00,24-07-14,28.169361333333335°„N,104.81065666666667°„E,626.2,0.005,
14:03:27.00,24-07-14,28.16936116666667°„N,104.8106565°„E,626.2,0.015,
14:03:28.00,24-07-14,28.169361°„N,104.81065616666666°„E,626.1,0.023,
14:03:29.00,24-07-14,28.169360833333332°„N,104.81065583333333°„E,626.1,0.011,
14:03:30.00,24-07-14,28.1693605°„N,104.8106555°„E,626.1,0.012,
14:03:31.00,24-07-14,28.169360333333334°„N,104.81065533333333°„E,626.0,0.039,
14:03:32.00,24-07-14,28.16936°„N,104.810655°„E,626.0,0.013,
14:03:33.00,24-07-14,28.169359833333335°„N,104.81065466666666°„E,626.0,0.034,
14:03:34.00,24-07-14,28.169359666666665°„N,104.8106545°„E,626.0,0.048,
14:03:35.00,24-07-14,28.1693595°„N,104.81065433333333°„E,626.0,0.011,
14:03:36.00,24-07-14,28.169359333333333°„N,104.81065416666667°„E,626.0,0.029,
14:03:37.00,24-07-14,28.169359166666666°„N,104.810654°„E,626.0,0.032,
14:03:38.00,24-07-14,28.169359166666666°„N,104.81065383333333°„E,626.0,0.030,
14:03:39.00,24-07-14,28.169359166666666°„N,104.81065366666667°„E,626.0,0.044,
14:03:40.00,24-07-14,28.169359166666666°„N,104.81065333333333°„E,626.1,0.037,
14:03:41.00,24-07-14,28.169359166666666°„N,104.81065316666667°„E,626.1,0.029,
14:03:42.00,24-07-14,28.169359°„N,104.81065316666667°„E,626.1,0.030,
14:03:43.00,24-07-14,28.169359°„N,104.81065316666667°„E,626.2,0.050,
14:03:44.00,24-07-14,28.169359°„N,104.81065316666667°„E,626.3,0.049,
14:03:45.00,24-07-14,28.169358833333334°„N,104.81065333333333°„E,626.3,0.044,
14:03:46.00,24-07-14,28.169358833333334°„N,104.81065333333333°„E,626.4,0.032,
14:03:47.00,24-07-14,28.169358833333334°„N,104.81065333333333°„E,626.5,0.002,
14:03:48.00,24-07-14,28.169358833333334°„N,104.81065333333333°„E,626.5,0.031,
14:03:49.00,24-07-14,28.169358833333334°„N,104.81065316666667°„E,626.6,0.022,
14:03:50.00,24-07-14,28.169358833333334°„N,104.81065316666667°„E,626.6,0.018,
14:03:51.00,24-07-14,28.169358833333334°„N,104.81065316666667°„E,626.7,0.022,
14:03:52.00,24-07-14,28.169358833333334°„N,104.810653°„E,626.7,0.033,
14:03:53.00,24-07-14,28.169358833333334°„N,104.810653°„E,626.7,0.014,
14:03:54.00,24-07-14,28.169358833333334°„N,104.810653°„E,626.8,0.037,
14:03:55.00,24-07-14,28.169358833333334°„N,104.81065316666667°„E,626.9,0.028,
14:03:56.00,24-07-14,28.169358666666668°„N,104.81065333333333°„E,627.0,0.029,
14:03:57.00,24-07-14,28.169358666666668°„N,104.81065333333333°„E,627.1,0.029,
14:03:58.00,24-07-14,28.169358666666668°„N,104.81065333333333°„E,627.1,0.040,
14:03:59.00,24-07-14,28.1693585°„N,104.8106535°„E,627.2,0.024,
14:04:00.00,24-07-14,28.169358333333335°„N,104.8106535°„E,627.3,0.014,
14:04:01.00,24-07-14,28.169358333333335°„N,104.81065366666667°„E,627.4,0.013,
14:04:02.00,24-07-14,28.169358166666665°„N,104.81065366666667°„E,627.4,0.009,
14:04:03.00,24-07-14,28.169358°„N,104.81065366666667°„E,627.5,0.023,
14:04:04.00,24-07-14,28.169357833333333°„N,104.81065366666667°„E,627.5,0.013,
14:04:05.00,24-07-14,28.169357666666667°„N,104.81065366666667°„E,627.6,0.013,
14:04:06.00,24-07-14,28.1693575°„N,104.81065366666667°„E,627.6,0.037,
14:04:07.00,24-07-14,28.169357333333334°„N,104.81065366666667°„E,627.7,0.025,
14:04:08.00,24-07-14,28.169357166666668°„N,104.81065366666667°„E,627.7,0.030,
14:04:09.00,24-07-14,28.16935683333333°„N,104.81065366666667°„E,627.7,0.028,
14:04:10.00,24-07-14,28.169356666666665°„N,104.81065366666667°„E,627.8,0.038,
14:04:11.00,24-07-14,28.1693565°„N,104.81065366666667°„E,627.8,0.014,
14:04:12.00,24-07-14,28.169356333333333°„N,104.81065366666667°„E,627.8,0.059,
14:04:13.00,24-07-14,28.169356166666667°„N,104.81065366666667°„E,627.9,0.017,
14:04:14.00,24-07-14,28.169356°„N,104.81065366666667°„E,627.9,0.005,
14:04:15.00,24-07-14,28.169356°„N,104.81065366666667°„E,628.0,0.015,
14:04:16.00,24-07-14,28.169356°„N,104.81065366666667°„E,628.0,0.053,
14:04:17.00,24-07-14,28.169356°„N,104.81065366666667°„E,628.1,0.039,
14:04:18.00,24-07-14,28.169356°„N,104.81065366666667°„E,628.1,0.018,
14:04:19.00,24-07-14,28.169356166666667°„N,104.81065383333333°„E,628.1,0.022,
14:04:20.00,24-07-14,28.169356°„N,104.81065383333333°„E,628.2,0.009,
14:04:21.00,24-07-14,28.169356°„N,104.810654°„E,628.2,0.031,
14:04:22.00,24-07-14,28.169356°„N,104.81065416666667°„E,628.3,0.054,
14:04:23.00,24-07-14,28.169356°„N,104.81065433333333°„E,628.4,0.016,
14:04:24.00,24-07-14,28.169356°„N,104.8106545°„E,628.4,0.039,
14:04:25.00,24-07-14,28.169356°„N,104.81065466666666°„E,628.5,0.018,
14:04:26.00,24-07-14,28.169356°„N,104.81065483333333°„E,628.5,0.017,
14:04:27.00,24-07-14,28.169356166666667°„N,104.810655°„E,628.6,0.035,
14:04:28.00,24-07-14,28.169356166666667°„N,104.81065516666666°„E,628.6,0.030,
14:04:29.00,24-07-14,28.169356166666667°„N,104.81065533333333°„E,628.7,0.028,
14:04:30.00,24-07-14,28.169356166666667°„N,104.81065533333333°„E,628.7,0.030,
14:04:31.00,24-07-14,28.169356166666667°„N,104.81065566666666°„E,628.7,0.043,
14:04:32.00,24-07-14,28.169356166666667°„N,104.81065583333333°„E,628.8,0.063,
14:04:33.00,24-07-14,28.169356166666667°„N,104.81065616666666°„E,628.8,0.039,
14:04:34.00,24-07-14,28.169356333333333°„N,104.81065616666666°„E,628.8,0.027,
14:04:35.00,24-07-14,28.169356333333333°„N,104.81065633333333°„E,628.8,0.037,
14:04:36.00,24-07-14,28.169356333333333°„N,104.81065633333333°„E,628.8,0.010,
14:04:37.00,24-07-14,28.1693565°„N,104.8106565°„E,628.8,0.039,
14:04:38.00,24-07-14,28.1693565°„N,104.8106565°„E,628.8,0.013,
14:04:39.00,24-07-14,28.1693565°„N,104.81065666666667°„E,628.7,0.050,
14:04:40.00,24-07-14,28.169355°„N,104.81065816666667°„E,628.7,1.051,123.90
14:04:41.00,24-07-14,28.1693525°„N,104.8106605°„E,628.7,1.427,134.12
14:04:42.00,24-07-14,28.169350166666668°„N,104.81066283333334°„E,628.7,1.195,136.21
14:04:43.00,24-07-14,28.169347666666667°„N,104.81066533333333°„E,628.7,1.344,137.60
14:04:44.00,24-07-14,28.169345333333332°„N,104.81066766666666°„E,628.7,1.271,137.59
14:04:45.00,24-07-14,28.169343833333333°„N,104.81066916666667°„E,628.7,0.590,137.58
14:04:46.00,24-07-14,28.1693435°„N,104.8106695°„E,628.8,0.038,
14:04:47.00,24-07-14,28.1693435°„N,104.8106695°„E,628.8,0.007,
14:04:48.00,24-07-14,28.169343333333334°„N,104.81066966666667°„E,628.8,0.007,
14:04:49.00,24-07-14,28.169343333333334°„N,104.8106695°„E,628.8,0.031,
14:04:50.00,24-07-14,28.1693435°„N,104.8106695°„E,628.8,0.043,
14:04:51.00,24-07-14,28.1693435°„N,104.81066933333334°„E,628.8,0.023,
14:04:52.00,24-07-14,28.1693435°„N,104.81066916666667°„E,628.8,0.093,
14:04:53.00,24-07-14,28.16934283333333°„N,104.81066966666667°„E,628.7,0.504,141.70
14:04:54.00,24-07-14,28.169341333333332°„N,104.810671°„E,628.7,0.888,143.19
14:04:55.00,24-07-14,28.16934°„N,104.81067216666666°„E,628.7,0.580,143.69
14:04:56.00,24-07-14,28.169339666666666°„N,104.81067233333333°„E,628.7,0.054,
14:04:57.00,24-07-14,28.169340166666668°„N,104.81067183333333°„E,628.7,0.384,
14:04:58.00,24-07-14,28.169342333333333°„N,104.81066983333334°„E,628.7,1.530,298.74
14:04:59.00,24-07-14,28.169346833333332°„N,104.8106655°„E,628.6,2.591,313.45
14:05:00.00,24-07-14,28.1693535°„N,104.81066033333333°„E,628.6,3.487,322.83
14:05:01.00,24-07-14,28.169362666666668°„N,104.81065433333333°„E,628.6,4.505,328.64
14:05:02.00,24-07-14,28.169375166666665°„N,104.81064866666667°„E,628.6,5.746,337.32
14:05:03.00,24-07-14,28.169390666666665°„N,104.8106455°„E,628.6,6.529,348.81
14:05:04.00,24-07-14,28.1694065°„N,104.8106475°„E,628.6,6.365,4.75
14:05:05.00,24-07-14,28.169420666666667°„N,104.81065433333333°„E,628.6,6.172,20.81
14:05:06.00,24-07-14,28.169430833333333°„N,104.810664°„E,628.6,5.060,35.22
14:05:07.00,24-07-14,28.169434833333334°„N,104.810669°„E,628.6,1.291,36.73
14:05:08.00,24-07-14,28.169435333333332°„N,104.81066983333334°„E,628.6,0.031,
14:05:09.00,24-07-14,28.169435333333332°„N,104.81066966666667°„E,628.6,0.060,
14:05:10.00,24-07-14,28.169434333333335°„N,104.81066866666667°„E,628.6,0.668,0.38
14:05:11.00,24-07-14,28.169432°„N,104.81066683333333°„E,628.5,1.412,240.78
14:05:12.00,24-07-14,28.169428°„N,104.81066416666667°„E,628.5,1.962,221.62
14:05:13.00,24-07-14,28.169423333333334°„N,104.81066033333333°„E,628.5,2.432,218.97
14:05:14.00,24-07-14,28.1694185°„N,104.810655°„E,628.5,2.820,223.46
14:05:15.00,24-07-14,28.169415°„N,104.81064966666666°„E,628.5,2.182,228.61
14:05:16.00,24-07-14,28.169412333333334°„N,104.81064433333333°„E,628.5,2.205,236.36
14:05:17.00,24-07-14,28.169410166666665°„N,104.81063883333333°„E,628.5,2.145,243.41
14:05:18.00,24-07-14,28.169409166666668°„N,104.81063516666667°„E,628.5,1.047,245.96
14:05:19.00,24-07-14,28.169408833333332°„N,104.81063433333334°„E,628.5,0.030,
14:05:20.00,24-07-14,28.169408666666666°„N,104.81063683333333°„E,628.5,1.237,150.76
14:05:21.00,24-07-14,28.169407333333332°„N,104.810643°„E,628.5,2.667,112.77
14:05:22.00,24-07-14,28.169403°„N,104.8106525°„E,628.5,4.240,117.52
14:05:23.00,24-07-14,28.16939483333333°„N,104.81066416666667°„E,628.4,5.722,127.88
14:05:24.00,24-07-14,28.169382333333335°„N,104.81067683333333°„E,628.4,7.084,137.48
14:05:25.00,24-07-14,28.169366166666666°„N,104.81068933333333°„E,628.4,8.180,145.56
14:05:26.00,24-07-14,28.169348333333332°„N,104.810702°„E,628.4,8.488,147.92
14:05:27.00,24-07-14,28.169331666666668°„N,104.8107145°„E,628.4,7.760,146.05
14:05:28.00,24-07-14,28.169318166666667°„N,104.81072483333334°„E,628.4,5.936,146.16
14:05:29.00,24-07-14,28.169307833333335°„N,104.81073516666666°„E,628.4,5.276,139.12
14:05:30.00,24-07-14,28.169298166666668°„N,104.81074283333334°„E,628.4,4.534,145.59
14:05:31.00,24-07-14,28.169288°„N,104.8107495°„E,628.4,4.832,147.99
14:05:32.00,24-07-14,28.169277166666667°„N,104.81075466666667°„E,628.4,4.707,155.52
14:05:33.00,24-07-14,28.169264833333333°„N,104.810758°„E,628.4,5.276,164.35
14:05:34.00,24-07-14,28.169248333333332°„N,104.8107595°„E,628.5,7.175,175.16
14:05:35.00,24-07-14,28.16922883333333°„N,104.81075833333334°„E,628.5,8.098,183.00
14:05:36.00,24-07-14,28.169207333333333°„N,104.8107555°„E,628.5,8.796,186.51
14:05:37.00,24-07-14,28.169181666666667°„N,104.81075283333334°„E,628.4,10.948,184.79
14:05:38.00,24-07-14,28.169150333333334°„N,104.81075°„E,628.1,13.196,184.45
14:05:39.00,24-07-14,28.169112166666668°„N,104.810748°„E,627.8,16.074,182.17
14:05:40.00,24-07-14,28.169067166666668°„N,104.81074816666667°„E,627.4,18.753,178.95
14:05:41.00,24-07-14,28.169015833333333°„N,104.81075216666666°„E,626.9,21.351,174.76
14:05:42.00,24-07-14,28.168959°„N,104.81076066666667°„E,626.4,23.619,171.49
14:05:43.00,24-07-14,28.168896666666665°„N,104.81076966666667°„E,625.8,25.679,173.04
14:05:44.00,24-07-14,28.168829166666665°„N,104.8107755°„E,625.3,27.645,176.33
14:05:45.00,24-07-14,28.168756666666667°„N,104.81077633333334°„E,624.8,29.444,180.43
14:05:46.00,24-07-14,28.16868°„N,104.81076983333334°„E,624.3,31.275,185.77
14:05:47.00,24-07-14,28.168599666666665°„N,104.81075483333333°„E,623.8,33.064,190.92
14:05:48.00,24-07-14,28.168517333333334°„N,104.8107305°„E,623.3,34.329,196.26
14:05:49.00,24-07-14,28.168435833333334°„N,104.81069766666667°„E,622.8,34.681,201.03
14:05:50.00,24-07-14,28.168359166666665°„N,104.810661°„E,622.3,32.523,203.93
14:05:51.00,24-07-14,28.168289166666668°„N,104.8106245°„E,621.8,30.032,205.32
14:05:52.00,24-07-14,28.168224666666667°„N,104.81058933333334°„E,621.3,27.913,206.04
14:05:53.00,24-07-14,28.1681675°„N,104.81055683333334°„E,620.8,24.461,206.87
14:05:54.00,24-07-14,28.168120833333333°„N,104.810531°„E,620.4,19.096,205.93
14:05:55.00,24-07-14,28.168083833333334°„N,104.81051016666666°„E,620.1,15.406,207.05
14:05:56.00,24-07-14,28.168053166666667°„N,104.81049266666666°„E,619.8,12.889,206.49
14:05:57.00,24-07-14,28.168025166666666°„N,104.81047683333334°„E,619.6,12.273,206.73
14:05:58.00,24-07-14,28.167996166666665°„N,104.81046033333334°„E,619.4,13.156,206.93
14:05:59.00,24-07-14,28.167964166666668°„N,104.810442°„E,619.1,14.720,206.76
14:06:00.00,24-07-14,28.167929166666667°„N,104.8104215°„E,618.9,16.132,207.57
14:06:01.00,24-07-14,28.1678915°„N,104.810398°„E,618.6,17.614,209.31
14:06:02.00,24-07-14,28.167851333333335°„N,104.810371°„E,618.2,19.098,211.22
14:06:03.00,24-07-14,28.167808°„N,104.81034166666667°„E,617.8,20.489,210.96
14:06:04.00,24-07-14,28.167761833333333°„N,104.810311°„E,617.4,21.646,210.07
14:06:05.00,24-07-14,28.167712666666667°„N,104.81027966666667°„E,617.0,22.868,209.35
14:06:06.00,24-07-14,28.167660666666666°„N,104.810247°„E,616.6,24.054,209.08
14:06:07.00,24-07-14,28.1676065°„N,104.81021283333334°„E,616.2,25.040,209.11
14:06:08.00,24-07-14,28.167551°„N,104.810178°„E,615.7,25.378,208.87
14:06:09.00,24-07-14,28.16749383333333°„N,104.81014283333333°„E,615.3,26.144,208.46
14:06:10.00,24-07-14,28.1674355°„N,104.81010733333333°„E,614.8,26.519,208.16
14:06:11.00,24-07-14,28.167378°„N,104.810072°„E,614.4,25.825,208.53
14:06:12.00,24-07-14,28.167322166666665°„N,104.81003749999999°„E,613.9,25.134,208.76
14:06:13.00,24-07-14,28.167267166666665°„N,104.81000366666666°„E,613.5,24.931,208.62
14:06:14.00,24-07-14,28.167212666666668°„N,104.80997°„E,613.1,24.661,208.82
14:06:15.00,24-07-14,28.167158833333332°„N,104.8099365°„E,612.7,24.473,208.84
14:06:16.00,24-07-14,28.1671055°„N,104.80990366666667°„E,612.3,24.146,208.63
14:06:17.00,24-07-14,28.167053166666665°„N,104.809872°„E,611.9,23.453,208.22
14:06:18.00,24-07-14,28.167001666666668°„N,104.80984083333334°„E,611.6,23.214,208.18
14:06:19.00,24-07-14,28.166950333333332°„N,104.80980983333333°„E,611.3,23.239,208.11
14:06:20.00,24-07-14,28.166898833333335°„N,104.80977866666667°„E,610.9,23.272,208.26
14:06:21.00,24-07-14,28.166847833333332°„N,104.80974766666667°„E,610.5,23.040,208.36
14:06:22.00,24-07-14,28.166796833333333°„N,104.80971666666667°„E,610.2,23.137,208.38
14:06:23.00,24-07-14,28.166745333333335°„N,104.80968516666667°„E,609.8,23.457,208.50
14:06:24.00,24-07-14,28.166693333333335°„N,104.80965366666666°„E,609.4,23.571,208.27
14:06:25.00,24-07-14,28.166641°„N,104.80962183333334°„E,609.0,23.724,208.45
14:06:26.00,24-07-14,28.1665885°„N,104.8095895°„E,608.6,23.880,208.61
14:06:27.00,24-07-14,28.166536166666667°„N,104.8095575°„E,608.2,23.689,208.39
14:06:28.00,24-07-14,28.166485°„N,104.809526°„E,607.8,22.978,208.66
14:06:29.00,24-07-14,28.1664355°„N,104.80949533333333°„E,607.5,22.359,208.89
14:06:30.00,24-07-14,28.1663865°„N,104.80946483333334°„E,607.1,22.234,208.86
14:06:31.00,24-07-14,28.166338166666666°„N,104.80943433333333°„E,606.7,22.096,209.38
14:06:32.00,24-07-14,28.166290166666666°„N,104.809403°„E,606.4,22.115,210.33
14:06:33.00,24-07-14,28.16624283333333°„N,104.80937116666666°„E,606.0,21.906,211.17
14:06:34.00,24-07-14,28.166196°„N,104.809339°„E,605.7,21.807,211.33
14:06:35.00,24-07-14,28.1661495°„N,104.80930583333334°„E,605.4,21.977,212.70
14:06:36.00,24-07-14,28.166103666666668°„N,104.80927066666666°„E,604.9,22.141,214.77
14:06:37.00,24-07-14,28.166058666666668°„N,104.80923316666667°„E,604.6,22.359,217.05
14:06:38.00,24-07-14,28.166015°„N,104.80919266666666°„E,604.2,22.622,220.55
14:06:39.00,24-07-14,28.165972833333335°„N,104.8091485°„E,603.8,23.081,223.81
14:06:40.00,24-07-14,28.165932°„N,104.8091°„E,603.4,23.900,227.36
14:06:41.00,24-07-14,28.165892833333334°„N,104.80904816666667°„E,603.1,24.112,230.60
14:06:42.00,24-07-14,28.1658565°„N,104.80899416666666°„E,602.8,23.965,233.74
14:06:43.00,24-07-14,28.165823333333332°„N,104.8089385°„E,602.5,23.583,237.14
14:06:44.00,24-07-14,28.165793666666666°„N,104.80888133333333°„E,602.2,23.324,240.75
14:06:45.00,24-07-14,28.165767833333334°„N,104.80882283333334°„E,602.0,23.059,244.76
14:06:46.00,24-07-14,28.165745166666667°„N,104.80876233333333°„E,601.8,23.204,248.05
14:06:47.00,24-07-14,28.165726°„N,104.80870016666667°„E,601.6,23.257,252.14
14:06:48.00,24-07-14,28.165711333333334°„N,104.80863666666667°„E,601.4,23.224,256.64
14:06:49.00,24-07-14,28.165700833333332°„N,104.80857216666666°„E,601.1,23.148,260.79
14:06:50.00,24-07-14,28.165693666666666°„N,104.80850733333334°„E,600.9,23.035,263.96
14:06:51.00,24-07-14,28.165689666666665°„N,104.80844216666667°„E,600.7,23.112,267.01
14:06:52.00,24-07-14,28.1656885°„N,104.8083765°„E,600.6,23.307,269.73
14:06:53.00,24-07-14,28.165690166666668°„N,104.80831066666667°„E,600.4,23.201,272.88
14:06:54.00,24-07-14,28.165695333333332°„N,104.80824583333333°„E,600.3,22.984,276.01
14:06:55.00,24-07-14,28.165703°„N,104.80818183333334°„E,600.2,22.749,278.74
14:06:56.00,24-07-14,28.165713166666666°„N,104.8081185°„E,600.0,22.693,280.96
14:06:57.00,24-07-14,28.165724833333332°„N,104.808056°„E,599.9,22.588,282.32
14:06:58.00,24-07-14,28.1657375°„N,104.80799333333333°„E,599.7,22.778,283.37
14:06:59.00,24-07-14,28.165750833333334°„N,104.8079305°„E,599.5,22.851,283.64
14:07:00.00,24-07-14,28.165764666666668°„N,104.807868°„E,599.4,22.798,284.42
14:07:01.00,24-07-14,28.165778666666668°„N,104.80780583333333°„E,599.3,22.613,284.56
14:07:02.00,24-07-14,28.165792833333334°„N,104.80774366666667°„E,599.3,22.683,284.48
14:07:03.00,24-07-14,28.1658075°„N,104.8076805°„E,599.1,23.231,284.76
14:07:04.00,24-07-14,28.165823166666666°„N,104.80761516666666°„E,598.9,24.236,285.12
14:07:05.00,24-07-14,28.165839166666668°„N,104.80754933333333°„E,598.7,24.123,285.44
14:07:06.00,24-07-14,28.1658555°„N,104.80748233333334°„E,598.4,24.732,285.14
14:07:07.00,24-07-14,28.165871666666668°„N,104.8074145°„E,598.2,24.914,284.87
14:07:08.00,24-07-14,28.165888166666665°„N,104.80734516666666°„E,598.0,25.604,285.07
14:07:09.00,24-07-14,28.165904833333332°„N,104.8072735°„E,597.7,26.427,284.38
14:07:10.00,24-07-14,28.1659215°„N,104.8072005°„E,597.5,26.852,284.36
14:07:11.00,24-07-14,28.165938333333333°„N,104.8071265°„E,597.2,27.114,284.41
14:07:12.00,24-07-14,28.165955166666667°„N,104.80705216666667°„E,597.0,27.114,284.29
14:07:13.00,24-07-14,28.165972166666666°„N,104.80697766666667°„E,596.7,27.281,284.27
14:07:14.00,24-07-14,28.165988833333333°„N,104.80690266666667°„E,596.5,27.390,283.96
14:07:15.00,24-07-14,28.166004333333333°„N,104.80682816666666°„E,596.2,26.852,282.91
14:07:16.00,24-07-14,28.166018166666667°„N,104.806755°„E,596.0,26.355,281.65
14:07:17.00,24-07-14,28.166030166666665°„N,104.8066805°„E,595.8,26.916,279.71
14:07:18.00,24-07-14,28.166039666666666°„N,104.80660483333334°„E,595.6,27.088,277.33
14:07:19.00,24-07-14,28.166046333333334°„N,104.80652816666667°„E,595.3,27.305,275.05
14:07:20.00,24-07-14,28.166049666666666°„N,104.8064495°„E,595.0,28.099,271.77
14:07:21.00,24-07-14,28.166048666666665°„N,104.80637°„E,594.8,28.130,268.08
14:07:22.00,24-07-14,28.166042833333332°„N,104.80629266666666°„E,594.6,27.275,263.91
14:07:23.00,24-07-14,28.166032166666668°„N,104.80621766666667°„E,594.3,26.648,259.82
14:07:24.00,24-07-14,28.166018166666667°„N,104.80614433333334°„E,594.0,26.493,257.03
14:07:25.00,24-07-14,28.1660005°„N,104.8060705°„E,593.8,27.182,254.16
14:07:26.00,24-07-14,28.1659795°„N,104.80599733333334°„E,593.6,27.158,251.20
14:07:27.00,24-07-14,28.1659535°„N,104.80592483333334°„E,593.4,27.828,246.97
14:07:28.00,24-07-14,28.165921833333332°„N,104.80585233333333°„E,593.2,28.907,242.46
14:07:29.00,24-07-14,28.165884166666668°„N,104.80577983333333°„E,593.0,29.964,238.48
14:07:30.00,24-07-14,28.1658415°„N,104.80570783333333°„E,592.7,30.917,235.33
14:07:31.00,24-07-14,28.16579533333333°„N,104.8056355°„E,592.5,31.672,233.97
14:07:32.00,24-07-14,28.16574616666667°„N,104.80556266666666°„E,592.2,32.601,232.09
14:07:33.00,24-07-14,28.165693666666666°„N,104.80548933333333°„E,591.8,33.590,230.63
14:07:34.00,24-07-14,28.16564°„N,104.8054165°„E,591.4,33.378,230.17
14:07:35.00,24-07-14,28.165586333333334°„N,104.8053445°„E,591.1,33.184,229.87
14:07:36.00,24-07-14,28.165531833333333°„N,104.805272°„E,590.8,33.736,229.65
14:07:37.00,24-07-14,28.165476166666668°„N,104.805198°„E,590.6,34.544,229.76
14:07:38.00,24-07-14,28.165419°„N,104.80512216666666°„E,590.2,35.378,229.57
14:07:39.00,24-07-14,28.16536066666667°„N,104.8050445°„E,589.9,36.222,229.92
14:07:40.00,24-07-14,28.165301833333334°„N,104.804966°„E,589.5,36.344,229.72
14:07:41.00,24-07-14,28.165243166666666°„N,104.80488866666667°„E,589.2,35.735,229.28
14:07:42.00,24-07-14,28.165185166666667°„N,104.80481316666666°„E,588.8,35.157,229.01
14:07:43.00,24-07-14,28.165127333333334°„N,104.80473833333333°„E,588.4,35.037,228.94
14:07:44.00,24-07-14,28.165069333333335°„N,104.804663°„E,587.9,35.304,229.07
14:07:45.00,24-07-14,28.165011166666666°„N,104.804587°„E,587.5,35.570,229.18
14:07:46.00,24-07-14,28.164952166666666°„N,104.8045095°„E,587.1,36.282,229.37
14:07:47.00,24-07-14,28.164892166666668°„N,104.80443016666666°„E,586.6,37.052,229.52
14:07:48.00,24-07-14,28.164830666666667°„N,104.80434883333334°„E,586.0,38.037,229.48
14:07:49.00,24-07-14,28.1647675°„N,104.80426583333333°„E,585.4,38.855,229.36
14:07:50.00,24-07-14,28.164704°„N,104.804182°„E,584.8,38.927,229.52
14:07:51.00,24-07-14,28.1646405°„N,104.80409866666666°„E,584.1,38.802,229.22
14:07:52.00,24-07-14,28.164576833333335°„N,104.80401583333334°„E,583.5,38.745,229.06
14:07:53.00,24-07-14,28.164513166666666°„N,104.80393333333333°„E,582.9,38.623,229.00
14:07:54.00,24-07-14,28.164449833333332°„N,104.80385133333333°„E,582.2,38.307,229.05
14:07:55.00,24-07-14,28.164387166666668°„N,104.80376983333333°„E,581.7,38.080,229.21
14:07:56.00,24-07-14,28.164325166666668°„N,104.80368916666667°„E,581.1,37.636,229.11
14:07:57.00,24-07-14,28.164264166666666°„N,104.80361°„E,580.5,36.842,229.03
14:07:58.00,24-07-14,28.164203166666667°„N,104.80353316666667°„E,579.9,36.319,227.81
14:07:59.00,24-07-14,28.164140166666666°„N,104.80345933333334°„E,579.4,36.165,225.40
14:08:00.00,24-07-14,28.164075333333333°„N,104.8033885°„E,578.8,35.897,223.45
14:08:01.00,24-07-14,28.164007666666667°„N,104.80332133333333°„E,578.2,35.913,220.56
14:08:02.00,24-07-14,28.163937666666666°„N,104.8032575°„E,577.6,35.898,218.20
14:08:03.00,24-07-14,28.1638645°„N,104.803198°„E,577.0,35.948,214.87
14:08:04.00,24-07-14,28.163788666666665°„N,104.80314316666667°„E,576.4,35.913,211.64
14:08:05.00,24-07-14,28.163710666666667°„N,104.80309183333334°„E,575.8,36.049,209.80
14:08:06.00,24-07-14,28.163630166666668°„N,104.80304216666667°„E,575.2,36.822,208.04
14:08:07.00,24-07-14,28.163545833333334°„N,104.80299283333333°„E,574.6,38.433,207.16
14:08:08.00,24-07-14,28.1634585°„N,104.80294316666667°„E,574.1,39.227,206.49
14:08:09.00,24-07-14,28.163372°„N,104.80289533333334°„E,573.5,38.116,205.96
14:08:10.00,24-07-14,28.163287333333333°„N,104.80284933333333°„E,572.9,37.153,205.73
14:08:11.00,24-07-14,28.163204°„N,104.8028045°„E,572.4,36.717,205.48
14:08:12.00,24-07-14,28.163121833333335°„N,104.80276°„E,572.0,36.201,205.71
14:08:13.00,24-07-14,28.163041166666666°„N,104.80271583333334°„E,571.6,35.632,205.90
14:08:14.00,24-07-14,28.1629615°„N,104.80267216666667°„E,571.2,35.140,206.00
14:08:15.00,24-07-14,28.162882°„N,104.80262816666666°„E,570.9,35.385,206.13
14:08:16.00,24-07-14,28.162801°„N,104.8025835°„E,570.6,36.203,206.18
14:08:17.00,24-07-14,28.162719166666665°„N,104.8025385°„E,570.3,36.266,205.82
14:08:18.00,24-07-14,28.162638666666666°„N,104.8024945°„E,570.0,35.477,205.89
14:08:19.00,24-07-14,28.16256°„N,104.80245133333334°„E,569.8,34.713,205.95
14:08:20.00,24-07-14,28.162483166666668°„N,104.8024095°„E,569.5,33.711,205.75
14:08:21.00,24-07-14,28.162408666666668°„N,104.80236883333333°„E,569.3,32.798,205.91
14:08:22.00,24-07-14,28.162335666666667°„N,104.80232916666667°„E,569.1,32.083,205.75
14:08:23.00,24-07-14,28.1622625°„N,104.80228883333334°„E,568.9,32.665,206.19
14:08:24.00,24-07-14,28.1621875°„N,104.80224783333334°„E,568.6,33.456,205.67
14:08:25.00,24-07-14,28.162111666666668°„N,104.80220683333333°„E,568.4,33.496,205.53
14:08:26.00,24-07-14,28.16203683333333°„N,104.80216683333333°„E,568.1,32.783,205.36
14:08:27.00,24-07-14,28.161963666666665°„N,104.8021275°„E,567.8,32.160,205.53
14:08:28.00,24-07-14,28.1618915°„N,104.80208866666666°„E,567.5,31.687,205.45
14:08:29.00,24-07-14,28.161820333333335°„N,104.80205°„E,567.1,31.432,205.83
14:08:30.00,24-07-14,28.161748666666668°„N,104.802011°„E,566.7,31.782,205.78
14:08:31.00,24-07-14,28.161675166666665°„N,104.8019705°„E,566.2,33.018,206.04
14:08:32.00,24-07-14,28.161599°„N,104.8019295°„E,565.6,33.859,205.41
14:08:33.00,24-07-14,28.161522°„N,104.80188833333334°„E,565.1,34.037,205.25
14:08:34.00,24-07-14,28.161444166666666°„N,104.80184783333333°„E,564.4,34.246,204.59
14:08:35.00,24-07-14,28.1613655°„N,104.80180816666666°„E,563.8,34.378,203.97
14:08:36.00,24-07-14,28.161287°„N,104.80177066666667°„E,563.2,33.858,202.49
14:08:37.00,24-07-14,28.161209333333332°„N,104.80173683333334°„E,562.6,32.910,200.58
14:08:38.00,24-07-14,28.161132666666667°„N,104.801708°„E,562.0,31.945,197.38
14:08:39.00,24-07-14,28.161055833333332°„N,104.801686°„E,561.4,31.564,193.01
14:08:40.00,24-07-14,28.160977°„N,104.80167016666667°„E,560.8,32.082,188.81
14:08:41.00,24-07-14,28.160896166666667°„N,104.801661°„E,560.2,32.584,184.55
14:08:42.00,24-07-14,28.160813166666667°„N,104.80165733333334°„E,559.4,33.255,181.10
14:08:43.00,24-07-14,28.1607295°„N,104.80165966666667°„E,558.9,33.529,177.79
14:08:44.00,24-07-14,28.160644666666666°„N,104.80166716666666°„E,558.1,34.100,174.66
14:08:45.00,24-07-14,28.160559666666668°„N,104.80168133333333°„E,557.4,34.360,170.64
14:08:46.00,24-07-14,28.160475833333333°„N,104.80170133333333°„E,556.7,34.065,166.95
14:08:47.00,24-07-14,28.160394666666665°„N,104.80172716666667°„E,556.2,33.507,163.24
14:08:48.00,24-07-14,28.160315166666667°„N,104.801756°„E,555.6,33.180,161.77
14:08:49.00,24-07-14,28.160236166666667°„N,104.80178616666667°„E,554.9,33.306,161.07
14:08:50.00,24-07-14,28.160156333333333°„N,104.80181733333333°„E,554.2,33.806,160.69
14:08:51.00,24-07-14,28.160075833333334°„N,104.80185°„E,553.7,34.257,159.94
14:08:52.00,24-07-14,28.159994°„N,104.80188333333334°„E,552.9,34.814,160.13
14:08:53.00,24-07-14,28.159911166666667°„N,104.80191666666667°„E,552.1,35.242,160.26
14:08:54.00,24-07-14,28.159827333333332°„N,104.8019505°„E,551.4,35.580,160.37
14:08:55.00,24-07-14,28.159742833333333°„N,104.80198433333334°„E,550.8,35.838,160.41
14:08:56.00,24-07-14,28.159657833333334°„N,104.80201833333334°„E,550.2,36.026,160.65
14:08:57.00,24-07-14,28.159572833333332°„N,104.802052°„E,549.3,35.852,160.59
14:08:58.00,24-07-14,28.159488°„N,104.80208566666667°„E,548.9,35.835,160.70
14:08:59.00,24-07-14,28.159403833333332°„N,104.80211883333334°„E,548.4,35.481,160.86
14:09:00.00,24-07-14,28.159320666666666°„N,104.80215166666666°„E,548.0,34.944,160.63
14:09:01.00,24-07-14,28.1592395°„N,104.80218466666666°„E,547.7,34.217,160.02
14:09:02.00,24-07-14,28.159161833333332°„N,104.80221666666667°„E,547.3,32.375,159.94
14:09:03.00,24-07-14,28.159089°„N,104.802249°„E,547.1,30.731,158.07
14:09:04.00,24-07-14,28.159021166666665°„N,104.80228416666667°„E,547.0,29.370,154.26
14:09:05.00,24-07-14,28.158961666666666°„N,104.8023235°„E,547.3,26.693,148.25
14:09:06.00,24-07-14,28.158910666666667°„N,104.8023655°„E,547.1,24.637,141.79
14:09:07.00,24-07-14,28.158869°„N,104.8024125°„E,547.0,23.154,132.32
14:09:08.00,24-07-14,28.158836333333333°„N,104.80246366666667°„E,546.8,22.090,122.77
14:09:09.00,24-07-14,28.15881316666667°„N,104.80251666666666°„E,546.5,20.595,113.23
14:09:10.00,24-07-14,28.158797°„N,104.80257°„E,546.4,19.740,107.15
14:09:11.00,24-07-14,28.1587825°„N,104.80262083333334°„E,546.3,18.571,107.92
14:09:12.00,24-07-14,28.158767333333333°„N,104.80266816666666°„E,546.2,17.558,110.84
14:09:13.00,24-07-14,28.158751°„N,104.8027125°„E,546.1,16.881,112.91
14:09:14.00,24-07-14,28.158735333333333°„N,104.80275633333333°„E,545.9,16.706,111.53
14:09:15.00,24-07-14,28.158723°„N,104.8028015°„E,545.4,16.777,105.35
14:09:16.00,24-07-14,28.158715833333332°„N,104.80285133333334°„E,544.8,18.427,97.03
14:09:17.00,24-07-14,28.158715666666666°„N,104.8029065°„E,544.3,20.134,87.91
14:09:18.00,24-07-14,28.158724166666666°„N,104.80296466666667°„E,543.9,21.194,78.06
14:09:19.00,24-07-14,28.158742333333333°„N,104.80302233333333°„E,543.5,21.916,67.63
14:09:20.00,24-07-14,28.158768833333333°„N,104.803077°„E,543.0,22.110,59.08
14:09:21.00,24-07-14,28.1588015°„N,104.80312716666667°„E,542.6,22.111,51.87
14:09:22.00,24-07-14,28.158840166666668°„N,104.80317166666667°„E,542.0,22.098,42.98
14:09:23.00,24-07-14,28.158885°„N,104.8032095°„E,541.5,22.555,34.53
14:09:24.00,24-07-14,28.158934666666667°„N,104.80323933333334°„E,541.0,22.475,25.83
14:09:25.00,24-07-14,28.158987166666666°„N,104.803262°„E,540.6,22.451,19.35
14:09:26.00,24-07-14,28.1590405°„N,104.80328066666667°„E,540.2,22.192,16.41
14:09:27.00,24-07-14,28.1590925°„N,104.8032985°„E,539.8,21.497,17.40
14:09:28.00,24-07-14,28.159143666666665°„N,104.803317°„E,539.4,21.350,18.20
14:09:29.00,24-07-14,28.159194833333334°„N,104.80333716666667°„E,539.1,21.715,19.91
14:09:30.00,24-07-14,28.159246666666668°„N,104.8033575°„E,538.7,21.971,19.17
14:09:31.00,24-07-14,28.1592995°„N,104.803377°„E,538.3,22.292,17.86
14:09:32.00,24-07-14,28.159353666666668°„N,104.80339483333333°„E,537.9,22.573,15.70
14:09:33.00,24-07-14,28.159408833333334°„N,104.80341°„E,537.5,22.643,13.14
14:09:34.00,24-07-14,28.159463666666667°„N,104.80342066666667°„E,537.1,22.052,8.44
14:09:35.00,24-07-14,28.159519333333332°„N,104.80342633333333°„E,536.7,22.414,4.01
14:09:36.00,24-07-14,28.159576333333334°„N,104.80342716666667°„E,536.3,22.905,359.74
14:09:37.00,24-07-14,28.1596355°„N,104.80342533333334°„E,535.7,23.819,358.05
14:09:38.00,24-07-14,28.159696833333335°„N,104.80342133333333°„E,535.1,24.896,356.29
14:09:39.00,24-07-14,28.159760333333335°„N,104.80341483333333°„E,534.4,25.718,354.54
14:09:40.00,24-07-14,28.159826333333335°„N,104.80340883333334°„E,533.9,26.675,355.42
14:09:41.00,24-07-14,28.159894°„N,104.803403°„E,533.4,27.219,355.80
14:09:42.00,24-07-14,28.159962833333335°„N,104.80340016666666°„E,532.8,27.725,359.06
14:09:43.00,24-07-14,28.160032833333332°„N,104.803402°„E,532.3,28.030,2.00
14:09:44.00,24-07-14,28.160102°„N,104.80340933333333°„E,531.7,27.711,6.78
14:09:45.00,24-07-14,28.160169°„N,104.80342416666667°„E,531.1,27.128,13.13
14:09:46.00,24-07-14,28.160232833333332°„N,104.8034455°„E,530.5,26.424,17.83
14:09:47.00,24-07-14,28.160295166666668°„N,104.80347266666666°„E,530.0,26.893,22.55
14:09:48.00,24-07-14,28.160355666666668°„N,104.80350633333333°„E,529.4,27.005,27.56
14:09:49.00,24-07-14,28.160414833333334°„N,104.8035455°„E,528.8,27.555,31.34
14:09:50.00,24-07-14,28.160471°„N,104.80358883333334°„E,528.6,26.931,35.59
14:09:51.00,24-07-14,28.160524333333335°„N,104.8036335°„E,528.1,26.387,36.81
14:09:52.00,24-07-14,28.160575833333333°„N,104.80367766666667°„E,527.6,25.545,37.27
14:09:53.00,24-07-14,28.160625°„N,104.80372116666666°„E,527.2,24.609,38.27
14:09:54.00,24-07-14,28.160672°„N,104.80376366666667°„E,526.7,23.756,39.04
14:09:55.00,24-07-14,28.160714833333333°„N,104.80380716666667°„E,526.4,22.686,43.24
14:09:56.00,24-07-14,28.160752666666667°„N,104.80385416666667°„E,526.2,22.407,49.31
14:09:57.00,24-07-14,28.160786°„N,104.80390583333333°„E,525.8,22.635,55.91
14:09:58.00,24-07-14,28.160813666666666°„N,104.80396133333333°„E,525.4,22.538,62.17
14:09:59.00,24-07-14,28.160835166666665°„N,104.80402050000001°„E,525.2,22.646,69.89
14:10:00.00,24-07-14,28.160849666666667°„N,104.804085°„E,524.9,23.964,77.92
14:10:01.00,24-07-14,28.160858666666666°„N,104.80415466666666°„E,524.6,25.296,83.09
14:10:02.00,24-07-14,28.16086333333333°„N,104.80422766666666°„E,524.3,26.079,86.86
14:10:03.00,24-07-14,28.16086616666667°„N,104.8043005°„E,524.0,25.675,87.87
14:10:04.00,24-07-14,28.160868333333333°„N,104.804373°„E,523.8,25.674,88.15
14:10:05.00,24-07-14,28.16087033333333°„N,104.804446°„E,523.5,25.891,88.10
14:10:06.00,24-07-14,28.1608725°„N,104.80451883333333°„E,523.2,25.692,88.20
14:10:07.00,24-07-14,28.160874°„N,104.80459033333334°„E,522.8,25.130,88.67
14:10:08.00,24-07-14,28.160875666666666°„N,104.804661°„E,522.4,24.928,88.39
14:10:09.00,24-07-14,28.160877°„N,104.80473133333334°„E,522.0,24.802,88.81
14:10:10.00,24-07-14,28.160878666666665°„N,104.80480233333333°„E,521.5,25.128,88.29
14:10:11.00,24-07-14,28.160880166666665°„N,104.804874°„E,520.9,25.449,88.86
14:10:12.00,24-07-14,28.160881833333335°„N,104.80494533333334°„E,520.3,25.140,88.25
14:10:13.00,24-07-14,28.160883166666668°„N,104.80501083333333°„E,519.8,22.344,88.79
14:10:14.00,24-07-14,28.160884666666668°„N,104.80506966666667°„E,519.4,20.193,88.13
14:10:15.00,24-07-14,28.160886°„N,104.80512416666667°„E,519.0,18.884,88.59
14:10:16.00,24-07-14,28.1608875°„N,104.80517833333333°„E,518.4,19.297,88.09
14:10:17.00,24-07-14,28.160889166666667°„N,104.80523466666666°„E,518.0,20.228,88.11
14:10:18.00,24-07-14,28.1608915°„N,104.8052945°„E,517.5,21.518,87.13
14:10:19.00,24-07-14,28.160894166666665°„N,104.80535666666667°„E,517.0,22.301,87.05
14:10:20.00,24-07-14,28.160897833333333°„N,104.80542133333333°„E,516.4,23.268,86.21
14:10:21.00,24-07-14,28.1609005°„N,104.80548733333333°„E,516.0,23.379,87.60
14:10:22.00,24-07-14,28.1609025°„N,104.80555483333333°„E,515.5,24.164,87.89
14:10:23.00,24-07-14,28.160906333333333°„N,104.80562283333333°„E,514.9,24.095,85.65
14:10:24.00,24-07-14,28.160909333333333°„N,104.80569166666666°„E,514.3,24.477,87.72
14:10:25.00,24-07-14,28.1609115°„N,104.80576116666667°„E,513.8,24.561,87.94
14:10:26.00,24-07-14,28.160914333333334°„N,104.80583033333333°„E,513.3,24.400,87.31
14:10:27.00,24-07-14,28.1609175°„N,104.80589866666666°„E,512.8,24.057,86.79
14:10:28.00,24-07-14,28.160921833333333°„N,104.80596583333333°„E,512.2,23.787,85.59
14:10:29.00,24-07-14,28.160929333333332°„N,104.80603166666667°„E,511.7,23.231,81.41
14:10:30.00,24-07-14,28.160942°„N,104.80609466666667°„E,511.2,22.690,75.54
14:10:31.00,24-07-14,28.160959166666668°„N,104.80615533333334°„E,510.8,22.390,71.02
14:10:32.00,24-07-14,28.1609805°„N,104.806213°„E,510.2,21.953,65.66
14:10:33.00,24-07-14,28.161004666666667°„N,104.80626383333333°„E,509.6,19.650,60.17
14:10:34.00,24-07-14,28.161025833333333°„N,104.80630033333334°„E,509.2,13.520,55.57
14:10:35.00,24-07-14,28.161041833333332°„N,104.80632533333333°„E,509.0,9.733,53.67
14:10:36.00,24-07-14,28.161055°„N,104.80634483333333°„E,508.7,8.066,52.55
14:10:37.00,24-07-14,28.1610675°„N,104.80636366666667°„E,508.5,8.342,53.22
14:10:38.00,24-07-14,28.1610815°„N,104.806385°„E,508.2,9.758,53.71
14:10:39.00,24-07-14,28.1610975°„N,104.80640933333333°„E,507.9,11.055,53.80
14:10:40.00,24-07-14,28.1611155°„N,104.806438°„E,507.6,12.929,54.59
14:10:41.00,24-07-14,28.16113633333333°„N,104.80647116666667°„E,507.2,14.939,54.73
14:10:42.00,24-07-14,28.161159166666668°„N,104.80650766666666°„E,506.7,16.039,54.66
14:10:43.00,24-07-14,28.161183166666667°„N,104.80654583333333°„E,506.4,16.649,54.61
14:10:44.00,24-07-14,28.1612085°„N,104.8065855°„E,505.9,17.607,54.08
14:10:45.00,24-07-14,28.161234°„N,104.80662733333334°„E,505.5,17.953,56.05
14:10:46.00,24-07-14,28.1612595°„N,104.80666816666667°„E,505.1,17.519,54.23
14:10:47.00,24-07-14,28.161284666666667°„N,104.80670833333333°„E,504.7,17.325,54.65
14:10:48.00,24-07-14,28.161310333333333°„N,104.80674983333333°„E,504.4,18.120,55.23
14:10:49.00,24-07-14,28.161337°„N,104.80679283333333°„E,504.0,18.674,54.87
14:10:50.00,24-07-14,28.1613645°„N,104.806837°„E,503.8,19.190,54.63
14:10:51.00,24-07-14,28.161392833333334°„N,104.80688316666667°„E,503.5,20.106,55.55
14:10:52.00,24-07-14,28.1614215°„N,104.8069325°„E,503.2,21.199,56.97
14:10:53.00,24-07-14,28.16145°„N,104.8069845°„E,503.0,21.700,58.43
14:10:54.00,24-07-14,28.161475666666668°„N,104.80703666666666°„E,502.8,20.768,62.04
14:10:55.00,24-07-14,28.161494666666666°„N,104.80708883333334°„E,502.6,19.643,69.81
14:10:56.00,24-07-14,28.161505166666668°„N,104.80714216666667°„E,502.3,19.279,80.40
14:10:57.00,24-07-14,28.161505833333333°„N,104.807198°„E,502.1,20.013,92.54
14:10:58.00,24-07-14,28.1614965°„N,104.80725516666666°„E,501.8,20.902,103.41
14:10:59.00,24-07-14,28.1614775°„N,104.8073115°„E,501.5,21.657,113.69
14:11:00.00,24-07-14,28.161449333333334°„N,104.80736333333333°„E,501.2,21.465,124.58
14:11:01.00,24-07-14,28.161413°„N,104.80740616666667°„E,500.9,20.876,137.25
14:11:02.00,24-07-14,28.161372166666666°„N,104.80743666666666°„E,500.7,19.115,150.28
14:11:03.00,24-07-14,28.161330166666666°„N,104.80745516666667°„E,500.4,17.583,162.12
14:11:04.00,24-07-14,28.1612865°„N,104.80746316666666°„E,500.1,17.728,173.96
14:11:05.00,24-07-14,28.1612425°„N,104.80746216666667°„E,499.8,17.568,183.77
14:11:06.00,24-07-14,28.161199833333335°„N,104.807452°„E,499.5,17.425,194.84
14:11:07.00,24-07-14,28.161158°„N,104.80743233333334°„E,499.2,18.411,205.33
14:11:08.00,24-07-14,28.161117°„N,104.807404°„E,498.9,19.498,213.62
14:11:09.00,24-07-14,28.161076833333333°„N,104.80736866666666°„E,498.5,20.680,219.36
14:11:10.00,24-07-14,28.16103783333333°„N,104.80732966666666°„E,498.2,20.920,222.36
14:11:11.00,24-07-14,28.1609995°„N,104.807289°„E,497.7,20.948,223.73
14:11:12.00,24-07-14,28.160961333333333°„N,104.80724716666667°„E,497.3,21.442,224.36
14:11:13.00,24-07-14,28.160923°„N,104.80720433333333°„E,496.9,21.474,225.00
14:11:14.00,24-07-14,28.160885333333333°„N,104.80716233333334°„E,496.4,21.042,224.50
14:11:15.00,24-07-14,28.1608485°„N,104.80712133333333°„E,496.0,20.443,224.93
14:11:16.00,24-07-14,28.160811166666665°„N,104.80707966666667°„E,495.5,21.224,224.62
14:11:17.00,24-07-14,28.160772°„N,104.80703533333333°„E,494.9,22.519,225.53
14:11:18.00,24-07-14,28.160731166666668°„N,104.80698816666667°„E,494.4,23.728,225.68
14:11:19.00,24-07-14,28.160689166666668°„N,104.80693933333333°„E,493.9,24.133,225.95
14:11:20.00,24-07-14,28.160645833333334°„N,104.80688933333333°„E,493.4,25.050,225.63
14:11:21.00,24-07-14,28.160600833333334°„N,104.80683766666667°„E,492.8,25.907,225.62
14:11:22.00,24-07-14,28.160554833333332°„N,104.80678516666667°„E,492.2,26.205,225.33
14:11:23.00,24-07-14,28.160508333333333°„N,104.8067325°„E,491.7,26.370,225.19
14:11:24.00,24-07-14,28.160462666666668°„N,104.806679°„E,491.2,26.195,226.51
14:11:25.00,24-07-14,28.160416166666668°„N,104.80662566666666°„E,490.7,26.557,225.34
14:11:26.00,24-07-14,28.160368°„N,104.806573°„E,489.9,26.768,223.72
14:11:27.00,24-07-14,28.160320666666667°„N,104.80652016666667°„E,489.5,26.503,225.28
14:11:28.00,24-07-14,28.160275666666667°„N,104.80646633333333°„E,489.2,26.084,227.10
14:11:29.00,24-07-14,28.160231666666668°„N,104.8064135°„E,489.0,25.377,226.78
14:11:30.00,24-07-14,28.160188666666667°„N,104.80636233333334°„E,488.9,24.695,226.47
14:11:31.00,24-07-14,28.1601465°„N,104.80631216666667°„E,488.7,24.389,226.53
14:11:32.00,24-07-14,28.1601045°„N,104.806263°„E,488.5,24.041,225.97
14:11:33.00,24-07-14,28.160061166666665°„N,104.8062155°„E,488.3,24.098,223.42
14:11:34.00,24-07-14,28.160016°„N,104.80617166666667°„E,488.2,23.603,219.69
14:11:35.00,24-07-14,28.159969°„N,104.80613183333334°„E,488.1,23.412,215.80
14:11:36.00,24-07-14,28.15991916666667°„N,104.8060945°„E,487.9,24.068,212.61
14:11:37.00,24-07-14,28.159866166666667°„N,104.80605916666667°„E,487.8,24.764,209.86
14:11:38.00,24-07-14,28.15981°„N,104.80602516666667°„E,487.5,25.673,207.62
14:11:39.00,24-07-14,28.159751833333335°„N,104.8059925°„E,487.1,26.080,206.02
14:11:40.00,24-07-14,28.1596945°„N,104.80596133333333°„E,486.9,25.221,205.49
14:11:41.00,24-07-14,28.159639333333335°„N,104.80593183333333°„E,486.7,23.931,205.36
14:11:42.00,24-07-14,28.159587666666667°„N,104.80590433333333°„E,486.5,22.371,204.93
14:11:43.00,24-07-14,28.159539°„N,104.80587816666667°„E,486.3,21.118,205.67
14:11:44.00,24-07-14,28.159492166666666°„N,104.80585266666667°„E,486.2,20.580,205.78
14:11:45.00,24-07-14,28.159446166666665°„N,104.80582766666667°„E,486.0,20.269,205.43
14:11:46.00,24-07-14,28.159399333333333°„N,104.80580316666666°„E,485.8,20.682,204.49
14:11:47.00,24-07-14,28.15935066666667°„N,104.80577916666667°„E,485.5,21.414,203.23
14:11:48.00,24-07-14,28.1593°„N,104.80575533333334°„E,485.3,22.140,202.27
14:11:49.00,24-07-14,28.159246833333334°„N,104.8057325°„E,485.1,23.001,200.34
14:11:50.00,24-07-14,28.159192333333333°„N,104.80571183333333°„E,484.8,23.008,197.88
14:11:51.00,24-07-14,28.159137166666667°„N,104.80569466666667°„E,484.5,22.781,194.33
14:11:52.00,24-07-14,28.159082166666668°„N,104.80568116666667°„E,484.3,22.351,191.48
14:11:53.00,24-07-14,28.159029°„N,104.8056715°„E,484.1,21.142,188.27
14:11:54.00,24-07-14,28.1589775°„N,104.80566516666667°„E,483.8,20.545,185.46
14:11:55.00,24-07-14,28.158925666666665°„N,104.80566166666667°„E,483.5,20.746,182.64
14:11:56.00,24-07-14,28.158872833333334°„N,104.805659°„E,483.2,21.275,182.58
14:11:57.00,24-07-14,28.158817°„N,104.805656°„E,483.0,22.775,182.86
14:11:58.00,24-07-14,28.158759333333332°„N,104.80565516666667°„E,482.7,23.187,179.93
14:11:59.00,24-07-14,28.158701666666666°„N,104.80565633333333°„E,482.5,22.977,178.80
14:12:00.00,24-07-14,28.158645333333332°„N,104.80565883333334°„E,482.3,22.354,177.06
14:12:01.00,24-07-14,28.158590333333333°„N,104.805662°„E,482.1,21.835,176.94
14:12:02.00,24-07-14,28.158536166666668°„N,104.80566516666667°„E,482.2,21.626,177.82
14:12:03.00,24-07-14,28.158482666666668°„N,104.805664°„E,481.9,21.155,181.71
14:12:04.00,24-07-14,28.158429°„N,104.80566116666667°„E,481.6,21.469,182.91
14:12:05.00,24-07-14,28.158375°„N,104.80565516666667°„E,481.1,21.809,186.24
14:12:06.00,24-07-14,28.158320333333332°„N,104.80564416666667°„E,480.6,22.356,191.56
14:12:07.00,24-07-14,28.158265666666665°„N,104.80562666666667°„E,480.1,22.774,197.02
14:12:08.00,24-07-14,28.158211333333334°„N,104.80560333333334°„E,479.7,23.317,202.11
14:12:09.00,24-07-14,28.158158333333333°„N,104.8055735°„E,479.2,23.782,208.04
14:12:10.00,24-07-14,28.158107°„N,104.8055375°„E,478.7,24.178,213.30
14:12:11.00,24-07-14,28.15805883333333°„N,104.80549516666666°„E,478.2,24.453,219.78
14:12:12.00,24-07-14,28.1580155°„N,104.80544583333334°„E,477.8,24.574,227.19
14:12:13.00,24-07-14,28.157978166666666°„N,104.80539133333333°„E,477.3,24.219,234.35
14:12:14.00,24-07-14,28.157946166666665°„N,104.8053335°„E,476.9,23.945,239.48
14:12:15.00,24-07-14,28.157917833333332°„N,104.80527316666667°„E,476.4,24.194,243.11
14:12:16.00,24-07-14,28.157891333333332°„N,104.80521116666667°„E,475.7,24.388,244.55
14:12:17.00,24-07-14,28.1578655°„N,104.8051475°„E,475.2,24.890,245.84
14:12:18.00,24-07-14,28.1578395°„N,104.80508266666666°„E,474.7,25.230,245.80
14:12:19.00,24-07-14,28.157814166666668°„N,104.80501933333333°„E,474.2,24.270,245.65
14:12:20.00,24-07-14,28.157789666666666°„N,104.804958°„E,473.8,23.651,245.82
14:12:21.00,24-07-14,28.157764833333335°„N,104.804897°„E,473.3,23.751,245.18
14:12:22.00,24-07-14,28.157736833333335°„N,104.80483733333334°„E,472.9,23.878,241.09
14:12:23.00,24-07-14,28.157704666666667°„N,104.80477966666666°„E,472.4,24.192,236.61
14:12:24.00,24-07-14,28.157667333333332°„N,104.804727°„E,472.0,23.743,229.08
14:12:25.00,24-07-14,28.157625333333332°„N,104.804682°„E,471.5,22.877,221.30
14:12:26.00,24-07-14,28.157578°„N,104.8046465°„E,471.1,22.660,210.37
14:12:27.00,24-07-14,28.157524833333333°„N,104.80462166666666°„E,470.6,23.256,199.19
14:12:28.00,24-07-14,28.1574675°„N,104.80460766666667°„E,469.7,23.578,189.43
14:12:29.00,24-07-14,28.157407°„N,104.804604°„E,469.0,24.534,180.73
14:12:30.00,24-07-14,28.157345°„N,104.8046085°„E,468.5,24.961,174.48
14:12:31.00,24-07-14,28.157283333333332°„N,104.80462°„E,468.0,25.001,168.94
14:12:32.00,24-07-14,28.157227166666665°„N,104.80463233333333°„E,467.7,21.935,169.04
14:12:33.00,24-07-14,28.157182°„N,104.80464133333334°„E,467.5,16.799,170.10
14:12:34.00,24-07-14,28.1571455°„N,104.80464816666667°„E,467.3,14.022,170.25
14:12:35.00,24-07-14,28.157115166666667°„N,104.804654°„E,467.2,11.560,170.02
14:12:36.00,24-07-14,28.157090333333333°„N,104.804659°„E,467.1,9.548,169.60
14:12:37.00,24-07-14,28.15706683333333°„N,104.8046635°„E,467.0,9.532,170.51
14:12:38.00,24-07-14,28.1570415°„N,104.804668°„E,466.9,10.518,170.59
14:12:39.00,24-07-14,28.157014°„N,104.804673°„E,466.8,11.494,170.91
14:12:40.00,24-07-14,28.156984166666668°„N,104.8046775°„E,466.7,12.282,172.31
14:12:41.00,24-07-14,28.156952°„N,104.8046825°„E,466.7,13.256,172.23
14:12:42.00,24-07-14,28.156918°„N,104.80468816666666°„E,466.6,13.885,171.32
14:12:43.00,24-07-14,28.156882166666666°„N,104.804694°„E,466.4,14.699,172.03
14:12:44.00,24-07-14,28.15684316666667°„N,104.80470016666666°„E,466.3,16.195,172.34
14:12:45.00,24-07-14,28.1568°„N,104.8047065°„E,466.2,17.881,172.61
14:12:46.00,24-07-14,28.156752333333333°„N,104.80471333333334°„E,466.1,19.832,172.66
14:12:47.00,24-07-14,28.156700833333332°„N,104.80472033333334°„E,466.0,21.054,173.11
14:12:48.00,24-07-14,28.156645833333332°„N,104.80472616666667°„E,465.8,22.499,174.86
14:12:49.00,24-07-14,28.156587333333334°„N,104.80472983333334°„E,465.6,23.885,177.48
14:12:50.00,24-07-14,28.156524833333332°„N,104.80473133333334°„E,465.4,25.404,179.39
14:12:51.00,24-07-14,28.156459°„N,104.8047305°„E,465.2,26.656,181.01
14:12:52.00,24-07-14,28.156390333333334°„N,104.80472733333333°„E,465.1,27.814,182.77
14:12:53.00,24-07-14,28.156318833333334°„N,104.80472066666667°„E,464.9,28.948,185.70
14:12:54.00,24-07-14,28.1562455°„N,104.804712°„E,464.7,29.681,186.29
14:12:55.00,24-07-14,28.156171333333333°„N,104.8047015°„E,464.5,29.966,187.50
14:12:56.00,24-07-14,28.1560985°„N,104.8046915°„E,464.2,28.899,186.70
14:12:57.00,24-07-14,28.156029833333335°„N,104.80468483333334°„E,463.9,26.911,184.12
14:12:58.00,24-07-14,28.155965833333333°„N,104.80468033333334°„E,463.6,25.064,183.42
14:12:59.00,24-07-14,28.155906666666667°„N,104.80467616666667°„E,463.2,23.078,183.60
14:13:00.00,24-07-14,28.155850666666666°„N,104.8046705°„E,462.8,22.162,185.69
14:13:01.00,24-07-14,28.155795°„N,104.80466433333333°„E,462.5,22.367,185.70
14:13:02.00,24-07-14,28.155739°„N,104.80465916666667°„E,462.1,22.475,184.36
14:13:03.00,24-07-14,28.155682833333334°„N,104.804657°„E,461.7,22.419,181.03
14:13:04.00,24-07-14,28.1556265°„N,104.80465966666667°„E,461.4,22.617,176.31
14:13:05.00,24-07-14,28.155569833333335°„N,104.804668°„E,461.0,22.935,171.10
14:13:06.00,24-07-14,28.155512833333333°„N,104.80468216666667°„E,460.5,23.530,166.09
14:13:07.00,24-07-14,28.155454833333334°„N,104.80470083333333°„E,460.0,24.321,163.14
14:13:08.00,24-07-14,28.155396333333332°„N,104.8047215°„E,459.4,24.582,162.35
14:13:09.00,24-07-14,28.155337666666668°„N,104.80474283333334°„E,458.9,24.592,162.16
14:13:10.00,24-07-14,28.155278833333334°„N,104.80476266666666°„E,458.4,24.441,163.64
14:13:11.00,24-07-14,28.1552195°„N,104.80478016666666°„E,457.9,24.459,165.83
14:13:12.00,24-07-14,28.155160833333333°„N,104.80479683333333°„E,457.4,23.974,165.91
14:13:13.00,24-07-14,28.155101833333333°„N,104.80481183333333°„E,456.9,24.088,167.26
14:13:14.00,24-07-14,28.1550425°„N,104.80482383333333°„E,456.4,24.006,170.79
14:13:15.00,24-07-14,28.154982666666665°„N,104.80483133333334°„E,455.8,24.046,174.60
14:13:16.00,24-07-14,28.154922°„N,104.80483316666667°„E,455.3,24.300,179.67
14:13:17.00,24-07-14,28.154861166666667°„N,104.80483083333333°„E,454.9,24.323,182.79
14:13:18.00,24-07-14,28.154801°„N,104.80482416666666°„E,454.6,24.058,187.11
14:13:19.00,24-07-14,28.154742333333335°„N,104.80481366666666°„E,454.3,23.606,189.70
14:13:20.00,24-07-14,28.154685166666667°„N,104.80480066666667°„E,454.1,23.169,192.14
14:13:21.00,24-07-14,28.15463°„N,104.80478516666666°„E,453.9,22.562,194.60
14:13:22.00,24-07-14,28.154577166666666°„N,104.80476783333333°„E,453.8,21.722,197.04
14:13:23.00,24-07-14,28.154526333333333°„N,104.80474866666667°„E,453.6,21.306,199.06
14:13:24.00,24-07-14,28.154476833333334°„N,104.80472683333333°„E,453.4,21.188,202.22
14:13:25.00,24-07-14,28.154428°„N,104.8047015°„E,453.3,21.585,205.66
14:13:26.00,24-07-14,28.154381°„N,104.80467166666666°„E,453.0,21.379,210.56
14:13:27.00,24-07-14,28.154337°„N,104.80463983333334°„E,452.8,20.771,213.58
14:13:28.00,24-07-14,28.154294333333333°„N,104.80460583333333°„E,452.7,20.857,215.78
14:13:29.00,24-07-14,28.1542515°„N,104.80456866666667°„E,452.5,21.829,218.15
14:13:30.00,24-07-14,28.154208333333333°„N,104.8045275°„E,452.2,22.793,220.94
14:13:31.00,24-07-14,28.154164166666668°„N,104.80448366666667°„E,452.0,23.762,221.19
14:13:32.00,24-07-14,28.154120666666667°„N,104.80443783333334°„E,451.8,23.692,223.62
14:13:33.00,24-07-14,28.154081°„N,104.80439016666666°„E,451.7,22.855,228.12
14:13:34.00,24-07-14,28.15404716666667°„N,104.80434066666666°„E,451.5,21.758,234.24
14:13:35.00,24-07-14,28.154019833333333°„N,104.80428966666666°„E,451.2,20.769,240.78
14:13:36.00,24-07-14,28.153998333333334°„N,104.80423733333333°„E,450.9,20.093,246.86
14:13:37.00,24-07-14,28.153982833333334°„N,104.80418583333334°„E,450.6,18.981,253.03
14:13:38.00,24-07-14,28.153972333333332°„N,104.804135°„E,450.2,18.268,258.31
14:13:39.00,24-07-14,28.153965833333334°„N,104.80408416666667°„E,449.9,18.123,263.35
14:13:40.00,24-07-14,28.1539645°„N,104.80403166666666°„E,449.7,18.923,270.13
14:13:41.00,24-07-14,28.153967°„N,104.8039775°„E,449.5,19.291,274.18
14:13:42.00,24-07-14,28.153969333333333°„N,104.803925°„E,449.0,18.306,272.17
14:13:43.00,24-07-14,28.153974333333334°„N,104.80387066666667°„E,448.4,19.684,276.50
14:13:44.00,24-07-14,28.1539785°„N,104.80381433333334°„E,448.2,19.917,273.93
14:13:45.00,24-07-14,28.15398233333333°„N,104.80375666666667°„E,447.9,20.574,274.38
14:13:46.00,24-07-14,28.153985833333333°„N,104.80369783333333°„E,447.6,20.805,273.79
14:13:47.00,24-07-14,28.153987833333332°„N,104.80364016666667°„E,447.3,20.214,271.85
14:13:48.00,24-07-14,28.153986833333335°„N,104.803583°„E,447.0,20.165,267.80
14:13:49.00,24-07-14,28.153981°„N,104.80352683333334°„E,446.7,19.842,261.84
14:13:50.00,24-07-14,28.153969333333333°„N,104.80347266666666°„E,446.4,19.682,254.26
14:13:51.00,24-07-14,28.153953°„N,104.80341983333334°„E,446.0,19.666,249.31
14:13:52.00,24-07-14,28.153933833333333°„N,104.80336783333334°„E,445.5,20.016,246.45
14:13:53.00,24-07-14,28.153911166666667°„N,104.80331633333333°„E,445.1,20.363,242.50
14:13:54.00,24-07-14,28.153886666666665°„N,104.8032655°„E,444.7,20.388,240.94
14:13:55.00,24-07-14,28.153862333333333°„N,104.80321616666667°„E,444.3,19.652,241.07
14:13:56.00,24-07-14,28.153838333333333°„N,104.80316916666666°„E,444.0,18.882,239.45
14:13:57.00,24-07-14,28.153815°„N,104.8031235°„E,443.7,18.421,240.25
14:13:58.00,24-07-14,28.153792166666666°„N,104.803078°„E,443.4,18.412,240.62
14:13:59.00,24-07-14,28.15376983333333°„N,104.80303233333333°„E,443.1,18.310,241.47
14:14:00.00,24-07-14,28.153748166666666°„N,104.8029875°„E,442.7,17.871,241.70
14:14:01.00,24-07-14,28.153727°„N,104.80294433333333°„E,442.3,17.192,241.07
14:14:02.00,24-07-14,28.153707°„N,104.802903°„E,442.0,16.382,241.42
14:14:03.00,24-07-14,28.1536885°„N,104.80286333333333°„E,441.8,15.481,242.91
14:14:04.00,24-07-14,28.153673333333334°„N,104.8028255°„E,441.9,14.225,246.59
14:14:05.00,24-07-14,28.1536575°„N,104.80278716666666°„E,441.7,15.083,244.35
14:14:06.00,24-07-14,28.153640333333332°„N,104.802747°„E,441.2,15.823,244.57
14:14:07.00,24-07-14,28.153624833333332°„N,104.80270416666667°„E,441.0,16.577,248.88
14:14:08.00,24-07-14,28.153611°„N,104.80265766666666°„E,440.5,17.516,252.44
14:14:09.00,24-07-14,28.1536°„N,104.80260833333334°„E,440.1,17.971,257.33
14:14:10.00,24-07-14,28.153590666666666°„N,104.80255866666667°„E,439.8,17.886,258.22
14:14:11.00,24-07-14,28.153582166666666°„N,104.80250883333333°„E,439.4,17.744,259.46
14:14:12.00,24-07-14,28.153573833333333°„N,104.80245933333333°„E,439.0,17.672,259.65
14:14:13.00,24-07-14,28.1535665°„N,104.80241083333334°„E,438.7,17.126,260.53
14:14:14.00,24-07-14,28.1535595°„N,104.80236483333333°„E,438.5,16.041,260.45
14:14:15.00,24-07-14,28.153552833333332°„N,104.80232216666667°„E,438.3,14.929,260.24
14:14:16.00,24-07-14,28.153547°„N,104.802284°„E,438.1,13.077,260.68
14:14:17.00,24-07-14,28.153541666666666°„N,104.8022515°„E,437.9,10.992,260.09
14:14:18.00,24-07-14,28.153538166666667°„N,104.80222816666667°„E,437.8,7.220,260.62
14:14:19.00,24-07-14,28.153536333333335°„N,104.8022165°„E,437.8,2.832,260.60
14:14:20.00,24-07-14,28.153536°„N,104.80221383333334°„E,437.9,0.036,
14:14:21.00,24-07-14,28.153536°„N,104.80221366666666°„E,438.0,0.043,
14:14:22.00,24-07-14,28.153536166666665°„N,104.8022135°„E,438.1,0.037,
14:14:23.00,24-07-14,28.153536°„N,104.80221316666666°„E,438.1,0.046,
14:14:24.00,24-07-14,28.153536166666665°„N,104.802213°„E,438.2,0.043,
14:14:25.00,24-07-14,28.153536166666665°„N,104.80221266666666°„E,438.2,0.033,
14:14:26.00,24-07-14,28.153536°„N,104.8022125°„E,438.2,0.008,
14:14:27.00,24-07-14,28.153536°„N,104.80221216666666°„E,438.3,0.014,
14:14:28.00,24-07-14,28.153536°„N,104.80221183333333°„E,438.3,0.009,
14:14:29.00,24-07-14,28.153535833333333°„N,104.80221133333333°„E,438.3,0.015,
14:14:30.00,24-07-14,28.153535666666667°„N,104.80221083333333°„E,438.3,0.043,
14:14:31.00,24-07-14,28.153535666666667°„N,104.80221033333333°„E,438.3,0.022,
14:14:32.00,24-07-14,28.153535666666667°„N,104.80221°„E,438.3,0.037,
14:14:33.00,24-07-14,28.153535666666667°„N,104.80220966666667°„E,438.3,0.039,
14:14:34.00,24-07-14,28.153535666666667°„N,104.80220916666667°„E,438.3,0.017,
14:14:35.00,24-07-14,28.153535666666667°„N,104.80220883333334°„E,438.3,0.031,
14:14:36.00,24-07-14,28.1535355°„N,104.8022085°„E,438.3,0.022,
14:14:37.00,24-07-14,28.1535355°„N,104.80220816666667°„E,438.4,0.032,
14:14:38.00,24-07-14,28.1535355°„N,104.80220783333333°„E,438.4,0.007,
14:14:39.00,24-07-14,28.1535355°„N,104.80220766666666°„E,438.4,0.025,
14:14:40.00,24-07-14,28.1535355°„N,104.8022075°„E,438.5,0.026,
14:14:41.00,24-07-14,28.1535355°„N,104.80220733333333°„E,438.5,0.041,
14:14:42.00,24-07-14,28.1535355°„N,104.80220733333333°„E,438.6,0.023,
14:14:43.00,24-07-14,28.1535355°„N,104.80220716666666°„E,438.6,0.032,
14:14:44.00,24-07-14,28.1535355°„N,104.80220716666666°„E,438.7,0.033,
14:14:45.00,24-07-14,28.153535666666667°„N,104.80220716666666°„E,438.7,0.059,
14:14:46.00,24-07-14,28.153535666666667°„N,104.80220733333333°„E,438.8,0.032,
14:14:47.00,24-07-14,28.153535666666667°„N,104.80220733333333°„E,438.8,0.012,
14:14:48.00,24-07-14,28.153535666666667°„N,104.80220733333333°„E,438.9,0.007,
14:14:49.00,24-07-14,28.153535666666667°„N,104.8022075°„E,438.9,0.029,
14:14:50.00,24-07-14,28.153535666666667°„N,104.8022075°„E,438.9,0.012,
14:14:51.00,24-07-14,28.153535666666667°„N,104.80220766666666°„E,439.0,0.033,
14:14:52.00,24-07-14,28.153535666666667°„N,104.80220766666666°„E,439.1,0.024,
14:14:53.00,24-07-14,28.153535666666667°„N,104.80220783333333°„E,439.1,0.039,
14:14:54.00,24-07-14,28.153535833333333°„N,104.802208°„E,439.2,0.070,
14:14:55.00,24-07-14,28.153536°„N,104.802208°„E,439.2,0.040,
14:14:56.00,24-07-14,28.153536°„N,104.80220816666667°„E,439.3,0.038,
14:14:57.00,24-07-14,28.153536°„N,104.80220833333334°„E,439.3,0.026,
14:14:58.00,24-07-14,28.153536°„N,104.80220833333334°„E,439.4,0.025,
14:14:59.00,24-07-14,28.153536°„N,104.8022085°„E,439.4,0.026,
14:15:00.00,24-07-14,28.153536°„N,104.8022085°„E,439.5,0.023,
14:15:01.00,24-07-14,28.153536°„N,104.80220866666667°„E,439.6,0.018,
14:15:02.00,24-07-14,28.153536°„N,104.80220866666667°„E,439.6,0.020,
14:15:03.00,24-07-14,28.153536°„N,104.80220883333334°„E,439.7,0.029,
14:15:04.00,24-07-14,28.153536°„N,104.80220883333334°„E,439.7,0.011,
14:15:05.00,24-07-14,28.153536°„N,104.802209°„E,439.8,0.005,
14:15:06.00,24-07-14,28.153536°„N,104.802209°„E,439.9,0.028,
14:15:07.00,24-07-14,28.153536°„N,104.80220916666667°„E,439.9,0.004,
14:15:08.00,24-07-14,28.153536°„N,104.80220933333334°„E,440.0,0.016,
14:15:09.00,24-07-14,28.153536°„N,104.8022095°„E,440.0,0.033,
14:15:10.00,24-07-14,28.153536°„N,104.80220983333334°„E,440.1,0.048,
14:15:11.00,24-07-14,28.153535833333333°„N,104.80221°„E,440.1,0.018,
14:15:12.00,24-07-14,28.153535666666667°„N,104.80221016666667°„E,440.2,0.088,
14:15:13.00,24-07-14,28.153535666666667°„N,104.80221016666667°„E,440.2,0.040,
14:15:14.00,24-07-14,28.1535355°„N,104.80221033333333°„E,440.3,0.017,
14:15:15.00,24-07-14,28.153535333333334°„N,104.80221016666667°„E,440.4,0.044,
14:15:16.00,24-07-14,28.153535166666668°„N,104.80221016666667°„E,440.5,0.023,
14:15:17.00,24-07-14,28.153535°„N,104.80221033333333°„E,440.6,0.049,
14:15:18.00,24-07-14,28.153534666666665°„N,104.80221033333333°„E,440.7,0.058,
14:15:19.00,24-07-14,28.153534333333333°„N,104.80221033333333°„E,440.8,0.058,
14:15:20.00,24-07-14,28.153534°„N,104.8022105°„E,440.9,0.063,
14:15:21.00,24-07-14,28.153533833333334°„N,104.80221066666667°„E,440.9,0.047,
14:15:22.00,24-07-14,28.153533666666668°„N,104.80221066666667°„E,441.0,0.017,
14:15:23.00,24-07-14,28.1535335°„N,104.80221066666667°„E,441.1,0.043,
14:15:24.00,24-07-14,28.153533166666666°„N,104.80221083333333°„E,441.2,0.063,
14:15:25.00,24-07-14,28.153533°„N,104.80221083333333°„E,441.2,0.028,
14:15:26.00,24-07-14,28.153532666666667°„N,104.80221083333333°„E,441.3,0.012,
14:15:27.00,24-07-14,28.1535325°„N,104.80221083333333°„E,441.4,0.018,
14:15:28.00,24-07-14,28.153532333333334°„N,104.80221083333333°„E,441.4,0.010,
14:15:29.00,24-07-14,28.153532°„N,104.802211°„E,441.5,0.042,
14:15:30.00,24-07-14,28.153531666666666°„N,104.802211°„E,441.6,0.047,
14:15:31.00,24-07-14,28.1535315°„N,104.802211°„E,441.6,0.028,
14:15:32.00,24-07-14,28.153531166666667°„N,104.80221116666667°„E,441.7,0.001,
14:15:33.00,24-07-14,28.153531°„N,104.80221116666667°„E,441.7,0.041,
14:15:34.00,24-07-14,28.153530833333335°„N,104.80221133333333°„E,441.8,0.016,
14:15:35.00,24-07-14,28.1535305°„N,104.80221133333333°„E,441.8,0.013,
14:15:36.00,24-07-14,28.153530333333332°„N,104.8022115°„E,441.8,0.053,
14:15:37.00,24-07-14,28.153530166666666°„N,104.80221166666666°„E,441.9,0.030,
14:15:38.00,24-07-14,28.153529833333334°„N,104.80221166666666°„E,442.0,0.003,
14:15:39.00,24-07-14,28.1535295°„N,104.80221166666666°„E,442.1,0.056,
14:15:40.00,24-07-14,28.153529166666665°„N,104.80221183333333°„E,442.1,0.029,
14:15:41.00,24-07-14,28.153528833333333°„N,104.802212°„E,442.2,0.074,
14:15:42.00,24-07-14,28.1535285°„N,104.802212°„E,442.3,0.073,
14:15:43.00,24-07-14,28.153528333333334°„N,104.80221216666666°„E,442.4,0.032,
14:15:44.00,24-07-14,28.153528166666668°„N,104.80221216666666°„E,442.4,0.039,
14:15:45.00,24-07-14,28.153528166666668°„N,104.80221216666666°„E,442.4,0.031,
14:15:46.00,24-07-14,28.153528166666668°„N,104.80221233333333°„E,442.5,0.061,
14:15:47.00,24-07-14,28.153528333333334°„N,104.8022125°„E,442.4,0.043,
14:15:48.00,24-07-14,28.153528333333334°„N,104.80221266666666°„E,442.5,0.018,
14:15:49.00,24-07-14,28.153528333333334°„N,104.80221283333333°„E,442.5,0.034,
14:15:50.00,24-07-14,28.153528333333334°„N,104.80221283333333°„E,442.5,0.013,
14:15:51.00,24-07-14,28.153528333333334°„N,104.802213°„E,442.6,0.030,
14:15:52.00,24-07-14,28.153528333333334°„N,104.802213°„E,442.7,0.022,
14:15:53.00,24-07-14,28.153528333333334°„N,104.80221316666666°„E,442.7,0.062,
14:15:54.00,24-07-14,28.153528333333334°„N,104.80221316666666°„E,442.8,0.053,
14:15:55.00,24-07-14,28.153528333333334°„N,104.80221316666666°„E,442.8,0.038,
14:15:56.00,24-07-14,28.1535285°„N,104.80221316666666°„E,442.8,0.045,
14:15:57.00,24-07-14,28.1535285°„N,104.80221316666666°„E,442.9,0.031,
14:15:58.00,24-07-14,28.1535285°„N,104.80221316666666°„E,442.9,0.015,
14:15:59.00,24-07-14,28.153528666666666°„N,104.80221316666666°„E,442.8,0.051,
14:16:00.00,24-07-14,28.153528833333333°„N,104.80221316666666°„E,442.8,0.019,
14:16:01.00,24-07-14,28.153528833333333°„N,104.80221316666666°„E,442.8,0.024,
14:16:02.00,24-07-14,28.153528833333333°„N,104.80221316666666°„E,442.8,0.034,
14:16:03.00,24-07-14,28.153528833333333°„N,104.80221316666666°„E,442.8,0.023,
14:16:04.00,24-07-14,28.153528833333333°„N,104.80221316666666°„E,442.8,0.011,
14:16:05.00,24-07-14,28.153529°„N,104.80221333333333°„E,442.8,0.065,
14:16:06.00,24-07-14,28.153529°„N,104.80221316666666°„E,442.8,0.032,
14:16:07.00,24-07-14,28.153529166666665°„N,104.80221316666666°„E,442.9,0.010,
14:16:08.00,24-07-14,28.153529333333335°„N,104.802213°„E,442.8,0.019,
14:16:09.00,24-07-14,28.153529333333335°„N,104.802213°„E,442.8,0.008,
14:16:10.00,24-07-14,28.153529333333335°„N,104.80221283333333°„E,442.8,0.013,
14:16:11.00,24-07-14,28.153529333333335°„N,104.80221283333333°„E,442.8,0.026,
14:16:12.00,24-07-14,28.1535295°„N,104.80221283333333°„E,442.8,0.035,
14:16:13.00,24-07-14,28.1535295°„N,104.80221283333333°„E,442.9,0.037,
14:16:14.00,24-07-14,28.1535295°„N,104.802213°„E,442.9,0.031,
14:16:15.00,24-07-14,28.1535295°„N,104.802213°„E,442.9,0.025,
14:16:16.00,24-07-14,28.1535295°„N,104.802213°„E,443.0,0.067,
14:16:17.00,24-07-14,28.153529333333335°„N,104.802213°„E,443.0,0.057,
14:16:18.00,24-07-14,28.153529333333335°„N,104.802213°„E,443.0,0.016,
14:16:19.00,24-07-14,28.153529333333335°„N,104.802213°„E,443.0,0.023,
14:16:20.00,24-07-14,28.153529166666665°„N,104.80221283333333°„E,443.1,0.018,
14:16:21.00,24-07-14,28.153529166666665°„N,104.80221283333333°„E,443.1,0.021,
14:16:22.00,24-07-14,28.153529166666665°„N,104.80221266666666°„E,443.1,0.026,
14:16:23.00,24-07-14,28.153529°„N,104.80221266666666°„E,443.1,0.061,
14:16:24.00,24-07-14,28.153528833333333°„N,104.8022125°„E,443.1,0.017,
14:16:25.00,24-07-14,28.153528833333333°„N,104.80221233333333°„E,443.2,0.025,
14:16:26.00,24-07-14,28.153528666666666°„N,104.80221233333333°„E,443.2,0.021,
14:16:27.00,24-07-14,28.1535285°„N,104.80221216666666°„E,443.3,0.035,
14:16:28.00,24-07-14,28.153528333333334°„N,104.802212°„E,443.4,0.027,
14:16:29.00,24-07-14,28.153528166666668°„N,104.80221183333333°„E,443.4,0.006,
14:16:30.00,24-07-14,28.153528°„N,104.80221166666666°„E,443.5,0.036,
14:16:31.00,24-07-14,28.15352783333333°„N,104.80221166666666°„E,443.6,0.031,
14:16:32.00,24-07-14,28.153528°„N,104.8022115°„E,443.6,0.047,
14:16:33.00,24-07-14,28.153528°„N,104.80221133333333°„E,443.6,0.030,
14:16:34.00,24-07-14,28.15352783333333°„N,104.80221116666667°„E,443.6,0.033,
14:16:35.00,24-07-14,28.15352783333333°„N,104.802211°„E,443.6,0.041,
14:16:36.00,24-07-14,28.15352783333333°„N,104.80221083333333°„E,443.6,0.045,
14:16:37.00,24-07-14,28.15352783333333°„N,104.80221066666667°„E,443.6,0.022,
14:16:38.00,24-07-14,28.15352783333333°„N,104.80221033333333°„E,443.6,0.008,
14:16:39.00,24-07-14,28.15352783333333°„N,104.80221016666667°„E,443.6,0.015,
14:16:40.00,24-07-14,28.153527666666665°„N,104.80221016666667°„E,443.6,0.054,
14:16:41.00,24-07-14,28.153527666666665°„N,104.80221°„E,443.6,0.052,
14:16:42.00,24-07-14,28.153527666666665°„N,104.80220983333334°„E,443.7,0.019,
14:16:43.00,24-07-14,28.153527666666665°„N,104.80220983333334°„E,443.6,0.046,
14:16:44.00,24-07-14,28.153527666666665°„N,104.80220983333334°„E,443.6,0.021,
14:16:45.00,24-07-14,28.153528°„N,104.80220966666667°„E,443.6,0.018,
14:16:46.00,24-07-14,28.153528166666668°„N,104.80220966666667°„E,443.6,0.033,
14:16:47.00,24-07-14,28.153528333333334°„N,104.80220966666667°„E,443.5,0.034,
14:16:48.00,24-07-14,28.153528333333334°„N,104.8022095°„E,443.5,0.008,
14:16:49.00,24-07-14,28.1535285°„N,104.80220966666667°„E,443.5,0.039,
14:16:50.00,24-07-14,28.1535285°„N,104.80220966666667°„E,443.6,0.002,
14:16:51.00,24-07-14,28.153528666666666°„N,104.80220983333334°„E,443.6,0.037,
14:16:52.00,24-07-14,28.153528666666666°„N,104.80221°„E,443.6,0.051,
14:16:53.00,24-07-14,28.153528833333333°„N,104.80221°„E,443.6,0.049,
14:16:54.00,24-07-14,28.153528833333333°„N,104.80221016666667°„E,443.7,0.008,
14:16:55.00,24-07-14,28.153529°„N,104.80221033333333°„E,443.7,0.059,
14:16:56.00,24-07-14,28.153529166666665°„N,104.8022105°„E,443.6,0.052,
14:16:57.00,24-07-14,28.153529333333335°„N,104.8022105°„E,443.6,0.052,
14:16:58.00,24-07-14,28.153529333333335°„N,104.8022105°„E,443.5,0.040,
14:16:59.00,24-07-14,28.1535295°„N,104.80221066666667°„E,443.4,0.033,
14:17:00.00,24-07-14,28.1535295°„N,104.8022105°„E,443.4,0.026,
14:17:01.00,24-07-14,28.1535295°„N,104.8022105°„E,443.3,0.014,
14:17:02.00,24-07-14,28.1535295°„N,104.80221033333333°„E,443.3,0.056,
14:17:03.00,24-07-14,28.1535295°„N,104.80221033333333°„E,443.2,0.033,
14:17:04.00,24-07-14,28.153529333333335°„N,104.80221016666667°„E,443.2,0.031,
14:17:05.00,24-07-14,28.153529333333335°„N,104.80221016666667°„E,443.2,0.018,
14:17:06.00,24-07-14,28.153529333333335°„N,104.80221°„E,443.1,0.006,
14:17:07.00,24-07-14,28.153529333333335°„N,104.80221°„E,443.0,0.022,
14:17:08.00,24-07-14,28.153529333333335°„N,104.80221°„E,443.0,0.018,
14:17:09.00,24-07-14,28.153529333333335°„N,104.80221°„E,442.9,0.023,
14:17:10.00,24-07-14,28.153529333333335°„N,104.80221016666667°„E,442.8,0.020,
14:17:11.00,24-07-14,28.153529333333335°„N,104.80221016666667°„E,442.7,0.027,
14:17:12.00,24-07-14,28.153529333333335°„N,104.80221033333333°„E,442.6,0.048,
14:17:13.00,24-07-14,28.153529166666665°„N,104.8022105°„E,442.5,0.022,
14:17:14.00,24-07-14,28.153529166666665°„N,104.80221066666667°„E,442.5,0.013,
14:17:15.00,24-07-14,28.153529166666665°„N,104.80221083333333°„E,442.4,0.031,
14:17:16.00,24-07-14,28.153529°„N,104.802211°„E,442.3,0.015,
14:17:17.00,24-07-14,28.153528833333333°„N,104.80221116666667°„E,442.3,0.051,
14:17:18.00,24-07-14,28.153528666666666°„N,104.80221133333333°„E,442.3,0.033,
14:17:19.00,24-07-14,28.153528833333333°„N,104.8022115°„E,442.2,0.024,
14:17:20.00,24-07-14,28.153528833333333°„N,104.80221166666666°„E,442.1,0.057,
14:17:21.00,24-07-14,28.153528833333333°„N,104.80221183333333°„E,442.0,0.048,
14:17:22.00,24-07-14,28.153528833333333°„N,104.802212°„E,441.9,0.024,
14:17:23.00,24-07-14,28.153528833333333°„N,104.802212°„E,441.8,0.014,
14:17:24.00,24-07-14,28.153528833333333°„N,104.80221183333333°„E,441.7,0.016,
14:17:25.00,24-07-14,28.153528666666666°„N,104.802212°„E,441.6,0.007,
14:17:26.00,24-07-14,28.153528666666666°„N,104.80221183333333°„E,441.5,0.013,
14:17:27.00,24-07-14,28.153528666666666°„N,104.80221183333333°„E,441.5,0.034,
14:17:28.00,24-07-14,28.153528666666666°„N,104.80221166666666°„E,441.4,0.019,
14:17:29.00,24-07-14,28.153528666666666°„N,104.80221166666666°„E,441.3,0.035,
14:17:30.00,24-07-14,28.153528666666666°„N,104.8022115°„E,441.2,0.043,
14:17:31.00,24-07-14,28.153528833333333°„N,104.8022115°„E,441.1,0.053,
14:17:32.00,24-07-14,28.153528833333333°„N,104.80221166666666°„E,441.0,0.067,
14:17:33.00,24-07-14,28.153528833333333°„N,104.80221166666666°„E,441.0,0.017,
14:17:34.00,24-07-14,28.153528833333333°„N,104.8022115°„E,440.9,0.025,
14:17:35.00,24-07-14,28.153528666666666°„N,104.80221133333333°„E,440.9,0.016,
14:17:36.00,24-07-14,28.153528833333333°„N,104.80221116666667°„E,440.8,0.022,
14:17:37.00,24-07-14,28.153528833333333°„N,104.802211°„E,440.9,0.017,
14:17:38.00,24-07-14,28.153528833333333°„N,104.80221083333333°„E,440.9,0.024,
14:17:39.00,24-07-14,28.153528833333333°„N,104.80221083333333°„E,440.9,0.025,
14:17:40.00,24-07-14,28.153528666666666°„N,104.80221066666667°„E,441.0,0.032,
14:17:41.00,24-07-14,28.153528666666666°„N,104.8022105°„E,441.0,0.022,
14:17:42.00,24-07-14,28.153528833333333°„N,104.8022105°„E,441.0,0.035,
14:17:43.00,24-07-14,28.153528833333333°„N,104.80221066666667°„E,441.1,0.063,
14:17:44.00,24-07-14,28.153528833333333°„N,104.80221066666667°„E,441.0,0.039,
14:17:45.00,24-07-14,28.153528833333333°„N,104.80221066666667°„E,441.1,0.027,
14:17:46.00,24-07-14,28.153528833333333°„N,104.80221066666667°„E,441.0,0.027,
14:17:47.00,24-07-14,28.153529°„N,104.80221066666667°„E,441.0,0.032,
14:17:48.00,24-07-14,28.153529°„N,104.80221083333333°„E,441.0,0.016,
14:17:49.00,24-07-14,28.153528833333333°„N,104.802211°„E,441.1,0.038,
14:17:50.00,24-07-14,28.153528666666666°„N,104.80221116666667°„E,441.2,0.038,
14:17:51.00,24-07-14,28.153528666666666°„N,104.80221116666667°„E,441.3,0.047,
14:17:52.00,24-07-14,28.1535285°„N,104.80221133333333°„E,441.3,0.054,
14:17:53.00,24-07-14,28.1535285°„N,104.8022115°„E,441.4,0.077,
14:17:54.00,24-07-14,28.153528333333334°„N,104.80221166666666°„E,441.5,0.014,
14:17:55.00,24-07-14,28.1535285°„N,104.80221183333333°„E,441.5,0.028,
14:17:56.00,24-07-14,28.1535285°„N,104.80221183333333°„E,441.5,0.029,
14:17:57.00,24-07-14,28.153528666666666°„N,104.80221166666666°„E,441.6,0.024,
14:17:58.00,24-07-14,28.153528666666666°„N,104.80221166666666°„E,441.5,0.060,
14:17:59.00,24-07-14,28.153528833333333°„N,104.80221166666666°„E,441.5,0.046,
14:18:00.00,24-07-14,28.153528833333333°„N,104.8022115°„E,441.5,0.033,
14:18:01.00,24-07-14,28.153528833333333°„N,104.8022115°„E,441.6,0.018,
14:18:02.00,24-07-14,28.153528666666666°„N,104.8022115°„E,441.6,0.025,
14:18:03.00,24-07-14,28.153528666666666°„N,104.8022115°„E,441.7,0.042,
14:18:04.00,24-07-14,28.1535285°„N,104.8022115°„E,441.8,0.036,
14:18:05.00,24-07-14,28.1535285°„N,104.8022115°„E,441.8,0.060,
14:18:06.00,24-07-14,28.1535285°„N,104.8022115°„E,441.9,0.074,
14:18:07.00,24-07-14,28.1535285°„N,104.8022115°„E,441.9,0.042,
14:18:08.00,24-07-14,28.153528666666666°„N,104.8022115°„E,441.9,0.064,
14:18:09.00,24-07-14,28.153528666666666°„N,104.8022115°„E,441.8,0.043,
14:18:10.00,24-07-14,28.153528833333333°„N,104.8022115°„E,441.8,0.058,
14:18:11.00,24-07-14,28.153528833333333°„N,104.8022115°„E,441.8,0.018,
14:18:12.00,24-07-14,28.153529°„N,104.8022115°„E,441.8,0.031,
14:18:13.00,24-07-14,28.153528833333333°„N,104.80221133333333°„E,441.9,0.022,
14:18:14.00,24-07-14,28.153528833333333°„N,104.80221133333333°„E,442.0,0.036,
14:18:15.00,24-07-14,28.153528833333333°„N,104.80221116666667°„E,442.0,0.018,
14:18:16.00,24-07-14,28.153528833333333°„N,104.80221116666667°„E,442.1,0.046,
14:18:17.00,24-07-14,28.153528833333333°„N,104.802211°„E,442.1,0.040,
14:18:18.00,24-07-14,28.153528833333333°„N,104.802211°„E,442.2,0.046,
14:18:19.00,24-07-14,28.153529°„N,104.80221116666667°„E,442.2,0.067,
14:18:20.00,24-07-14,28.153529166666665°„N,104.80221133333333°„E,442.2,0.069,
14:18:21.00,24-07-14,28.153529166666665°„N,104.80221133333333°„E,442.2,0.067,
14:18:22.00,24-07-14,28.153529333333335°„N,104.8022115°„E,442.2,0.068,
14:18:23.00,24-07-14,28.153529333333335°„N,104.8022115°„E,442.2,0.042,
14:18:24.00,24-07-14,28.153529333333335°„N,104.8022115°„E,442.2,0.050,
14:18:25.00,24-07-14,28.153529166666665°„N,104.8022115°„E,442.3,0.012,
14:18:26.00,24-07-14,28.153529166666665°„N,104.8022115°„E,442.3,0.019,
14:18:27.00,24-07-14,28.153529166666665°„N,104.8022115°„E,442.4,0.012,
14:18:28.00,24-07-14,28.153529166666665°„N,104.80221166666666°„E,442.5,0.053,
14:18:29.00,24-07-14,28.153529°„N,104.80221166666666°„E,442.6,0.030,
14:18:30.00,24-07-14,28.153529°„N,104.80221183333333°„E,442.7,0.020,
14:18:31.00,24-07-14,28.153529°„N,104.80221183333333°„E,442.7,0.033,
14:18:32.00,24-07-14,28.153529166666665°„N,104.802212°„E,442.7,0.047,
14:18:33.00,24-07-14,28.153529166666665°„N,104.802212°„E,442.8,0.061,
14:18:34.00,24-07-14,28.153529333333335°„N,104.80221216666666°„E,442.8,0.050,
14:18:35.00,24-07-14,28.153529333333335°„N,104.80221216666666°„E,442.9,0.060,
14:18:36.00,24-07-14,28.153529333333335°„N,104.80221216666666°„E,442.9,0.034,
14:18:37.00,24-07-14,28.153529333333335°„N,104.802212°„E,443.0,0.013,
14:18:38.00,24-07-14,28.153529333333335°„N,104.80221183333333°„E,443.0,0.024,
14:18:39.00,24-07-14,28.153529333333335°„N,104.80221183333333°„E,443.1,0.020,
14:18:40.00,24-07-14,28.153529166666665°„N,104.80221166666666°„E,443.2,0.015,
14:18:41.00,24-07-14,28.153529166666665°„N,104.8022115°„E,443.2,0.027,
14:18:42.00,24-07-14,28.153529166666665°„N,104.8022115°„E,443.3,0.040,
14:18:43.00,24-07-14,28.153529166666665°„N,104.80221133333333°„E,443.3,0.035,
14:18:44.00,24-07-14,28.153529166666665°„N,104.80221116666667°„E,443.3,0.016,
14:18:45.00,24-07-14,28.153529333333335°„N,104.802211°„E,443.3,0.040,
14:18:46.00,24-07-14,28.153529333333335°„N,104.802211°„E,443.3,0.040,
14:18:47.00,24-07-14,28.1535295°„N,104.80221083333333°„E,443.3,0.024,
14:18:48.00,24-07-14,28.1535295°„N,104.80221066666667°„E,443.3,0.036,
14:18:49.00,24-07-14,28.153529666666667°„N,104.8022105°„E,443.3,0.003,
14:18:50.00,24-07-14,28.153529666666667°„N,104.80221033333333°„E,443.4,0.058,
14:18:51.00,24-07-14,28.1535295°„N,104.80221016666667°„E,443.5,0.046,
14:18:52.00,24-07-14,28.1535295°„N,104.80221°„E,443.6,0.048,
14:18:53.00,24-07-14,28.153529666666667°„N,104.80220966666667°„E,443.7,0.026,
14:18:54.00,24-07-14,28.153529666666667°„N,104.8022095°„E,443.7,0.034,
14:18:55.00,24-07-14,28.153529666666667°„N,104.8022095°„E,443.8,0.038,
14:18:56.00,24-07-14,28.153529666666667°„N,104.80220933333334°„E,443.8,0.031,
14:18:57.00,24-07-14,28.153529833333334°„N,104.80220916666667°„E,443.8,0.016,
14:18:58.00,24-07-14,28.153529666666667°„N,104.802209°„E,443.9,0.027,
14:18:59.00,24-07-14,28.153529666666667°„N,104.80220883333334°„E,443.9,0.020,
14:19:00.00,24-07-14,28.153529666666667°„N,104.80220866666667°„E,443.9,0.029,
14:19:01.00,24-07-14,28.1535295°„N,104.8022085°„E,444.0,0.012,
14:19:02.00,24-07-14,28.1535295°„N,104.80220816666667°„E,444.0,0.052,
14:19:03.00,24-07-14,28.1535295°„N,104.802208°„E,444.1,0.018,
14:19:04.00,24-07-14,28.1535295°„N,104.80220766666666°„E,444.1,0.025,
14:19:05.00,24-07-14,28.1535295°„N,104.8022075°„E,444.1,0.051,
14:19:06.00,24-07-14,28.1535295°„N,104.8022075°„E,444.1,0.025,
14:19:07.00,24-07-14,28.1535295°„N,104.80220733333333°„E,444.1,0.032,
14:19:08.00,24-07-14,28.1535295°„N,104.80220733333333°„E,444.1,0.045,
14:19:09.00,24-07-14,28.1535295°„N,104.80220733333333°„E,444.1,0.058,
14:19:10.00,24-07-14,28.1535295°„N,104.80220733333333°„E,444.1,0.048,
14:19:11.00,24-07-14,28.1535295°„N,104.80220733333333°„E,444.1,0.018,
14:19:12.00,24-07-14,28.1535295°„N,104.80220716666666°„E,444.1,0.028,
14:19:13.00,24-07-14,28.153529333333335°„N,104.80220716666666°„E,444.1,0.026,
14:19:14.00,24-07-14,28.153529166666665°„N,104.802207°„E,444.1,0.032,
14:19:15.00,24-07-14,28.153529166666665°„N,104.802207°„E,444.2,0.027,
14:19:16.00,24-07-14,28.153529°„N,104.802207°„E,444.2,0.005,
14:19:17.00,24-07-14,28.153529°„N,104.80220683333333°„E,444.2,0.009,
14:19:18.00,24-07-14,28.153528833333333°„N,104.802207°„E,444.2,0.054,
14:19:19.00,24-07-14,28.153528833333333°„N,104.80220716666666°„E,444.1,0.042,
14:19:20.00,24-07-14,28.153528833333333°„N,104.80220716666666°„E,444.1,0.065,
14:19:21.00,24-07-14,28.153528666666666°„N,104.80220716666666°„E,444.0,0.040,
14:19:22.00,24-07-14,28.1535285°„N,104.80220733333333°„E,444.0,0.042,
14:19:23.00,24-07-14,28.1535285°„N,104.80220733333333°„E,444.0,0.031,
14:19:24.00,24-07-14,28.1535285°„N,104.8022075°„E,443.9,0.049,
14:19:25.00,24-07-14,28.153528333333334°„N,104.8022075°„E,443.9,0.025,
14:19:26.00,24-07-14,28.153528333333334°„N,104.8022075°„E,443.9,0.021,
14:19:27.00,24-07-14,28.153528333333334°„N,104.8022075°„E,443.9,0.045,
14:19:28.00,24-07-14,28.153528333333334°„N,104.80220766666666°„E,443.9,0.032,
14:19:29.00,24-07-14,28.153528333333334°„N,104.80220766666666°„E,443.9,0.028,
14:19:30.00,24-07-14,28.153528333333334°„N,104.802208°„E,443.9,0.053,
14:19:31.00,24-07-14,28.153528166666668°„N,104.80220816666667°„E,443.9,0.069,
14:19:32.00,24-07-14,28.153528333333334°„N,104.80220833333334°„E,443.9,0.064,
14:19:33.00,24-07-14,28.153528333333334°„N,104.8022085°„E,443.8,0.048,
14:19:34.00,24-07-14,28.153528333333334°„N,104.80220866666667°„E,443.8,0.017,
14:19:35.00,24-07-14,28.1535285°„N,104.80220883333334°„E,443.7,0.028,
14:19:36.00,24-07-14,28.153528333333334°„N,104.80220883333334°„E,443.7,0.028,
14:19:37.00,24-07-14,28.153528333333334°„N,104.80220883333334°„E,443.7,0.012,
14:19:38.00,24-07-14,28.153528166666668°„N,104.802209°„E,443.7,0.011,
14:19:39.00,24-07-14,28.153528°„N,104.802209°„E,443.8,0.017,
14:19:40.00,24-07-14,28.153528°„N,104.80220933333334°„E,443.8,0.042,
14:19:41.00,24-07-14,28.15352783333333°„N,104.8022095°„E,443.8,0.027,
14:19:42.00,24-07-14,28.1535275°„N,104.80220983333334°„E,443.8,0.073,
14:19:43.00,24-07-14,28.153527333333333°„N,104.80221°„E,443.7,0.048,
14:19:44.00,24-07-14,28.153527166666667°„N,104.80221033333333°„E,443.7,0.060,
14:19:45.00,24-07-14,28.153527166666667°„N,104.80221066666667°„E,443.7,0.028,
14:19:46.00,24-07-14,28.153527°„N,104.80221083333333°„E,443.6,0.022,
14:19:47.00,24-07-14,28.153526833333334°„N,104.802211°„E,443.6,0.017,
14:19:48.00,24-07-14,28.153526666666668°„N,104.802211°„E,443.5,0.062,
14:19:49.00,24-07-14,28.153526666666668°„N,104.80221116666667°„E,443.6,0.032,
14:19:50.00,24-07-14,28.1535265°„N,104.80221133333333°„E,443.6,0.017,
14:19:51.00,24-07-14,28.153526333333332°„N,104.8022115°„E,443.6,0.028,
14:19:52.00,24-07-14,28.153526333333332°„N,104.80221166666666°„E,443.6,0.010,
14:19:53.00,24-07-14,28.153526333333332°„N,104.80221183333333°„E,443.6,0.043,
14:19:54.00,24-07-14,28.153526166666666°„N,104.80221216666666°„E,443.6,0.062,
14:19:55.00,24-07-14,28.153526166666666°„N,104.80221233333333°„E,443.6,0.025,
14:19:56.00,24-07-14,28.153526166666666°„N,104.80221233333333°„E,443.6,0.027,
14:19:57.00,24-07-14,28.153526166666666°„N,104.8022125°„E,443.5,0.027,
14:19:58.00,24-07-14,28.153526166666666°„N,104.8022125°„E,443.5,0.043,
14:19:59.00,24-07-14,28.153526°„N,104.8022125°„E,443.5,0.005,
14:20:00.00,24-07-14,28.153526°„N,104.80221266666666°„E,443.4,0.031,
14:20:01.00,24-07-14,28.153525833333333°„N,104.80221266666666°„E,443.4,0.026,
14:20:02.00,24-07-14,28.153525666666667°„N,104.80221266666666°„E,443.4,0.039,
14:20:03.00,24-07-14,28.1535255°„N,104.80221266666666°„E,443.5,0.048,
14:20:04.00,24-07-14,28.153525333333334°„N,104.80221266666666°„E,443.5,0.049,
14:20:05.00,24-07-14,28.153525166666668°„N,104.80221266666666°„E,443.5,0.052,
14:20:06.00,24-07-14,28.153525166666668°„N,104.80221283333333°„E,443.5,0.021,
14:20:07.00,24-07-14,28.153525166666668°„N,104.802213°„E,443.5,0.083,
14:20:08.00,24-07-14,28.153525333333334°„N,104.80221333333333°„E,443.4,0.087,
14:20:09.00,24-07-14,28.153525333333334°„N,104.80221333333333°„E,443.4,0.042,
14:20:10.00,24-07-14,28.153525333333334°„N,104.8022135°„E,443.3,0.069,
14:20:11.00,24-07-14,28.153525333333334°„N,104.80221366666666°„E,443.3,0.080,
14:20:12.00,24-07-14,28.153525333333334°„N,104.80221366666666°„E,443.3,0.055,
14:20:13.00,24-07-14,28.153525166666668°„N,104.80221366666666°„E,443.3,0.014,
14:20:14.00,24-07-14,28.153525166666668°„N,104.80221366666666°„E,443.3,0.005,
14:20:15.00,24-07-14,28.153525166666668°„N,104.80221366666666°„E,443.4,0.048,
14:20:16.00,24-07-14,28.153525°„N,104.80221366666666°„E,443.4,0.077,
14:20:17.00,24-07-14,28.153525°„N,104.80221366666666°„E,443.4,0.069,
14:20:18.00,24-07-14,28.153525°„N,104.80221366666666°„E,443.4,0.018,
14:20:19.00,24-07-14,28.153525166666668°„N,104.80221383333334°„E,443.4,0.038,
14:20:20.00,24-07-14,28.153525166666668°„N,104.80221383333334°„E,443.4,0.028,
14:20:21.00,24-07-14,28.153525333333334°„N,104.802214°„E,443.3,0.031,
14:20:22.00,24-07-14,28.153525333333334°„N,104.802214°„E,443.3,0.061,
14:20:23.00,24-07-14,28.153525333333334°„N,104.802214°„E,443.3,0.028,
14:20:24.00,24-07-14,28.153525333333334°„N,104.80221416666667°„E,443.3,0.030,
14:20:25.00,24-07-14,28.153525333333334°„N,104.80221416666667°„E,443.3,0.010,
14:20:26.00,24-07-14,28.1535255°„N,104.80221416666667°„E,443.3,0.031,
14:20:27.00,24-07-14,28.153525333333334°„N,104.80221433333334°„E,443.4,0.037,
14:20:28.00,24-07-14,28.153525333333334°„N,104.8022145°„E,443.4,0.037,
14:20:29.00,24-07-14,28.153525166666668°„N,104.8022145°„E,443.5,0.031,
14:20:30.00,24-07-14,28.153525°„N,104.80221466666667°„E,443.5,0.060,
14:20:31.00,24-07-14,28.153525°„N,104.80221483333334°„E,443.6,0.044,
14:20:32.00,24-07-14,28.153525°„N,104.80221483333334°„E,443.6,0.030,
14:20:33.00,24-07-14,28.153524666666666°„N,104.80221316666666°„E,443.6,0.939,259.39
14:20:34.00,24-07-14,28.1535235°„N,104.80220616666666°„E,443.5,3.220,260.97
14:20:35.00,24-07-14,28.153521833333333°„N,104.80219433333333°„E,443.5,4.631,261.06
14:20:36.00,24-07-14,28.153519333333332°„N,104.80218°„E,443.5,5.343,260.11
14:20:37.00,24-07-14,28.15351666666667°„N,104.80216366666667°„E,443.5,5.975,260.34
14:20:38.00,24-07-14,28.153514166666668°„N,104.802147°„E,443.5,5.932,260.95
14:20:39.00,24-07-14,28.153512°„N,104.80213066666667°„E,443.5,5.673,259.81
14:20:40.00,24-07-14,28.1535095°„N,104.80211433333334°„E,443.5,5.921,259.87
14:20:41.00,24-07-14,28.153506166666666°„N,104.80209783333333°„E,443.5,5.881,257.33
14:20:42.00,24-07-14,28.153501333333335°„N,104.80208066666667°„E,443.3,6.601,253.40
14:20:43.00,24-07-14,28.1534955°„N,104.80206216666667°„E,443.1,7.057,251.77
14:20:44.00,24-07-14,28.153490333333334°„N,104.8020425°„E,442.8,7.251,253.13
14:20:45.00,24-07-14,28.153484166666665°„N,104.80202166666666°„E,442.7,7.852,251.15
14:20:46.00,24-07-14,28.153477666666667°„N,104.80199816666666°„E,442.6,9.038,253.18
14:20:47.00,24-07-14,28.153470833333333°„N,104.8019705°„E,442.4,10.649,253.69
14:20:48.00,24-07-14,28.153463°„N,104.801939°„E,442.2,11.937,253.90
14:20:49.00,24-07-14,28.153453°„N,104.80190483333334°„E,442.0,13.002,250.48
14:20:50.00,24-07-14,28.153439833333334°„N,104.80186933333333°„E,441.7,13.979,246.25
14:20:51.00,24-07-14,28.153422833333334°„N,104.80183216666667°„E,441.6,15.141,241.35
14:20:52.00,24-07-14,28.153402166666666°„N,104.80179416666667°„E,441.3,16.010,237.38
14:20:53.00,24-07-14,28.1533785°„N,104.801756°„E,441.1,16.690,233.82
14:20:54.00,24-07-14,28.1533515°„N,104.80171816666666°„E,440.9,17.362,229.71
14:20:55.00,24-07-14,28.153320166666667°„N,104.8016815°„E,440.6,18.274,224.15
14:20:56.00,24-07-14,28.153285°„N,104.8016465°„E,440.2,18.880,220.28
14:20:57.00,24-07-14,28.153246°„N,104.80161416666667°„E,439.9,19.580,214.35
14:20:58.00,24-07-14,28.153203166666668°„N,104.80158516666667°„E,439.7,20.052,209.37
14:20:59.00,24-07-14,28.153157833333335°„N,104.80156066666666°„E,439.4,20.178,203.91
14:21:00.00,24-07-14,28.153110333333334°„N,104.801541°„E,439.1,20.193,198.42
14:21:01.00,24-07-14,28.153061833333332°„N,104.8015235°„E,438.9,20.307,197.23
14:21:02.00,24-07-14,28.153013833333333°„N,104.80150766666667°„E,438.9,19.838,195.92
14:21:03.00,24-07-14,28.1529665°„N,104.8014925°„E,438.8,19.608,195.65
14:21:04.00,24-07-14,28.152919°„N,104.801477°„E,438.7,19.850,195.92
14:21:05.00,24-07-14,28.152870333333333°„N,104.8014615°„E,438.7,20.380,195.29
14:21:06.00,24-07-14,28.152820666666667°„N,104.80144583333333°„E,438.3,20.768,195.69
14:21:07.00,24-07-14,28.15277°„N,104.80142833333333°„E,438.3,21.255,197.63
14:21:08.00,24-07-14,28.152718333333333°„N,104.80140833333333°„E,438.3,22.039,199.61
14:21:09.00,24-07-14,28.1526665°„N,104.8013855°„E,438.3,22.376,202.31
14:21:10.00,24-07-14,28.152616333333334°„N,104.8013595°„E,438.2,21.872,205.37
14:21:11.00,24-07-14,28.152568166666665°„N,104.80133066666667°„E,438.0,21.557,208.72
14:21:12.00,24-07-14,28.152521°„N,104.80129983333333°„E,438.1,21.800,210.57
14:21:13.00,24-07-14,28.152475°„N,104.80126516666667°„E,438.0,22.093,214.59
14:21:14.00,24-07-14,28.1524325°„N,104.80122666666666°„E,438.0,21.761,219.90
14:21:15.00,24-07-14,28.152392833333334°„N,104.8011845°„E,437.9,21.757,224.16
14:21:16.00,24-07-14,28.152355833333335°„N,104.80113966666667°„E,437.9,21.632,227.89
14:21:17.00,24-07-14,28.152322333333334°„N,104.80109133333333°„E,437.9,21.767,233.40
14:21:18.00,24-07-14,28.152292166666665°„N,104.80104033333333°„E,437.9,21.581,237.19
14:21:19.00,24-07-14,28.152265°„N,104.800987°„E,438.0,21.761,241.21
14:21:20.00,24-07-14,28.1522415°„N,104.80093133333334°„E,438.0,21.804,245.74
14:21:21.00,24-07-14,28.152221833333332°„N,104.80087333333333°„E,438.1,21.891,250.14
14:21:22.00,24-07-14,28.1522035°„N,104.80081633333333°„E,438.1,21.140,249.38
14:21:23.00,24-07-14,28.152190166666667°„N,104.8007565°„E,438.2,21.992,258.06
14:21:24.00,24-07-14,28.1521815°„N,104.80069533333334°„E,438.3,21.612,261.81
14:21:25.00,24-07-14,28.1521765°„N,104.80063533333333°„E,438.4,21.097,265.63
14:21:26.00,24-07-14,28.152174°„N,104.8005765°„E,438.5,20.639,267.91
14:21:27.00,24-07-14,28.152173166666667°„N,104.80051816666666°„E,438.6,20.472,269.38
14:21:28.00,24-07-14,28.152173°„N,104.8004605°„E,438.6,20.245,270.13
14:21:29.00,24-07-14,28.152172833333335°„N,104.80040316666667°„E,438.4,20.205,269.58
14:21:30.00,24-07-14,28.152172333333333°„N,104.800345°„E,438.4,20.639,269.42
14:21:31.00,24-07-14,28.152171°„N,104.80028583333333°„E,438.3,21.003,268.45
14:21:32.00,24-07-14,28.1521685°„N,104.80022516666666°„E,438.3,21.514,266.96
14:21:33.00,24-07-14,28.152164166666665°„N,104.800164°„E,438.1,21.764,264.98
14:21:34.00,24-07-14,28.1521605°„N,104.80010383333334°„E,438.0,21.187,266.57
14:21:35.00,24-07-14,28.152159166666667°„N,104.80004616666666°„E,437.8,20.031,269.54
14:21:36.00,24-07-14,28.152159666666666°„N,104.79998983333333°„E,437.7,19.833,271.10
14:21:37.00,24-07-14,28.1521615°„N,104.79993066666667°„E,437.3,21.287,272.34
14:21:38.00,24-07-14,28.152164166666665°„N,104.79986883333333°„E,436.9,22.013,273.00
14:21:39.00,24-07-14,28.152165666666665°„N,104.79980616666667°„E,436.5,22.134,271.01
14:21:40.00,24-07-14,28.1521645°„N,104.79974383333334°„E,436.1,21.974,267.96
14:21:41.00,24-07-14,28.152161166666666°„N,104.7996825°„E,435.7,21.528,266.24
14:21:42.00,24-07-14,28.152157°„N,104.799622°„E,435.2,21.415,265.16
14:21:43.00,24-07-14,28.1521535°„N,104.79956216666666°„E,434.8,21.063,266.68
14:21:44.00,24-07-14,28.152150666666667°„N,104.799503°„E,434.5,20.780,266.77
14:21:45.00,24-07-14,28.152147833333334°„N,104.7994445°„E,434.2,20.606,267.08
14:21:46.00,24-07-14,28.152142666666666°„N,104.79938766666666°„E,433.9,20.055,263.42
14:21:47.00,24-07-14,28.152133°„N,104.79933283333334°„E,433.7,19.599,256.95
14:21:48.00,24-07-14,28.1521175°„N,104.79928033333333°„E,433.4,19.493,249.81
14:21:49.00,24-07-14,28.152098833333334°„N,104.79923°„E,433.1,19.171,246.28
14:21:50.00,24-07-14,28.152076333333333°„N,104.799183°„E,432.9,18.721,239.78
14:21:51.00,24-07-14,28.152049666666667°„N,104.7991405°„E,432.8,18.288,232.67
14:21:52.00,24-07-14,28.152018666666667°„N,104.7991025°„E,432.5,18.235,225.13
14:21:53.00,24-07-14,28.151984333333335°„N,104.79906933333334°„E,432.3,17.912,218.46
14:21:54.00,24-07-14,28.151947°„N,104.79904°„E,432.1,18.218,213.16
14:21:55.00,24-07-14,28.151905333333332°„N,104.7990135°„E,431.9,19.427,208.35
14:21:56.00,24-07-14,28.151861166666666°„N,104.7989875°„E,431.8,20.129,207.00
14:21:57.00,24-07-14,28.151813666666666°„N,104.7989635°„E,431.6,21.115,203.11
14:21:58.00,24-07-14,28.151763166666665°„N,104.79894033333333°„E,431.5,22.081,201.66
14:21:59.00,24-07-14,28.151711666666667°„N,104.798918°„E,431.3,22.039,200.58
14:22:00.00,24-07-14,28.151658833333332°„N,104.7988965°„E,431.0,22.588,199.35
14:22:01.00,24-07-14,28.151607333333335°„N,104.79887633333334°„E,430.8,21.390,198.90
14:22:02.00,24-07-14,28.1515565°„N,104.798857°„E,430.6,21.511,198.78
14:22:03.00,24-07-14,28.151504666666668°„N,104.79883866666667°„E,430.5,21.832,197.05
14:22:04.00,24-07-14,28.1514535°„N,104.79882316666666°„E,430.3,20.895,194.17
14:22:05.00,24-07-14,28.151404°„N,104.79881116666667°„E,430.1,20.040,191.37
14:22:06.00,24-07-14,28.151355333333335°„N,104.79880216666666°„E,429.8,19.597,188.53
14:22:07.00,24-07-14,28.151307166666665°„N,104.79879816666667°„E,429.6,19.205,182.86
14:22:08.00,24-07-14,28.151258833333333°„N,104.79879933333333°„E,429.6,19.670,177.42
14:22:09.00,24-07-14,28.151210166666665°„N,104.79880616666667°„E,429.3,19.695,171.07
14:22:10.00,24-07-14,28.151159833333335°„N,104.7988185°„E,429.1,21.116,167.02
14:22:11.00,24-07-14,28.151105833333332°„N,104.79883433333333°„E,428.7,22.902,164.58
14:22:12.00,24-07-14,28.151049166666667°„N,104.79885166666666°„E,428.3,23.760,164.37
14:22:13.00,24-07-14,28.150991166666667°„N,104.79887°„E,427.5,24.347,164.32
14:22:14.00,24-07-14,28.150931°„N,104.79888816666667°„E,426.9,25.102,165.34
14:22:15.00,24-07-14,28.1508695°„N,104.79890666666667°„E,426.4,25.588,165.28
14:22:16.00,24-07-14,28.150806833333334°„N,104.7989245°„E,425.8,25.999,166.33
14:22:17.00,24-07-14,28.150742333333334°„N,104.79894266666666°„E,425.2,26.682,166.14
14:22:18.00,24-07-14,28.150677°„N,104.798961°„E,424.6,26.940,166.22
14:22:19.00,24-07-14,28.150613°„N,104.79897933333334°„E,424.0,26.225,165.87
14:22:20.00,24-07-14,28.150550833333334°„N,104.79899683333333°„E,423.4,25.333,166.20
14:22:21.00,24-07-14,28.150491333333335°„N,104.79901383333333°„E,422.8,24.226,165.69
14:22:22.00,24-07-14,28.150434666666666°„N,104.79903033333333°„E,422.2,23.057,165.71
14:22:23.00,24-07-14,28.150380166666668°„N,104.799046°„E,421.5,22.205,166.01
14:22:24.00,24-07-14,28.150328666666667°„N,104.79906066666666°„E,421.1,20.949,166.60
14:22:25.00,24-07-14,28.150279666666666°„N,104.79907216666666°„E,420.6,19.694,169.59
14:22:26.00,24-07-14,28.150230333333333°„N,104.79907816666666°„E,420.4,20.015,175.38
14:22:27.00,24-07-14,28.150179666666666°„N,104.79908016666667°„E,419.9,20.532,179.10
14:22:28.00,24-07-14,28.150127166666667°„N,104.799078°„E,419.2,21.444,183.40
14:22:29.00,24-07-14,28.150074°„N,104.79907166666666°„E,418.7,21.591,187.03
14:22:30.00,24-07-14,28.150020166666668°„N,104.79906183333334°„E,418.3,22.067,190.23
14:22:31.00,24-07-14,28.149963333333332°„N,104.79904866666666°„E,417.9,23.723,192.04
14:22:32.00,24-07-14,28.149905°„N,104.7990335°„E,417.6,23.979,193.33
14:22:33.00,24-07-14,28.149847666666666°„N,104.79901833333334°„E,417.3,23.213,193.37
14:22:34.00,24-07-14,28.1497945°„N,104.79900033333334°„E,417.0,21.786,198.18
14:22:35.00,24-07-14,28.149743166666667°„N,104.798984°„E,416.9,20.973,195.04
14:22:36.00,24-07-14,28.149693833333334°„N,104.79896716666667°„E,416.6,20.222,197.55
14:22:37.00,24-07-14,28.149645333333332°„N,104.7989495°„E,416.5,20.275,198.47
14:22:38.00,24-07-14,28.14959483333333°„N,104.79893116666666°„E,416.4,21.396,197.42
14:22:39.00,24-07-14,28.149544333333335°„N,104.798913°„E,416.1,21.185,197.74
14:22:40.00,24-07-14,28.149494166666667°„N,104.79889766666666°„E,415.8,20.589,194.03
14:22:41.00,24-07-14,28.149443333333334°„N,104.79888316666667°„E,415.5,21.103,194.34
14:22:42.00,24-07-14,28.1493895°„N,104.79886916666666°„E,415.3,22.395,192.45
14:22:43.00,24-07-14,28.149334°„N,104.79885633333333°„E,415.1,22.740,191.75
14:22:44.00,24-07-14,28.149279°„N,104.79884516666667°„E,414.9,22.193,189.67
14:22:45.00,24-07-14,28.1492255°„N,104.79883533333333°„E,414.7,21.239,189.00
14:22:46.00,24-07-14,28.1491725°„N,104.79882583333334°„E,414.4,21.509,188.80
14:22:47.00,24-07-14,28.149118166666668°„N,104.7988165°„E,414.1,22.084,188.65
14:22:48.00,24-07-14,28.1490635°„N,104.79880583333333°„E,413.8,22.160,190.34
14:22:49.00,24-07-14,28.149009166666666°„N,104.798793°„E,413.7,22.147,192.68
14:22:50.00,24-07-14,28.148957166666666°„N,104.79877883333333°„E,413.6,20.952,194.55
14:22:51.00,24-07-14,28.1489065°„N,104.79876516666667°„E,413.5,20.686,193.72
14:22:52.00,24-07-14,28.148854666666665°„N,104.7987525°„E,413.6,21.225,191.99
14:22:53.00,24-07-14,28.1488035°„N,104.79874216666667°„E,413.4,20.595,189.52
14:22:54.00,24-07-14,28.148753166666665°„N,104.79873533333334°„E,413.1,19.976,185.86
14:22:55.00,24-07-14,28.148704666666667°„N,104.79873183333333°„E,412.8,19.030,182.96
14:22:56.00,24-07-14,28.148657°„N,104.79873333333333°„E,412.5,19.001,177.55
14:22:57.00,24-07-14,28.1486085°„N,104.79873316666666°„E,412.6,19.561,181.49
14:22:58.00,24-07-14,28.148558166666668°„N,104.79873316666666°„E,412.6,20.415,179.84
14:22:59.00,24-07-14,28.148506333333334°„N,104.798738°„E,412.9,20.919,176.14
14:23:00.00,24-07-14,28.148453666666665°„N,104.79874366666667°„E,413.0,21.027,174.32
14:23:01.00,24-07-14,28.1484015°„N,104.79875483333333°„E,413.1,21.220,168.22
14:23:02.00,24-07-14,28.148350166666667°„N,104.79877°„E,412.7,21.100,165.86
14:23:03.00,24-07-14,28.148300666666668°„N,104.798785°„E,412.6,20.061,165.24
14:23:04.00,24-07-14,28.148253°„N,104.79879983333333°„E,412.6,19.732,164.05
14:23:05.00,24-07-14,28.148205833333332°„N,104.798816°„E,412.7,19.759,162.84
14:23:06.00,24-07-14,28.148158166666665°„N,104.79883416666667°„E,412.1,19.906,161.07
14:23:07.00,24-07-14,28.148110166666665°„N,104.79885283333333°„E,411.6,20.270,160.73
14:23:08.00,24-07-14,28.148062666666668°„N,104.79887566666666°„E,411.6,20.538,157.30
14:23:09.00,24-07-14,28.1480175°„N,104.79890116666667°„E,411.4,19.800,152.26
14:23:10.00,24-07-14,28.147975333333335°„N,104.79892883333333°„E,410.5,19.113,148.61
14:23:11.00,24-07-14,28.147936°„N,104.7989595°„E,409.4,19.004,144.12
14:23:12.00,24-07-14,28.147897666666665°„N,104.7989935°„E,409.8,19.383,141.38
14:23:13.00,24-07-14,28.147860166666668°„N,104.79902883333334°„E,409.7,19.360,139.31
14:23:14.00,24-07-14,28.1478245°„N,104.799063°„E,409.5,18.099,139.65
14:23:15.00,24-07-14,28.147792333333335°„N,104.799091°„E,409.3,15.246,142.75
14:23:16.00,24-07-14,28.147760333333334°„N,104.79911433333334°„E,409.2,15.058,147.50
14:23:17.00,24-07-14,28.14772766666667°„N,104.79913966666666°„E,409.5,16.072,145.60
14:23:18.00,24-07-14,28.147695666666667°„N,104.799171°„E,409.4,17.128,138.19
14:23:19.00,24-07-14,28.1476645°„N,104.7992065°„E,409.1,17.772,134.65
14:23:20.00,24-07-14,28.1476345°„N,104.7992435°„E,408.8,17.497,132.54
14:23:21.00,24-07-14,28.147605333333335°„N,104.7992815°„E,408.9,17.635,132.67
14:23:22.00,24-07-14,28.147572333333333°„N,104.79931683333334°„E,408.8,18.202,138.16
14:23:23.00,24-07-14,28.147537°„N,104.79935133333333°„E,408.5,18.750,139.24
14:23:24.00,24-07-14,28.1475°„N,104.799385°„E,408.3,19.186,140.99
14:23:25.00,24-07-14,28.1474625°„N,104.79941866666667°„E,408.1,19.147,141.07
14:23:26.00,24-07-14,28.1474255°„N,104.7994525°„E,407.8,18.983,140.24
14:23:27.00,24-07-14,28.147387666666667°„N,104.79948466666667°„E,407.7,18.917,142.85
14:23:28.00,24-07-14,28.147347°„N,104.79951566666666°„E,407.4,19.730,145.40
14:23:29.00,24-07-14,28.147302833333335°„N,104.79954333333333°„E,407.0,20.200,152.28
14:23:30.00,24-07-14,28.147255333333334°„N,104.79956383333334°„E,406.6,20.249,160.25
14:23:31.00,24-07-14,28.147205833333334°„N,104.799578°„E,406.3,20.311,166.85
14:23:32.00,24-07-14,28.147155166666668°„N,104.799587°„E,406.1,20.445,171.87
14:23:33.00,24-07-14,28.147105°„N,104.79959383333333°„E,406.6,19.837,173.40
14:23:34.00,24-07-14,28.147054666666666°„N,104.79959583333333°„E,406.4,20.183,179.36
14:23:35.00,24-07-14,28.147003666666667°„N,104.79959583333333°„E,407.2,20.191,180.46
14:23:36.00,24-07-14,28.14695366666667°„N,104.79959483333333°„E,406.9,19.571,179.56
14:23:37.00,24-07-14,28.146903666666667°„N,104.799598°„E,406.9,20.102,175.55
14:23:38.00,24-07-14,28.146853333333333°„N,104.79960566666666°„E,407.5,20.524,173.41
14:23:39.00,24-07-14,28.146801666666665°„N,104.799616°„E,407.4,20.937,168.35
14:23:40.00,24-07-14,28.1467505°„N,104.79963166666667°„E,407.4,21.152,163.66
14:23:41.00,24-07-14,28.146699333333334°„N,104.79965233333333°„E,407.7,21.839,159.19
14:23:42.00,24-07-14,28.146648666666668°„N,104.79967766666667°„E,407.7,22.177,154.71
14:23:43.00,24-07-14,28.146600833333334°„N,104.799706°„E,407.6,21.126,151.30
14:23:44.00,24-07-14,28.146556166666667°„N,104.79973616666666°„E,407.4,20.616,147.54
14:23:45.00,24-07-14,28.146512°„N,104.79976766666667°„E,407.6,20.919,147.70
14:23:46.00,24-07-14,28.146468833333333°„N,104.79979833333333°„E,407.4,20.041,147.59
14:23:47.00,24-07-14,28.1464285°„N,104.7998275°„E,407.0,18.658,146.28
14:23:48.00,24-07-14,28.146390166666666°„N,104.79985616666667°„E,406.8,18.126,146.32
14:23:49.00,24-07-14,28.146352°„N,104.79988566666667°„E,406.6,18.691,144.47
14:23:50.00,24-07-14,28.146313°„N,104.79991616666666°„E,406.5,19.136,145.09
14:23:51.00,24-07-14,28.146273166666667°„N,104.79994766666667°„E,406.1,19.704,143.68
14:23:52.00,24-07-14,28.146232833333332°„N,104.7999805°„E,405.7,20.095,142.88
14:23:53.00,24-07-14,28.146191166666668°„N,104.80001466666667°„E,405.1,20.839,143.40
14:23:54.00,24-07-14,28.146148833333335°„N,104.80005083333333°„E,404.9,21.446,142.31
14:23:55.00,24-07-14,28.146104833333332°„N,104.8000875°„E,404.6,22.114,143.58
14:23:56.00,24-07-14,28.1460585°„N,104.80012383333333°„E,404.5,22.790,144.99
14:23:57.00,24-07-14,28.146012333333335°„N,104.80016266666667°„E,404.3,23.032,143.01
14:23:58.00,24-07-14,28.145967166666665°„N,104.800199°„E,404.4,21.891,144.92
14:23:59.00,24-07-14,28.1459225°„N,104.8002325°„E,404.2,21.176,146.72
14:24:00.00,24-07-14,28.145878°„N,104.8002605°„E,404.1,19.866,152.41
14:24:01.00,24-07-14,28.145834166666667°„N,104.80028083333333°„E,404.1,18.468,158.76
14:24:02.00,24-07-14,28.145789°„N,104.80029533333334°„E,404.1,18.896,166.05
14:24:03.00,24-07-14,28.145741333333334°„N,104.80030483333333°„E,404.0,19.427,170.97
14:24:04.00,24-07-14,28.1456945°„N,104.80030966666666°„E,404.1,18.332,175.28
14:24:05.00,24-07-14,28.145654°„N,104.80031116666666°„E,403.9,15.194,178.10
14:24:06.00,24-07-14,28.1456255°„N,104.800313°„E,404.0,10.107,178.66
14:24:07.00,24-07-14,28.145605°„N,104.8003135°„E,404.2,7.318,179.87
14:24:08.00,24-07-14,28.1455885°„N,104.8003135°„E,404.2,6.106,180.24
14:24:09.00,24-07-14,28.145574166666666°„N,104.80031416666667°„E,404.3,5.558,178.82
14:24:10.00,24-07-14,28.145559333333335°„N,104.80031533333333°„E,404.2,6.063,177.70
14:24:11.00,24-07-14,28.145541166666668°„N,104.80031683333333°„E,404.3,7.674,175.43
14:24:12.00,24-07-14,28.145521333333335°„N,104.8003205°„E,404.2,7.970,169.88
14:24:13.00,24-07-14,28.145503166666668°„N,104.8003285°„E,404.2,7.635,160.39
14:24:14.00,24-07-14,28.145489°„N,104.8003405°„E,404.3,6.949,141.51
14:24:15.00,24-07-14,28.145478333333333°„N,104.800357°„E,404.5,7.210,129.73
14:24:16.00,24-07-14,28.145470666666668°„N,104.800377°„E,404.6,7.951,113.62
14:24:17.00,24-07-14,28.145464666666665°„N,104.80040083333333°„E,404.4,9.378,104.48
14:24:18.00,24-07-14,28.1454615°„N,104.80043033333334°„E,404.2,11.055,96.94
14:24:19.00,24-07-14,28.145459666666667°„N,104.80046233333333°„E,404.0,11.732,92.77
14:24:20.00,24-07-14,28.145460333333332°„N,104.800498°„E,403.6,12.979,87.34
14:24:21.00,24-07-14,28.145462°„N,104.80053883333333°„E,403.7,14.810,86.77
14:24:22.00,24-07-14,28.145468°„N,104.80058033333333°„E,401.4,14.562,81.01
14:24:23.00,24-07-14,28.1454745°„N,104.8006245°„E,401.5,16.695,80.36
14:24:24.00,24-07-14,28.145486°„N,104.80067116666666°„E,401.5,17.380,74.59
14:24:25.00,24-07-14,28.145498833333335°„N,104.8007205°„E,401.5,18.546,74.16
14:24:26.00,24-07-14,28.145515°„N,104.80077016666667°„E,401.6,18.893,69.54
14:24:27.00,24-07-14,28.145533°„N,104.80082016666667°„E,401.6,19.209,67.88
14:24:28.00,24-07-14,28.1455525°„N,104.80087066666667°„E,402.0,19.612,65.45
14:24:29.00,24-07-14,28.145576166666668°„N,104.80091866666666°„E,402.1,19.424,59.29
14:24:30.00,24-07-14,28.145602833333335°„N,104.80096633333334°„E,402.6,20.175,57.06
14:24:31.00,24-07-14,28.145631333333334°„N,104.80101516666667°„E,402.9,20.847,56.39
14:24:32.00,24-07-14,28.145658666666666°„N,104.80106533333333°„E,403.1,20.926,58.40
14:24:33.00,24-07-14,28.145687833333334°„N,104.80111683333334°„E,403.0,21.914,57.60
14:24:34.00,24-07-14,28.145719°„N,104.80116866666667°„E,403.0,22.327,55.63
14:24:35.00,24-07-14,28.145751333333333°„N,104.80122133333333°„E,403.1,22.683,54.82
14:24:36.00,24-07-14,28.145784666666668°„N,104.80127433333334°„E,403.1,23.117,54.50
14:24:37.00,24-07-14,28.145819°„N,104.8013275°„E,403.2,23.324,53.74
14:24:38.00,24-07-14,28.145853833333334°„N,104.8013805°„E,403.2,23.268,53.45
14:24:39.00,24-07-14,28.145888°„N,104.801432°„E,403.4,22.445,53.46
14:24:40.00,24-07-14,28.145920666666665°„N,104.80148133333333°„E,403.5,21.335,53.81
14:24:41.00,24-07-14,28.1459525°„N,104.80153°„E,403.7,21.220,53.99
14:24:42.00,24-07-14,28.145983666666666°„N,104.80157933333334°„E,403.8,21.362,55.30
14:24:43.00,24-07-14,28.1460145°„N,104.80162716666666°„E,403.9,20.637,53.89
14:24:44.00,24-07-14,28.1460435°„N,104.80167133333333°„E,404.0,18.862,53.66
14:24:45.00,24-07-14,28.1460695°„N,104.80171166666666°„E,404.1,17.081,54.27
14:24:46.00,24-07-14,28.146093°„N,104.80174866666667°„E,404.4,15.618,54.78
14:24:47.00,24-07-14,28.146115°„N,104.8017825°„E,404.6,14.524,53.35
14:24:48.00,24-07-14,28.146136666666667°„N,104.80181783333333°„E,404.6,15.411,55.33
14:24:49.00,24-07-14,28.146157666666667°„N,104.80185416666667°„E,406.0,15.242,56.50
14:24:50.00,24-07-14,28.146180666666666°„N,104.8018905°„E,406.4,15.969,54.55
14:24:51.00,24-07-14,28.1462045°„N,104.80192716666667°„E,406.5,16.060,53.53
14:24:52.00,24-07-14,28.1462295°„N,104.801964°„E,406.6,16.489,52.29
14:24:53.00,24-07-14,28.146256°„N,104.8020015°„E,406.7,17.096,51.58
14:24:54.00,24-07-14,28.146284°„N,104.80204083333334°„E,406.7,17.993,51.25
14:24:55.00,24-07-14,28.146314°„N,104.80208133333333°„E,406.7,18.835,49.90
14:24:56.00,24-07-14,28.146346166666667°„N,104.80212233333333°„E,406.7,19.480,47.92
14:24:57.00,24-07-14,28.146380333333333°„N,104.80216316666667°„E,406.7,19.909,46.17
14:24:58.00,24-07-14,28.146417°„N,104.80220316666667°„E,406.8,20.329,43.48
14:24:59.00,24-07-14,28.146455833333334°„N,104.802242°„E,406.8,20.755,40.67
14:25:00.00,24-07-14,28.1464965°„N,104.80227966666666°„E,406.9,20.948,38.79
14:25:01.00,24-07-14,28.146538666666668°„N,104.80231533333334°„E,407.0,20.850,36.10
14:25:02.00,24-07-14,28.1465825°„N,104.80234916666667°„E,407.2,21.238,33.67
14:25:03.00,24-07-14,28.146627333333335°„N,104.80238183333333°„E,407.4,21.291,32.34
14:25:04.00,24-07-14,28.146672166666665°„N,104.80241383333333°„E,407.6,21.056,31.84
14:25:05.00,24-07-14,28.146716166666668°„N,104.80244433333333°„E,407.9,20.406,31.14
14:25:06.00,24-07-14,28.146760166666667°„N,104.802473°„E,408.1,20.285,29.34
14:25:07.00,24-07-14,28.146800166666665°„N,104.8025045°„E,408.4,19.011,37.07
14:25:08.00,24-07-14,28.146839833333335°„N,104.80253516666667°„E,408.5,19.209,33.46
14:25:09.00,24-07-14,28.1468775°„N,104.80256566666667°„E,408.7,18.209,36.39
14:25:10.00,24-07-14,28.146914833333334°„N,104.80259466666666°„E,408.8,17.907,34.10
14:25:11.00,24-07-14,28.146949666666668°„N,104.80262066666667°„E,408.8,16.047,33.38
14:25:12.00,24-07-14,28.146981°„N,104.802643°„E,408.9,14.172,32.07
14:25:13.00,24-07-14,28.14701°„N,104.8026635°„E,408.9,13.302,32.61
14:25:14.00,24-07-14,28.147037166666667°„N,104.802683°„E,408.9,12.438,32.85
14:25:15.00,24-07-14,28.147062333333334°„N,104.80270116666667°„E,409.0,11.632,32.69
14:25:16.00,24-07-14,28.147085833333332°„N,104.80271833333333°„E,409.0,10.841,32.78
14:25:17.00,24-07-14,28.147107833333333°„N,104.80273416666667°„E,409.0,10.084,32.42
14:25:18.00,24-07-14,28.1471265°„N,104.802747°„E,409.0,8.159,31.84
14:25:19.00,24-07-14,28.147140166666667°„N,104.80275633333333°„E,409.0,5.585,31.08
14:25:20.00,24-07-14,28.147152166666668°„N,104.80276366666666°„E,409.1,5.337,29.16
14:25:21.00,24-07-14,28.147165333333334°„N,104.802771°„E,409.2,6.093,26.37
14:25:22.00,24-07-14,28.147183333333334°„N,104.80278016666666°„E,409.2,8.566,24.94
14:25:23.00,24-07-14,28.147205833333334°„N,104.80279283333333°„E,409.3,10.630,27.20
14:25:24.00,24-07-14,28.147230666666665°„N,104.80280916666666°„E,409.4,11.878,30.67
14:25:25.00,24-07-14,28.147257333333332°„N,104.80282783333334°„E,409.6,12.721,31.81
14:25:26.00,24-07-14,28.147285666666665°„N,104.802848°„E,409.7,13.667,32.13
14:25:27.00,24-07-14,28.147314166666668°„N,104.80287°„E,410.0,13.976,34.41
14:25:28.00,24-07-14,28.147344166666667°„N,104.80289066666667°„E,410.1,14.123,31.08
14:25:29.00,24-07-14,28.147372°„N,104.802914°„E,410.7,13.945,38.36
14:25:30.00,24-07-14,28.147403666666666°„N,104.80293883333333°„E,410.8,15.899,33.94
14:25:31.00,24-07-14,28.147439666666667°„N,104.80296466666667°„E,410.9,17.434,32.50
14:25:32.00,24-07-14,28.147478333333332°„N,104.80299066666667°„E,411.2,18.091,30.42
14:25:33.00,24-07-14,28.147518666666667°„N,104.80301716666666°„E,411.5,18.797,30.68
14:25:34.00,24-07-14,28.147558833333335°„N,104.80304483333333°„E,411.7,18.639,31.78
14:25:35.00,24-07-14,28.1475985°„N,104.80307266666667°„E,411.8,18.622,32.15
14:25:36.00,24-07-14,28.147635°„N,104.80309233333334°„E,411.8,15.071,24.09
14:25:37.00,24-07-14,28.147672833333335°„N,104.80311666666667°„E,411.9,18.237,31.56
14:25:38.00,24-07-14,28.14771°„N,104.8031415°„E,412.2,16.840,30.90
14:25:39.00,24-07-14,28.147745333333333°„N,104.80316083333334°„E,413.7,15.511,27.92
14:25:40.00,24-07-14,28.147780666666666°„N,104.80318033333333°„E,414.7,15.610,26.31
14:25:41.00,24-07-14,28.14782°„N,104.8032035°„E,415.3,18.230,27.62
14:25:42.00,24-07-14,28.14785983333333°„N,104.8032315°„E,414.7,18.399,31.22
14:25:43.00,24-07-14,28.147901166666667°„N,104.80326033333333°„E,414.5,19.469,30.83
14:25:44.00,24-07-14,28.147944°„N,104.80328966666667°„E,414.5,20.051,31.20
14:25:45.00,24-07-14,28.147984166666667°„N,104.80332216666666°„E,415.2,19.519,35.61
14:25:46.00,24-07-14,28.148027833333334°„N,104.80335366666667°„E,415.2,20.594,31.39
14:25:47.00,24-07-14,28.1480725°„N,104.80338516666667°„E,415.0,20.642,31.66
14:25:48.00,24-07-14,28.148117°„N,104.80341616666666°„E,415.0,20.573,31.70
14:25:49.00,24-07-14,28.14816°„N,104.80344666666667°„E,415.4,19.748,32.23
14:25:50.00,24-07-14,28.148203833333334°„N,104.8034785°„E,415.4,20.643,32.22
14:25:51.00,24-07-14,28.148247666666666°„N,104.8035095°„E,415.5,20.212,31.74
14:25:52.00,24-07-14,28.148291°„N,104.80353966666667°„E,415.9,20.136,31.29
14:25:53.00,24-07-14,28.1483335°„N,104.80356833333333°„E,416.5,19.460,30.73
14:25:54.00,24-07-14,28.14837916666667°„N,104.80359683333333°„E,416.9,21.115,28.26
14:25:55.00,24-07-14,28.148423333333334°„N,104.80362733333334°„E,417.3,20.082,32.11
14:25:56.00,24-07-14,28.14847°„N,104.80366033333334°„E,417.3,22.456,31.61
14:25:57.00,24-07-14,28.148519333333333°„N,104.80369533333334°„E,416.8,22.812,31.86
14:25:58.00,24-07-14,28.148568666666666°„N,104.80373166666666°„E,416.5,22.749,32.34
14:25:59.00,24-07-14,28.148618°„N,104.803768°„E,416.2,22.955,32.55
14:26:00.00,24-07-14,28.148667°„N,104.80380466666666°„E,416.0,22.798,33.30
14:26:01.00,24-07-14,28.148716166666667°„N,104.80384066666667°„E,415.8,22.857,32.35
14:26:02.00,24-07-14,28.148766166666668°„N,104.80387583333334°„E,415.6,23.041,31.13
14:26:03.00,24-07-14,28.148817°„N,104.80391083333333°„E,415.5,23.328,30.73
14:26:04.00,24-07-14,28.148868°„N,104.8039455°„E,415.4,23.369,30.67
14:26:05.00,24-07-14,28.148918833333333°„N,104.80398066666666°„E,415.2,23.256,31.20
14:26:06.00,24-07-14,28.148969333333334°„N,104.8040155°„E,415.2,23.189,31.19
14:26:07.00,24-07-14,28.1490195°„N,104.8040505°„E,415.1,23.045,31.60
14:26:08.00,24-07-14,28.149069166666667°„N,104.8040855°„E,415.0,22.920,31.72
14:26:09.00,24-07-14,28.1491185°„N,104.80412033333333°„E,415.0,22.814,31.90
14:26:10.00,24-07-14,28.149167333333335°„N,104.80415483333333°„E,414.9,22.552,31.90
14:26:11.00,24-07-14,28.149215333333334°„N,104.80418866666666°„E,414.9,22.165,31.63
14:26:12.00,24-07-14,28.149262333333333°„N,104.80422116666666°„E,414.9,21.368,31.37
14:26:13.00,24-07-14,28.149307666666665°„N,104.804253°„E,414.9,20.848,31.83
14:26:14.00,24-07-14,28.14935283333333°„N,104.804285°„E,415.0,20.986,32.02
14:26:15.00,24-07-14,28.1493995°„N,104.8043175°„E,415.0,21.903,31.59
14:26:16.00,24-07-14,28.149447833333333°„N,104.80435116666666°„E,415.1,22.594,31.56
14:26:17.00,24-07-14,28.149496666666668°„N,104.80438533333333°„E,415.2,22.753,31.75
14:26:18.00,24-07-14,28.149545166666666°„N,104.8044195°„E,415.3,22.456,31.91
14:26:19.00,24-07-14,28.149591833333332°„N,104.80445233333333°„E,415.3,21.490,31.92
14:26:20.00,24-07-14,28.149636°„N,104.80448366666667°„E,415.3,20.219,32.06
14:26:21.00,24-07-14,28.1496775°„N,104.80451283333333°„E,415.2,18.967,32.25
14:26:22.00,24-07-14,28.149718°„N,104.8045385°„E,415.3,18.181,28.62
14:26:23.00,24-07-14,28.1497555°„N,104.80456233333334°„E,415.2,16.467,29.56
14:26:24.00,24-07-14,28.149789°„N,104.80458383333334°„E,415.2,14.606,29.59
14:26:25.00,24-07-14,28.149816666666666°„N,104.804603°„E,415.2,11.873,32.13
14:26:26.00,24-07-14,28.149836166666667°„N,104.80461783333334°„E,415.2,8.051,33.86
14:26:27.00,24-07-14,28.1498495°„N,104.80462783333333°„E,415.1,5.403,33.44
14:26:28.00,24-07-14,28.1498595°„N,104.804634°„E,415.0,3.935,29.43
14:26:29.00,24-07-14,28.149868166666668°„N,104.80464016666667°„E,414.8,3.904,31.88
14:26:30.00,24-07-14,28.149876°„N,104.80464716666667°„E,414.8,3.821,36.07
14:26:31.00,24-07-14,28.1498845°„N,104.80465366666667°„E,414.7,3.972,33.22
14:26:32.00,24-07-14,28.149894166666666°„N,104.804662°„E,414.7,4.988,37.72
14:26:33.00,24-07-14,28.149907°„N,104.804673°„E,414.5,6.759,37.25
14:26:34.00,24-07-14,28.149924°„N,104.80468766666667°„E,414.4,9.009,38.43
14:26:35.00,24-07-14,28.149944666666666°„N,104.8047065°„E,414.2,11.032,39.43
14:26:36.00,24-07-14,28.149967666666665°„N,104.8047285°„E,414.2,12.192,40.37
14:26:37.00,24-07-14,28.1499905°„N,104.8047515°„E,414.1,12.051,42.02
14:26:38.00,24-07-14,28.1500105°„N,104.80477216666667°„E,414.1,10.056,42.29
14:26:39.00,24-07-14,28.150028°„N,104.8047905°„E,414.0,9.128,42.99
14:26:40.00,24-07-14,28.150044833333332°„N,104.80480850000001°„E,414.0,9.081,43.14
14:26:41.00,24-07-14,28.150063666666668°„N,104.80482816666667°„E,413.9,10.564,42.86
14:26:42.00,24-07-14,28.150086166666668°„N,104.80485166666666°„E,413.9,12.773,42.47
14:26:43.00,24-07-14,28.150113333333334°„N,104.80487933333333°„E,413.9,15.238,42.12
14:26:44.00,24-07-14,28.150144°„N,104.80491183333334°„E,413.8,17.350,43.20
14:26:45.00,24-07-14,28.150177833333334°„N,104.804948°„E,413.8,19.044,43.66
14:26:46.00,24-07-14,28.1502135°„N,104.80498816666666°„E,413.7,20.352,45.30
14:26:47.00,24-07-14,28.150250833333335°„N,104.805031°„E,413.7,21.517,45.37
14:26:48.00,24-07-14,28.150291°„N,104.80507733333333°„E,413.8,23.374,46.01
14:26:49.00,24-07-14,28.150330833333335°„N,104.80512866666666°„E,414.0,24.322,49.77
14:26:50.00,24-07-14,28.150371166666666°„N,104.805184°„E,414.1,25.609,50.91
14:26:51.00,24-07-14,28.150410833333332°„N,104.80524233333334°„E,414.0,26.139,53.03
14:26:52.00,24-07-14,28.150449°„N,104.80530316666666°„E,413.9,26.306,55.58
14:26:53.00,24-07-14,28.15048566666667°„N,104.80536533333333°„E,413.8,26.281,56.68
14:26:54.00,24-07-14,28.150521333333334°„N,104.80542833333334°„E,413.8,26.365,57.84
14:26:55.00,24-07-14,28.150556°„N,104.8054925°„E,413.7,26.615,58.90
14:26:56.00,24-07-14,28.150589333333333°„N,104.80555766666667°„E,413.6,26.567,60.77
14:26:57.00,24-07-14,28.1506205°„N,104.80562366666666°„E,413.6,26.289,62.68
14:26:58.00,24-07-14,28.150649333333334°„N,104.805688°„E,413.6,25.070,63.45
14:26:59.00,24-07-14,28.150676333333333°„N,104.80574933333334°„E,413.7,23.779,63.68
14:27:00.00,24-07-14,28.150702166666665°„N,104.8058105°„E,413.8,23.983,64.85
14:27:01.00,24-07-14,28.150728166666667°„N,104.80587183333333°„E,413.8,24.020,64.17
14:27:02.00,24-07-14,28.150754166666665°„N,104.8059335°„E,413.9,24.090,64.75
14:27:03.00,24-07-14,28.150779666666665°„N,104.80599466666666°„E,414.1,23.794,64.76
14:27:04.00,24-07-14,28.150805333333334°„N,104.80605616666666°„E,414.2,23.976,64.81
14:27:05.00,24-07-14,28.150830166666665°„N,104.80611716666667°„E,414.3,23.543,65.42
14:27:06.00,24-07-14,28.150853666666666°„N,104.80617633333334°„E,414.2,22.641,66.13
14:27:07.00,24-07-14,28.150876333333333°„N,104.806233°„E,414.3,21.648,65.83
14:27:08.00,24-07-14,28.150897666666665°„N,104.80628866666666°„E,414.1,21.330,67.03
14:27:09.00,24-07-14,28.1509195°„N,104.80634466666666°„E,414.2,21.584,65.91
14:27:10.00,24-07-14,28.150942°„N,104.80640083333333°„E,414.2,21.856,65.65
14:27:11.00,24-07-14,28.150964833333333°„N,104.80645716666666°„E,414.2,21.812,65.56
14:27:12.00,24-07-14,28.1509875°„N,104.80651316666666°„E,414.4,21.679,65.67
14:27:13.00,24-07-14,28.151010333333332°„N,104.80656966666666°„E,414.6,22.029,65.26
14:27:14.00,24-07-14,28.151034°„N,104.806627°„E,414.6,22.407,65.11
14:27:15.00,24-07-14,28.151058°„N,104.80668516666667°„E,414.7,22.703,64.84
14:27:16.00,24-07-14,28.151082666666667°„N,104.80674433333333°„E,414.7,23.289,64.77
14:27:17.00,24-07-14,28.151107833333334°„N,104.8068045°„E,414.7,23.488,64.77
14:27:18.00,24-07-14,28.151133666666666°„N,104.80686483333334°„E,414.5,23.717,64.16
14:27:19.00,24-07-14,28.15115966666667°„N,104.806926°„E,414.5,24.085,64.51
14:27:20.00,24-07-14,28.151185666666667°„N,104.80698816666667°„E,414.5,24.420,65.01
14:27:21.00,24-07-14,28.151212166666667°„N,104.8070515°„E,414.4,24.848,65.02
14:27:22.00,24-07-14,28.151238333333332°„N,104.80711583333333°„E,414.4,25.115,65.48
14:27:23.00,24-07-14,28.151264333333334°„N,104.80718083333333°„E,414.5,25.157,65.75
14:27:24.00,24-07-14,28.151290333333332°„N,104.807246°„E,414.5,25.216,65.72
14:27:25.00,24-07-14,28.151316333333334°„N,104.80731083333333°„E,414.6,25.041,65.69
14:27:26.00,24-07-14,28.151342166666666°„N,104.80737516666667°„E,414.7,24.833,65.51
14:27:27.00,24-07-14,28.151368166666668°„N,104.80743883333334°„E,414.8,24.636,65.14
14:27:28.00,24-07-14,28.151394166666666°„N,104.80750133333333°„E,414.8,24.320,64.85
14:27:29.00,24-07-14,28.15142°„N,104.80756283333334°„E,414.9,23.921,64.64
14:27:30.00,24-07-14,28.151446166666666°„N,104.80762333333334°„E,414.9,23.762,63.78
14:27:31.00,24-07-14,28.1514725°„N,104.80768316666666°„E,415.1,23.489,63.51
14:27:32.00,24-07-14,28.1514985°„N,104.807743°„E,415.2,23.553,64.04
14:27:33.00,24-07-14,28.151523833333332°„N,104.80780283333333°„E,415.3,23.346,64.65
14:27:34.00,24-07-14,28.151548333333334°„N,104.80786166666667°„E,415.4,22.829,64.76
14:27:35.00,24-07-14,28.1515725°„N,104.80792°„E,415.5,22.664,64.89
14:27:36.00,24-07-14,28.151596333333334°„N,104.80797833333334°„E,415.7,22.659,65.39
14:27:37.00,24-07-14,28.15162°„N,104.80803733333333°„E,415.8,22.960,65.52
14:27:38.00,24-07-14,28.151644333333333°„N,104.80809783333333°„E,415.9,23.707,65.38
14:27:39.00,24-07-14,28.1516695°„N,104.8081605°„E,416.0,24.516,65.54
14:27:40.00,24-07-14,28.151695666666665°„N,104.808225°„E,416.0,25.323,65.25
14:27:41.00,24-07-14,28.151722°„N,104.80829066666666°„E,416.0,25.512,65.59
14:27:42.00,24-07-14,28.151749166666665°„N,104.80835616666667°„E,415.8,25.549,64.72
14:27:43.00,24-07-14,28.151775833333332°„N,104.80842183333333°„E,415.7,25.577,65.51
14:27:44.00,24-07-14,28.1518025°„N,104.80848816666666°„E,415.7,25.749,65.45
14:27:45.00,24-07-14,28.151829°„N,104.808554°„E,415.7,25.484,65.39
14:27:46.00,24-07-14,28.151855°„N,104.80861933333334°„E,415.8,25.195,65.77
14:27:47.00,24-07-14,28.151880833333333°„N,104.80868433333333°„E,415.8,25.111,65.70
14:27:48.00,24-07-14,28.151906666666665°„N,104.808749°„E,415.8,24.986,65.50
14:27:49.00,24-07-14,28.15193216666667°„N,104.8088135°„E,415.9,24.916,65.75
14:27:50.00,24-07-14,28.151957666666668°„N,104.80887783333333°„E,415.8,24.859,65.92
14:27:51.00,24-07-14,28.151982833333335°„N,104.808942°„E,415.8,24.807,66.20
14:27:52.00,24-07-14,28.1520075°„N,104.80900616666666°„E,415.9,24.612,66.41
14:27:53.00,24-07-14,28.152032166666668°„N,104.80906933333333°„E,416.0,24.312,65.92
14:27:54.00,24-07-14,28.152057166666665°„N,104.8091305°„E,415.9,23.519,65.05
14:27:55.00,24-07-14,28.152081833333334°„N,104.80918933333334°„E,415.9,22.784,64.79
14:27:56.00,24-07-14,28.152105666666667°„N,104.80924633333333°„E,415.9,22.119,64.71
14:27:57.00,24-07-14,28.152128666666666°„N,104.809302°„E,416.1,21.495,65.04
14:27:58.00,24-07-14,28.152151166666666°„N,104.80935766666667°„E,416.2,21.629,65.67
14:27:59.00,24-07-14,28.152173666666666°„N,104.809415°„E,416.3,22.323,66.19
14:28:00.00,24-07-14,28.152196°„N,104.80947516666667°„E,416.5,23.331,67.55
14:28:01.00,24-07-14,28.152217166666667°„N,104.80953566666666°„E,416.5,22.877,68.74
14:28:02.00,24-07-14,28.1522365°„N,104.8095915°„E,416.5,20.458,68.78
14:28:03.00,24-07-14,28.152253833333333°„N,104.8096425°„E,416.7,18.790,69.28
14:28:04.00,24-07-14,28.152270833333333°„N,104.8096905°„E,416.7,18.056,68.16
14:28:05.00,24-07-14,28.152286°„N,104.80973766666666°„E,416.7,17.720,70.68
14:28:06.00,24-07-14,28.152300833333335°„N,104.8097845°„E,416.7,17.542,70.16
14:28:07.00,24-07-14,28.152317°„N,104.80983033333334°„E,416.8,17.493,67.26
14:28:08.00,24-07-14,28.152335666666666°„N,104.80987433333334°„E,416.8,17.113,63.23
14:28:09.00,24-07-14,28.152356°„N,104.80991616666667°„E,416.9,16.871,60.19
14:28:10.00,24-07-14,28.152378333333335°„N,104.80995633333333°„E,417.0,16.655,57.22
14:28:11.00,24-07-14,28.152401833333332°„N,104.80999633333333°„E,417.2,17.045,56.27
14:28:12.00,24-07-14,28.152425333333333°„N,104.81003916666667°„E,417.3,18.064,58.65
14:28:13.00,24-07-14,28.152446833333332°„N,104.81008616666666°„E,417.9,18.834,63.01
14:28:14.00,24-07-14,28.152469°„N,104.81013466666667°„E,417.8,19.659,63.15
14:28:15.00,24-07-14,28.152492166666665°„N,104.81018483333334°„E,417.6,20.295,62.06
14:28:16.00,24-07-14,28.152516333333335°„N,104.81024133333334°„E,418.0,22.446,64.77
14:28:17.00,24-07-14,28.1525405°„N,104.8102995°„E,418.2,22.747,64.67
14:28:18.00,24-07-14,28.152564166666668°„N,104.81035883333334°„E,418.2,23.179,65.94
14:28:19.00,24-07-14,28.152588°„N,104.8104195°„E,418.2,23.649,66.24
14:28:20.00,24-07-14,28.152612333333334°„N,104.81048183333333°„E,418.3,24.192,66.16
14:28:21.00,24-07-14,28.152637°„N,104.81054583333334°„E,418.3,24.958,66.51
14:28:22.00,24-07-14,28.152662166666666°„N,104.810612°„E,418.4,25.559,66.58
14:28:23.00,24-07-14,28.152688333333334°„N,104.81067866666666°„E,418.4,25.706,65.67
14:28:24.00,24-07-14,28.152714833333334°„N,104.8107455°„E,418.4,25.891,65.88
14:28:25.00,24-07-14,28.152740166666668°„N,104.81081283333333°„E,418.6,25.772,67.19
14:28:26.00,24-07-14,28.152764833333332°„N,104.81088016666666°„E,418.6,25.785,67.26
14:28:27.00,24-07-14,28.15279°„N,104.81094733333333°„E,418.7,25.704,66.94
14:28:28.00,24-07-14,28.152816833333333°„N,104.811013°„E,418.7,25.548,64.51
14:28:29.00,24-07-14,28.152845°„N,104.811078°„E,418.7,25.557,63.68
14:28:30.00,24-07-14,28.152873°„N,104.81114283333334°„E,418.8,25.454,64.14
14:28:31.00,24-07-14,28.152899°„N,104.81120766666666°„E,418.9,24.985,66.21
14:28:32.00,24-07-14,28.152923666666666°„N,104.81127183333334°„E,419.0,24.540,66.41
14:28:33.00,24-07-14,28.152948333333335°„N,104.81133516666667°„E,419.2,24.278,66.18
14:28:34.00,24-07-14,28.152972833333333°„N,104.81139733333333°„E,419.3,23.919,65.90
14:28:35.00,24-07-14,28.1529975°„N,104.81145866666667°„E,419.5,23.695,65.48
14:28:36.00,24-07-14,28.153022166666666°„N,104.81151883333334°„E,419.6,23.310,64.95
14:28:37.00,24-07-14,28.153046833333335°„N,104.8115785°„E,419.7,23.215,64.92
14:28:38.00,24-07-14,28.1530725°„N,104.811637°„E,419.9,23.074,63.49
14:28:39.00,24-07-14,28.153098333333332°„N,104.81169633333333°„E,419.9,23.498,63.90
14:28:40.00,24-07-14,28.153124333333334°„N,104.81175616666667°„E,420.0,23.608,63.84
14:28:41.00,24-07-14,28.153149666666668°„N,104.81181683333334°„E,420.0,23.731,64.94
14:28:42.00,24-07-14,28.153174666666665°„N,104.81187833333334°„E,420.1,23.939,65.47
14:28:43.00,24-07-14,28.153199666666666°„N,104.8119405°„E,420.1,24.183,65.39
14:28:44.00,24-07-14,28.153224833333333°„N,104.81200333333334°„E,420.2,24.463,65.39
14:28:45.00,24-07-14,28.153250166666666°„N,104.81206683333333°„E,420.3,24.558,65.65
14:28:46.00,24-07-14,28.153275333333333°„N,104.81212966666666°„E,420.4,24.320,65.30
14:28:47.00,24-07-14,28.153300333333334°„N,104.81219116666666°„E,420.4,23.607,65.26
14:28:48.00,24-07-14,28.153324°„N,104.81224866666666°„E,420.5,21.898,64.75
14:28:49.00,24-07-14,28.153346166666665°„N,104.81230216666667°„E,420.5,20.424,64.81
14:28:50.00,24-07-14,28.153367166666666°„N,104.8123545°„E,420.7,20.248,65.48
14:28:51.00,24-07-14,28.153387833333333°„N,104.8124065°„E,420.8,20.033,65.78
14:28:52.00,24-07-14,28.153408166666665°„N,104.81245816666667°„E,421.1,19.959,65.69
14:28:53.00,24-07-14,28.153428833333333°„N,104.81250933333334°„E,421.3,19.809,65.15
14:28:54.00,24-07-14,28.153450166666666°„N,104.81256116666667°„E,421.4,20.351,64.99
14:28:55.00,24-07-14,28.153473°„N,104.81261633333334°„E,421.6,22.054,64.66
14:28:56.00,24-07-14,28.153497333333334°„N,104.81267516666666°„E,421.9,23.286,64.66
14:28:57.00,24-07-14,28.1535235°„N,104.8127375°„E,422.0,24.828,64.72
14:28:58.00,24-07-14,28.153551°„N,104.81280316666667°„E,422.1,26.029,64.58
14:28:59.00,24-07-14,28.153579333333333°„N,104.8128715°„E,422.4,26.982,64.77
14:29:00.00,24-07-14,28.1536085°„N,104.81294133333333°„E,422.5,27.370,64.65
14:29:01.00,24-07-14,28.1536385°„N,104.813011°„E,422.6,27.467,63.77
14:29:02.00,24-07-14,28.153670166666668°„N,104.813082°„E,422.9,28.356,63.32
14:29:03.00,24-07-14,28.1537005°„N,104.81315433333333°„E,423.0,28.287,64.95
14:29:04.00,24-07-14,28.153731°„N,104.81322633333333°„E,423.1,28.110,63.70
14:29:05.00,24-07-14,28.1537635°„N,104.81329633333333°„E,423.3,27.969,61.77
14:29:06.00,24-07-14,28.1537975°„N,104.81336483333334°„E,423.4,27.646,60.11
14:29:07.00,24-07-14,28.153832833333333°„N,104.81343133333333°„E,423.6,27.322,58.44
14:29:08.00,24-07-14,28.153869166666667°„N,104.81349566666667°„E,423.7,26.831,57.10
14:29:09.00,24-07-14,28.153905833333333°„N,104.813559°„E,423.8,26.718,56.50
14:29:10.00,24-07-14,28.153943°„N,104.81362183333333°„E,423.9,26.708,55.90
14:29:11.00,24-07-14,28.153981666666667°„N,104.81368433333333°„E,424.1,27.021,54.77
14:29:12.00,24-07-14,28.15402033333333°„N,104.813748°„E,424.1,27.390,55.88
14:29:13.00,24-07-14,28.154057166666668°„N,104.81380983333334°„E,424.2,25.921,56.22
14:29:14.00,24-07-14,28.1540875°„N,104.81386183333333°„E,424.3,20.257,56.75
14:29:15.00,24-07-14,28.154109666666667°„N,104.813901°„E,424.4,14.798,57.48
14:29:16.00,24-07-14,28.154126666666667°„N,104.8139315°„E,424.5,11.852,57.66
14:29:17.00,24-07-14,28.154141666666668°„N,104.813958°„E,424.6,10.727,57.13
14:29:18.00,24-07-14,28.154155833333334°„N,104.813982°„E,424.6,9.915,56.08
14:29:19.00,24-07-14,28.1541695°„N,104.81400583333334°„E,424.7,10.027,57.05
14:29:20.00,24-07-14,28.154183833333335°„N,104.814032°„E,424.7,11.146,57.77
14:29:21.00,24-07-14,28.154200333333332°„N,104.81406116666666°„E,424.7,12.720,56.96
14:29:22.00,24-07-14,28.154219166666667°„N,104.81409433333333°„E,424.7,14.326,57.39
14:29:23.00,24-07-14,28.15424°„N,104.81413116666667°„E,424.7,15.964,57.18
14:29:24.00,24-07-14,28.154263°„N,104.81417116666667°„E,424.8,17.198,57.07
14:29:25.00,24-07-14,28.154287166666666°„N,104.81421333333333°„E,424.9,18.029,57.00
14:29:26.00,24-07-14,28.154312333333333°„N,104.814257°„E,425.0,18.588,56.92
14:29:27.00,24-07-14,28.154338666666668°„N,104.81430183333333°„E,425.0,19.174,56.25
14:29:28.00,24-07-14,28.154365833333333°„N,104.81434766666666°„E,425.1,19.699,56.26
14:29:29.00,24-07-14,28.1543935°„N,104.8143945°„E,425.2,19.978,56.04
14:29:30.00,24-07-14,28.154422333333333°„N,104.81444283333333°„E,425.3,20.891,56.12
14:29:31.00,24-07-14,28.1544525°„N,104.814493°„E,425.4,21.657,55.83
14:29:32.00,24-07-14,28.154483333333335°„N,104.81454483333333°„E,425.5,22.170,56.06
14:29:33.00,24-07-14,28.154515166666666°„N,104.8145975°„E,425.7,22.638,55.66
14:29:34.00,24-07-14,28.1545475°„N,104.81465116666666°„E,425.8,23.121,55.86
14:29:35.00,24-07-14,28.1545805°„N,104.8147055°„E,426.0,23.330,55.41
14:29:36.00,24-07-14,28.154613333333334°„N,104.81475933333333°„E,426.4,22.973,55.45
14:29:37.00,24-07-14,28.154646166666666°„N,104.81481283333333°„E,426.5,23.058,55.17
14:29:38.00,24-07-14,28.154678333333333°„N,104.81486583333333°„E,426.6,22.613,55.69
14:29:39.00,24-07-14,28.15470983333333°„N,104.81491866666667°„E,426.7,22.426,55.78
14:29:40.00,24-07-14,28.154741166666668°„N,104.81497116666667°„E,426.8,22.352,55.71
14:29:41.00,24-07-14,28.1547725°„N,104.81502366666666°„E,426.9,22.381,56.00
14:29:42.00,24-07-14,28.154803833333332°„N,104.81507633333334°„E,426.9,22.484,55.92
14:29:43.00,24-07-14,28.154835333333335°„N,104.8151295°„E,427.0,22.663,56.09
14:29:44.00,24-07-14,28.154867333333332°„N,104.81518333333334°„E,427.0,22.986,55.99
14:29:45.00,24-07-14,28.1548995°„N,104.8152375°„E,427.2,23.071,56.17
14:29:46.00,24-07-14,28.154932°„N,104.81529216666667°„E,427.3,23.309,56.10
14:29:47.00,24-07-14,28.154964833333334°„N,104.81534716666667°„E,427.3,23.463,55.91
14:29:48.00,24-07-14,28.154998°„N,104.81540283333334°„E,427.3,23.833,56.11
14:29:49.00,24-07-14,28.155032°„N,104.81545966666667°„E,427.2,24.415,55.81
14:29:50.00,24-07-14,28.155067°„N,104.81551766666666°„E,427.2,24.958,55.59
14:29:51.00,24-07-14,28.155103166666667°„N,104.8155765°„E,427.2,25.432,54.85
14:29:52.00,24-07-14,28.155139833333333°„N,104.81563666666666°„E,427.2,25.989,55.72
14:29:53.00,24-07-14,28.155176666666666°„N,104.81569766666667°„E,427.2,26.093,55.50
14:29:54.00,24-07-14,28.155214166666667°„N,104.81575866666667°„E,427.1,26.374,54.81
14:29:55.00,24-07-14,28.155252333333333°„N,104.81581966666667°„E,427.1,26.365,54.80
14:29:56.00,24-07-14,28.1552905°„N,104.81588083333334°„E,427.1,26.535,54.77
14:29:57.00,24-07-14,28.155328833333332°„N,104.815942°„E,427.2,26.453,54.77
14:29:58.00,24-07-14,28.155366333333333°„N,104.81600283333333°„E,427.2,26.114,55.23
14:29:59.00,24-07-14,28.155405°„N,104.81606266666667°„E,427.0,26.183,53.49
14:30:00.00,24-07-14,28.155447833333334°„N,104.81612233333334°„E,427.3,27.418,50.38
14:30:01.00,24-07-14,28.155486833333335°„N,104.81618383333333°„E,427.4,26.524,55.82
14:30:02.00,24-07-14,28.155523333333335°„N,104.816246°„E,427.7,26.387,56.41
14:30:03.00,24-07-14,28.1555615°„N,104.81630683333333°„E,428.1,26.373,53.72
14:30:04.00,24-07-14,28.1555975°„N,104.81636816666666°„E,428.1,25.791,57.02
14:30:05.00,24-07-14,28.15563°„N,104.8164285°„E,427.8,24.802,58.37
14:30:06.00,24-07-14,28.155666333333333°„N,104.81648816666667°„E,427.7,25.854,54.51
14:30:07.00,24-07-14,28.1557°„N,104.816551°„E,427.6,25.985,60.50
14:30:08.00,24-07-14,28.155730333333334°„N,104.81661566666666°„E,427.8,25.691,62.66
14:30:09.00,24-07-14,28.1557585°„N,104.81668083333334°„E,428.2,25.452,64.28
14:30:10.00,24-07-14,28.1557835°„N,104.8167465°„E,428.4,24.949,67.17
14:30:11.00,24-07-14,28.155805°„N,104.8168095°„E,428.1,23.234,68.93
14:30:12.00,24-07-14,28.1558245°„N,104.816871°„E,428.2,22.891,70.78
14:30:13.00,24-07-14,28.155842°„N,104.81693216666666°„E,428.3,22.477,72.18
14:30:14.00,24-07-14,28.155859166666666°„N,104.81699316666666°„E,428.3,22.479,72.11
14:30:15.00,24-07-14,28.155876166666665°„N,104.81705433333333°„E,428.4,22.535,72.34
14:30:16.00,24-07-14,28.155892833333333°„N,104.8171155°„E,428.5,22.412,72.77
14:30:17.00,24-07-14,28.155908833333335°„N,104.81717683333333°„E,428.5,22.421,73.33
14:30:18.00,24-07-14,28.155924666666667°„N,104.81723766666667°„E,428.7,22.241,73.23
14:30:19.00,24-07-14,28.155940833333332°„N,104.81729766666666°„E,428.9,21.976,72.48
14:30:20.00,24-07-14,28.155957°„N,104.81735666666667°„E,429.1,21.484,72.55
14:30:21.00,24-07-14,28.155971666666666°„N,104.81740866666667°„E,429.2,18.164,72.00
14:30:22.00,24-07-14,28.155984166666666°„N,104.81745133333334°„E,429.2,14.781,71.50
14:30:23.00,24-07-14,28.155995°„N,104.81748833333333°„E,429.2,13.224,71.42
14:30:24.00,24-07-14,28.156004166666666°„N,104.8175205°„E,429.3,11.183,71.96
14:30:25.00,24-07-14,28.156011166666666°„N,104.81754683333334°„E,429.3,8.931,73.25
14:30:26.00,24-07-14,28.156015833333335°„N,104.81756583333333°„E,429.3,5.964,74.02
14:30:27.00,24-07-14,28.1560185°„N,104.81757716666667°„E,429.3,3.264,73.95
14:30:28.00,24-07-14,28.156019833333332°„N,104.817583°„E,429.2,1.512,74.01
14:30:29.00,24-07-14,28.156020333333334°„N,104.8175855°„E,429.2,0.535,74.20
14:30:30.00,24-07-14,28.156020333333334°„N,104.81758683333334°„E,429.1,0.269,
14:30:31.00,24-07-14,28.156020333333334°„N,104.81758733333334°„E,429.0,0.057,
14:30:32.00,24-07-14,28.156020333333334°„N,104.81758783333333°„E,429.0,0.032,
14:30:33.00,24-07-14,28.156020166666668°„N,104.8175885°„E,429.0,0.134,
14:30:34.00,24-07-14,28.1560205°„N,104.81758983333333°„E,429.0,0.498,71.65
14:30:35.00,24-07-14,28.156021166666665°„N,104.81759316666667°„E,429.0,1.367,74.77
14:30:36.00,24-07-14,28.1560225°„N,104.81759866666667°„E,429.0,2.156,75.48
14:30:37.00,24-07-14,28.15602416666667°„N,104.817606°„E,429.0,2.787,74.66
14:30:38.00,24-07-14,28.156026166666667°„N,104.8176145°„E,429.0,3.174,75.18
14:30:39.00,24-07-14,28.156028666666668°„N,104.817624°„E,429.0,3.481,74.66
14:30:40.00,24-07-14,28.156031°„N,104.81763266666667°„E,429.0,2.936,74.75
14:30:41.00,24-07-14,28.15603266666667°„N,104.81763833333333°„E,429.0,1.691,73.32
14:30:42.00,24-07-14,28.156034166666668°„N,104.817642°„E,429.0,1.207,71.64
14:30:43.00,24-07-14,28.156035166666666°„N,104.81764483333333°„E,429.1,0.947,70.34
14:30:44.00,24-07-14,28.1560365°„N,104.81764766666667°„E,429.1,1.053,67.42
14:30:45.00,24-07-14,28.1560385°„N,104.81765133333333°„E,429.1,1.585,59.92
14:30:46.00,24-07-14,28.156042333333332°„N,104.81765633333333°„E,429.1,2.619,50.31
14:30:47.00,24-07-14,28.156050166666667°„N,104.817663°„E,429.2,4.287,37.87
14:30:48.00,24-07-14,28.156061166666667°„N,104.8176685°„E,429.2,5.006,25.18
14:30:49.00,24-07-14,28.156073833333334°„N,104.81767066666667°„E,429.2,5.154,11.42
14:30:50.00,24-07-14,28.1560855°„N,104.817669°„E,429.2,4.509,359.09
14:30:51.00,24-07-14,28.156092666666666°„N,104.81766633333334°„E,429.2,2.334,352.68
14:30:52.00,24-07-14,28.156094333333332°„N,104.81766583333334°„E,429.2,0.077,
14:30:53.00,24-07-14,28.1560945°„N,104.81766616666667°„E,429.2,0.089,
14:30:54.00,24-07-14,28.156094666666668°„N,104.81766633333334°„E,429.2,0.054,
14:30:55.00,24-07-14,28.156094666666668°„N,104.8176665°„E,429.2,0.034,
14:30:56.00,24-07-14,28.156094833333334°„N,104.81766666666667°„E,429.3,0.036,
14:30:57.00,24-07-14,28.156094833333334°„N,104.81766683333333°„E,429.3,0.006,
14:30:58.00,24-07-14,28.156094833333334°„N,104.817667°„E,429.3,0.019,
14:30:59.00,24-07-14,28.156094166666666°„N,104.81766716666667°„E,429.4,0.447,
14:31:00.00,24-07-14,28.156091333333332°„N,104.8176675°„E,429.4,1.530,298.71
14:31:01.00,24-07-14,28.156087666666668°„N,104.81766816666666°„E,429.4,1.516,236.57
14:31:02.00,24-07-14,28.156084833333335°„N,104.81766883333333°„E,429.3,1.052,213.78
14:31:03.00,24-07-14,28.156081166666667°„N,104.81766966666666°„E,429.3,1.791,182.88
14:31:04.00,24-07-14,28.156076166666665°„N,104.81767133333334°„E,429.3,2.251,170.85
14:31:05.00,24-07-14,28.15607066666667°„N,104.81767366666666°„E,429.3,2.310,164.10
14:31:06.00,24-07-14,28.156065666666667°„N,104.81767666666667°„E,429.3,2.222,158.82
14:31:07.00,24-07-14,28.156061°„N,104.81768033333333°„E,429.2,2.293,151.69
14:31:08.00,24-07-14,28.156056666666668°„N,104.81768416666667°„E,429.3,2.097,146.52
14:31:09.00,24-07-14,28.156053166666666°„N,104.81768816666667°„E,429.2,1.849,140.10
14:31:10.00,24-07-14,28.156051°„N,104.8176915°„E,429.2,1.231,135.95
14:31:11.00,24-07-14,28.1560505°„N,104.81769266666667°„E,429.2,0.025,
14:31:12.00,24-07-14,28.156050666666665°„N,104.8176925°„E,429.2,0.230,
14:31:13.00,24-07-14,28.156051°„N,104.817692°„E,429.2,0.245,
14:31:14.00,24-07-14,28.1560515°„N,104.81769083333333°„E,429.2,0.629,168.15
14:31:15.00,24-07-14,28.156052166666665°„N,104.8176885°„E,429.2,1.096,258.95
14:31:16.00,24-07-14,28.156053°„N,104.81768483333333°„E,429.1,1.507,273.05
14:31:17.00,24-07-14,28.1560535°„N,104.8176805°„E,429.1,1.683,274.30
14:31:18.00,24-07-14,28.1560535°„N,104.81767416666666°„E,429.1,2.589,269.83
14:31:19.00,24-07-14,28.156052333333335°„N,104.817666°„E,429.1,3.141,262.60
14:31:20.00,24-07-14,28.156049833333334°„N,104.81765583333333°„E,429.1,4.093,255.68
14:31:21.00,24-07-14,28.156046°„N,104.81764216666667°„E,429.1,5.576,252.51
14:31:22.00,24-07-14,28.156041°„N,104.81762583333334°„E,429.0,6.416,251.37
14:31:23.00,24-07-14,28.156035166666666°„N,104.81760616666666°„E,429.0,7.830,251.04
14:31:24.00,24-07-14,28.1560275°„N,104.817582°„E,428.9,9.665,250.51
14:31:25.00,24-07-14,28.156018666666668°„N,104.81755333333334°„E,428.8,11.237,250.55
14:31:26.00,24-07-14,28.156008333333332°„N,104.81752133333333°„E,428.6,12.505,249.92
14:31:27.00,24-07-14,28.155996666666667°„N,104.8174855°„E,428.5,13.932,249.77
14:31:28.00,24-07-14,28.1559845°„N,104.81744583333334°„E,428.4,15.325,251.17
14:31:29.00,24-07-14,28.155971833333332°„N,104.81740233333333°„E,428.2,16.556,251.96
14:31:30.00,24-07-14,28.155959166666666°„N,104.81735533333334°„E,428.0,17.778,253.34
14:31:31.00,24-07-14,28.155946°„N,104.817305°„E,427.9,18.981,253.69
14:31:32.00,24-07-14,28.155932333333332°„N,104.81725183333333°„E,427.9,19.878,253.94
14:31:33.00,24-07-14,28.155918°„N,104.81719666666666°„E,427.9,20.636,253.75
14:31:34.00,24-07-14,28.155902°„N,104.81713883333333°„E,427.9,21.654,253.22
14:31:35.00,24-07-14,28.155885333333334°„N,104.81707833333333°„E,428.0,22.556,252.83
14:31:36.00,24-07-14,28.155867166666667°„N,104.81701633333333°„E,428.1,23.003,252.75
14:31:37.00,24-07-14,28.155848333333335°„N,104.81695366666666°„E,428.0,23.501,252.31
14:31:38.00,24-07-14,28.155828333333332°„N,104.81689016666667°„E,427.9,23.808,251.27
14:31:39.00,24-07-14,28.1558055°„N,104.8168275°„E,428.2,23.770,248.32
14:31:40.00,24-07-14,28.155781666666666°„N,104.81676483333334°„E,428.2,24.156,247.69
14:31:41.00,24-07-14,28.155756833333335°„N,104.81670283333334°„E,428.2,24.184,246.07
14:31:42.00,24-07-14,28.155732666666665°„N,104.81663966666666°„E,428.0,24.351,247.60
14:31:43.00,24-07-14,28.155707°„N,104.81657683333333°„E,427.6,24.174,244.43
14:31:44.00,24-07-14,28.155677°„N,104.81651883333333°„E,428.1,23.795,239.30
14:31:45.00,24-07-14,28.155643833333333°„N,104.81646033333334°„E,428.2,24.681,237.67
14:31:46.00,24-07-14,28.155608666666666°„N,104.81640166666666°„E,427.8,24.945,236.08
14:31:47.00,24-07-14,28.155576°„N,104.81634466666667°„E,427.3,23.347,238.21
14:31:48.00,24-07-14,28.155543666666667°„N,104.81628816666667°„E,426.4,23.603,237.28
14:31:49.00,24-07-14,28.155511°„N,104.81623166666667°„E,426.1,23.621,236.97
14:31:50.00,24-07-14,28.155479°„N,104.8161775°„E,426.1,22.318,237.56
14:31:51.00,24-07-14,28.1554505°„N,104.81612916666667°„E,426.0,19.518,238.13
14:31:52.00,24-07-14,28.155426833333333°„N,104.81608833333334°„E,426.0,16.015,237.40
14:31:53.00,24-07-14,28.1554045°„N,104.81605383333333°„E,425.9,14.502,233.83
14:31:54.00,24-07-14,28.155382166666666°„N,104.81602216666667°„E,425.8,13.858,232.14
14:31:55.00,24-07-14,28.155363166666667°„N,104.81599416666667°„E,425.7,11.523,233.10
14:31:56.00,24-07-14,28.155351166666666°„N,104.8159715°„E,425.7,8.219,241.14
14:31:57.00,24-07-14,28.155345°„N,104.815954°„E,425.6,5.482,248.41
14:31:58.00,24-07-14,28.155343666666667°„N,104.81594016666666°„E,425.5,4.694,267.23
14:31:59.00,24-07-14,28.155345°„N,104.81592883333333°„E,425.3,3.690,276.88
14:32:00.00,24-07-14,28.155348166666666°„N,104.81591866666666°„E,425.3,3.885,290.28
14:32:01.00,24-07-14,28.155353833333333°„N,104.815909°„E,425.3,4.568,303.72
14:32:02.00,24-07-14,28.1553645°„N,104.81589866666667°„E,425.3,6.706,319.64
14:32:03.00,24-07-14,28.1553815°„N,104.81588883333333°„E,425.3,8.489,333.62
14:32:04.00,24-07-14,28.15540366666667°„N,104.81588283333333°„E,425.4,9.977,347.74
14:32:05.00,24-07-14,28.15543°„N,104.81588233333333°„E,425.6,11.257,0.65
14:32:06.00,24-07-14,28.155458166666666°„N,104.81588566666667°„E,425.8,11.681,6.42
14:32:07.00,24-07-14,28.155487°„N,104.81589183333334°„E,426.0,12.024,11.95
14:32:08.00,24-07-14,28.155515166666667°„N,104.815902°„E,426.1,12.098,19.09
14:32:09.00,24-07-14,28.155543333333334°„N,104.81591583333334°„E,426.2,12.623,24.79
14:32:10.00,24-07-14,28.155572833333334°„N,104.815934°„E,426.3,13.975,29.54
14:32:11.00,24-07-14,28.155603666666668°„N,104.815958°„E,426.4,15.590,35.47
14:32:12.00,24-07-14,28.155635833333335°„N,104.815987°„E,426.4,17.104,39.33
14:32:13.00,24-07-14,28.155668°„N,104.816019°„E,426.5,17.345,41.75
14:32:14.00,24-07-14,28.155698833333332°„N,104.81605266666666°„E,426.6,17.255,44.52
14:32:15.00,24-07-14,28.15572866666667°„N,104.8160865°„E,426.9,16.992,45.14
14:32:16.00,24-07-14,28.155758166666665°„N,104.816121°„E,427.2,17.153,45.65
14:32:17.00,24-07-14,28.155787°„N,104.81615433333333°„E,427.5,16.429,45.59
14:32:18.00,24-07-14,28.155814°„N,104.81618533333334°„E,427.9,15.102,45.30
14:32:19.00,24-07-14,28.155839°„N,104.8162135°„E,428.4,13.901,44.93
14:32:20.00,24-07-14,28.155863666666665°„N,104.816241°„E,428.8,13.884,44.04
14:32:21.00,24-07-14,28.155886°„N,104.81626433333334°„E,429.2,11.528,42.21
14:32:22.00,24-07-14,28.155901666666665°„N,104.81627933333333°„E,429.6,6.881,39.85
14:32:23.00,24-07-14,28.155914666666668°„N,104.81628966666666°„E,429.9,6.096,35.96
14:32:24.00,24-07-14,28.155928166666666°„N,104.8163005°„E,430.3,6.959,35.29
14:32:25.00,24-07-14,28.1559435°„N,104.81631266666666°„E,430.7,7.763,35.18
14:32:26.00,24-07-14,28.155962166666665°„N,104.816325°„E,431.0,8.972,29.57
14:32:27.00,24-07-14,28.155985°„N,104.81633616666667°„E,431.3,10.340,23.47
14:32:28.00,24-07-14,28.156012333333333°„N,104.81634483333333°„E,431.5,11.730,14.50
14:32:29.00,24-07-14,28.156043666666665°„N,104.81634933333333°„E,431.8,13.076,5.92
14:32:30.00,24-07-14,28.156078166666667°„N,104.816352°„E,432.1,14.065,3.50
14:32:31.00,24-07-14,28.156115°„N,104.81635383333334°„E,432.5,15.031,2.22
14:32:32.00,24-07-14,28.1561545°„N,104.81635516666667°„E,432.9,16.046,1.55
14:32:33.00,24-07-14,28.156196°„N,104.8163565°„E,433.2,16.857,1.46
14:32:34.00,24-07-14,28.15623666666667°„N,104.81635666666666°„E,433.5,15.918,359.68
14:32:35.00,24-07-14,28.156274833333335°„N,104.8163555°„E,433.8,14.965,357.83
14:32:36.00,24-07-14,28.156311833333334°„N,104.81635266666666°„E,434.0,14.771,355.51
14:32:37.00,24-07-14,28.156349166666665°„N,104.81634566666666°„E,434.3,15.140,349.37
14:32:38.00,24-07-14,28.156386°„N,104.81633516666666°„E,434.6,15.176,344.74
14:32:39.00,24-07-14,28.156420833333332°„N,104.816319°„E,434.9,15.018,335.47
14:32:40.00,24-07-14,28.15645333333333°„N,104.816297°„E,435.1,15.191,327.17
14:32:41.00,24-07-14,28.156484°„N,104.81626866666667°„E,435.3,16.091,318.83
14:32:42.00,24-07-14,28.156514166666668°„N,104.81623483333334°„E,435.4,17.343,314.03
14:32:43.00,24-07-14,28.1565455°„N,104.81619716666667°„E,435.5,18.641,313.37
14:32:44.00,24-07-14,28.156579333333333°„N,104.81615616666667°„E,435.6,20.271,312.97
14:32:45.00,24-07-14,28.15661516666667°„N,104.81611316666667°„E,435.6,21.176,313.66
14:32:46.00,24-07-14,28.156654°„N,104.81606933333333°„E,435.5,22.181,315.56
14:32:47.00,24-07-14,28.1566945°„N,104.81602533333333°„E,435.5,22.574,316.57
14:32:48.00,24-07-14,28.156736°„N,104.815982°„E,435.5,22.599,317.48
14:32:49.00,24-07-14,28.156777833333333°„N,104.81593983333333°„E,435.5,22.323,318.76
14:32:50.00,24-07-14,28.156821°„N,104.8158995°„E,435.5,22.322,321.07
14:32:51.00,24-07-14,28.1568645°„N,104.81586166666666°„E,435.6,21.772,323.13
14:32:52.00,24-07-14,28.156906333333332°„N,104.81582583333334°„E,435.7,20.625,322.73
14:32:53.00,24-07-14,28.1569455°„N,104.81579133333334°„E,435.9,19.537,321.95
14:32:54.00,24-07-14,28.156983166666667°„N,104.81575783333334°„E,435.9,18.989,321.57
14:32:55.00,24-07-14,28.157018166666667°„N,104.81572216666666°„E,436.0,18.923,316.90
14:32:56.00,24-07-14,28.157050833333333°„N,104.81568316666667°„E,436.1,18.908,312.45
14:32:57.00,24-07-14,28.15708°„N,104.815639°„E,436.2,19.683,305.33
14:32:58.00,24-07-14,28.1571025°„N,104.81559066666667°„E,436.5,19.180,295.06
14:32:59.00,24-07-14,28.157118333333333°„N,104.81554083333333°„E,436.8,18.363,288.16
14:33:00.00,24-07-14,28.157131°„N,104.815494°„E,437.3,16.903,286.54
14:33:01.00,24-07-14,28.157142166666667°„N,104.81545066666666°„E,437.6,15.375,286.12
14:33:02.00,24-07-14,28.157155166666666°„N,104.8154125°„E,437.9,14.008,292.89
14:33:03.00,24-07-14,28.157169°„N,104.81537833333333°„E,438.5,13.065,295.30
14:33:04.00,24-07-14,28.157186333333332°„N,104.81534783333333°„E,438.6,12.491,304.93
14:33:05.00,24-07-14,28.157206666666667°„N,104.81532533333333°„E,438.7,11.124,317.57
14:33:06.00,24-07-14,28.157229833333332°„N,104.815309°„E,438.8,10.905,329.39
14:33:07.00,24-07-14,28.1572575°„N,104.81529833333333°„E,438.7,12.024,342.91
14:33:08.00,24-07-14,28.157291999999998°„N,104.81529283333333°„E,438.6,14.569,353.85
14:33:09.00,24-07-14,28.157332166666666°„N,104.81529233333333°„E,438.6,16.519,0.80
14:33:10.00,24-07-14,28.157376°„N,104.81529533333334°„E,438.6,17.882,4.40
14:33:11.00,24-07-14,28.15742°„N,104.81530083333334°„E,438.8,17.503,7.32
14:33:12.00,24-07-14,28.157462166666665°„N,104.81530783333334°„E,439.1,16.781,8.87
14:33:13.00,24-07-14,28.157502833333332°„N,104.81531566666666°„E,439.5,16.275,10.14
14:33:14.00,24-07-14,28.157543°„N,104.81532483333334°„E,439.9,16.366,11.83
14:33:15.00,24-07-14,28.157583833333334°„N,104.81533433333334°„E,440.3,16.695,11.59
14:33:16.00,24-07-14,28.157625833333334°„N,104.81534416666666°„E,440.8,17.184,11.86
14:33:17.00,24-07-14,28.157669666666667°„N,104.81535416666667°„E,441.2,18.077,11.35
14:33:18.00,24-07-14,28.157715666666668°„N,104.81536466666667°„E,441.6,18.903,11.34
14:33:19.00,24-07-14,28.15776333333333°„N,104.8153745°„E,442.0,19.483,9.93
14:33:20.00,24-07-14,28.157810333333334°„N,104.81538183333333°„E,442.3,18.664,6.97
14:33:21.00,24-07-14,28.157855833333333°„N,104.815385°„E,442.7,17.888,2.16
14:33:22.00,24-07-14,28.1579005°„N,104.81538566666667°„E,443.0,17.747,0.31
14:33:23.00,24-07-14,28.157945333333334°„N,104.81538583333334°„E,443.3,17.834,359.98
14:33:24.00,24-07-14,28.15799°„N,104.81538616666667°„E,443.6,17.839,0.39
14:33:25.00,24-07-14,28.1580355°„N,104.81538616666667°„E,444.0,18.210,359.77
14:33:26.00,24-07-14,28.158080166666668°„N,104.81538766666667°„E,444.3,17.725,2.41
14:33:27.00,24-07-14,28.1581245°„N,104.8153915°„E,444.8,17.715,5.03
14:33:28.00,24-07-14,28.158168333333332°„N,104.815398°„E,445.1,17.660,8.23
14:33:29.00,24-07-14,28.158211166666668°„N,104.81540833333334°„E,445.6,17.434,13.32
14:33:30.00,24-07-14,28.158253166666668°„N,104.81542216666666°„E,446.0,17.421,17.10
14:33:31.00,24-07-14,28.15829383333333°„N,104.81543983333333°„E,446.5,17.446,22.30
14:33:32.00,24-07-14,28.158332166666668°„N,104.81546266666666°„E,446.9,17.238,29.83
14:33:33.00,24-07-14,28.158368833333334°„N,104.8154905°„E,447.4,17.733,35.30
14:33:34.00,24-07-14,28.158405166666668°„N,104.81552183333334°„E,447.6,18.288,38.52
14:33:35.00,24-07-14,28.158440333333335°„N,104.81555333333333°„E,447.7,17.621,38.56
14:33:36.00,24-07-14,28.158475166666666°„N,104.8155825°„E,447.9,17.198,36.11
14:33:37.00,24-07-14,28.1585115°„N,104.8156085°„E,448.0,17.061,31.09
14:33:38.00,24-07-14,28.1585495°„N,104.81562883333334°„E,448.3,16.778,23.71
14:33:39.00,24-07-14,28.158585833333333°„N,104.81564383333334°„E,448.5,14.830,18.86
14:33:40.00,24-07-14,28.158613166666665°„N,104.81565283333333°„E,448.7,9.905,15.97
14:33:41.00,24-07-14,28.15863°„N,104.81565766666667°„E,448.8,5.608,14.75
14:33:42.00,24-07-14,28.158640666666667°„N,104.8156605°„E,448.8,3.787,13.57
14:33:43.00,24-07-14,28.158647666666667°„N,104.81566233333334°„E,448.8,2.494,13.25
14:33:44.00,24-07-14,28.158652666666665°„N,104.8156635°„E,448.8,1.740,12.00
14:33:45.00,24-07-14,28.158656166666667°„N,104.81566433333333°„E,448.8,1.181,12.01
14:33:46.00,24-07-14,28.158659°„N,104.815665°„E,448.7,1.154,13.81
14:33:47.00,24-07-14,28.15866533333333°„N,104.81566666666667°„E,448.7,3.148,12.78
14:33:48.00,24-07-14,28.158673833333335°„N,104.81566833333333°„E,448.7,3.579,11.24
14:33:49.00,24-07-14,28.158682166666665°„N,104.81566983333333°„E,448.8,3.306,10.19
14:33:50.00,24-07-14,28.158695°„N,104.81567233333334°„E,448.9,5.979,10.70
14:33:51.00,24-07-14,28.1587135°„N,104.8156765°„E,449.0,8.143,11.55
14:33:52.00,24-07-14,28.158736166666667°„N,104.81568166666666°„E,449.2,9.747,11.26
14:33:53.00,24-07-14,28.158762°„N,104.815688°„E,449.4,10.750,12.18
14:33:54.00,24-07-14,28.158788666666666°„N,104.81569466666667°„E,449.7,10.955,12.68
14:33:55.00,24-07-14,28.1588155°„N,104.81570266666667°„E,450.0,11.146,15.02
14:33:56.00,24-07-14,28.158842333333332°„N,104.8157125°„E,450.3,11.371,18.84
14:33:57.00,24-07-14,28.158870166666667°„N,104.8157245°„E,450.7,12.187,21.69
14:33:58.00,24-07-14,28.158899°„N,104.81573983333334°„E,451.0,13.028,26.08
14:33:59.00,24-07-14,28.15892716666667°„N,104.8157585°„E,451.3,13.061,31.06
14:34:00.00,24-07-14,28.158955333333335°„N,104.81578016666667°„E,451.6,13.857,34.89
14:34:01.00,24-07-14,28.158981833333332°„N,104.81580566666666°„E,452.1,13.996,41.45
14:34:02.00,24-07-14,28.159006166666668°„N,104.81583233333333°„E,452.6,13.488,44.42
14:34:03.00,24-07-14,28.159028666666668°„N,104.81585933333334°„E,453.1,13.010,46.85
14:34:04.00,24-07-14,28.159048833333333°„N,104.81588716666667°„E,453.6,12.736,50.93
14:34:05.00,24-07-14,28.1590675°„N,104.815915°„E,453.9,12.316,52.73
14:34:06.00,24-07-14,28.159083333333335°„N,104.81594433333333°„E,454.5,12.244,59.36
14:34:07.00,24-07-14,28.159097°„N,104.8159715°„E,455.0,10.572,59.41
14:34:08.00,24-07-14,28.159106°„N,104.81598933333333°„E,455.2,5.891,60.07
14:34:09.00,24-07-14,28.159110833333333°„N,104.81599916666667°„E,455.3,3.281,60.88
14:34:10.00,24-07-14,28.159113166666668°„N,104.81600433333334°„E,455.4,1.587,62.62
14:34:11.00,24-07-14,28.1591135°„N,104.816005°„E,455.4,0.215,
14:34:12.00,24-07-14,28.159113833333333°„N,104.81600516666667°„E,455.4,0.355,
14:34:13.00,24-07-14,28.159115666666665°„N,104.8160075°„E,455.4,1.524,59.53
14:34:14.00,24-07-14,28.159120833333333°„N,104.816016°„E,455.4,4.593,56.57
14:34:15.00,24-07-14,28.159127666666667°„N,104.81602716666667°„E,455.5,4.940,55.67
14:34:16.00,24-07-14,28.159136°„N,104.8160375°„E,455.6,5.053,48.87
14:34:17.00,24-07-14,28.159148333333334°„N,104.81604716666666°„E,455.8,6.440,36.50
14:34:18.00,24-07-14,28.159166333333335°„N,104.81605433333333°„E,456.1,8.258,18.98
14:34:19.00,24-07-14,28.159187666666668°„N,104.816055°„E,456.3,8.829,1.24
14:34:20.00,24-07-14,28.1592105°„N,104.8160485°„E,456.5,9.569,347.09
14:34:21.00,24-07-14,28.159234166666668°„N,104.81603583333333°„E,456.8,10.781,334.92
14:34:22.00,24-07-14,28.159259°„N,104.81602066666666°„E,457.1,11.643,331.45
14:34:23.00,24-07-14,28.159284666666668°„N,104.81600316666666°„E,457.4,12.124,328.57
14:34:24.00,24-07-14,28.1593105°„N,104.81598233333334°„E,457.8,12.776,323.72
14:34:25.00,24-07-14,28.159334666666666°„N,104.81596066666667°„E,458.3,12.012,321.22
14:34:26.00,24-07-14,28.1593575°„N,104.81593833333334°„E,458.9,11.977,318.31
14:34:27.00,24-07-14,28.159379333333334°„N,104.81591366666666°„E,459.4,12.334,314.26
14:34:28.00,24-07-14,28.159400833333333°„N,104.81588666666667°„E,460.0,12.947,311.30
14:34:29.00,24-07-14,28.159422°„N,104.815857°„E,460.6,13.681,308.12
14:34:30.00,24-07-14,28.159442833333333°„N,104.815824°„E,461.1,14.487,304.59
14:34:31.00,24-07-14,28.159461833333335°„N,104.81578833333333°„E,461.6,14.766,300.02
14:34:32.00,24-07-14,28.159476666666666°„N,104.81575133333334°„E,462.0,14.203,292.80
14:34:33.00,24-07-14,28.159486666666666°„N,104.815712°„E,462.3,14.656,284.28
14:34:34.00,24-07-14,28.159494833333333°„N,104.81567116666666°„E,462.6,14.816,282.65
14:34:35.00,24-07-14,28.159503°„N,104.81562983333333°„E,463.0,15.048,282.44
14:34:36.00,24-07-14,28.159512333333332°„N,104.81558733333334°„E,463.3,15.565,284.43
14:34:37.00,24-07-14,28.159522333333335°„N,104.81554383333334°„E,463.7,16.027,284.77
14:34:38.00,24-07-14,28.159533°„N,104.81550016666667°„E,464.0,15.922,285.68
14:34:39.00,24-07-14,28.159544166666667°„N,104.81545683333333°„E,464.1,16.059,286.44
14:34:40.00,24-07-14,28.159556833333333°„N,104.81541233333333°„E,464.4,16.768,288.56
14:34:41.00,24-07-14,28.1595705°„N,104.81536666666666°„E,464.4,17.280,288.82
14:34:42.00,24-07-14,28.159584666666667°„N,104.81532016666667°„E,464.6,17.470,289.06
14:34:43.00,24-07-14,28.159598°„N,104.81527483333333°„E,464.8,16.655,288.33
14:34:44.00,24-07-14,28.1596095°„N,104.8152335°„E,464.9,14.745,286.74
14:34:45.00,24-07-14,28.159617666666666°„N,104.8151975°„E,464.9,12.512,283.02
14:34:46.00,24-07-14,28.159621°„N,104.8151665°„E,465.0,10.437,274.92
14:34:47.00,24-07-14,28.1596205°„N,104.81514133333333°„E,465.0,8.281,268.22
14:34:48.00,24-07-14,28.159617833333332°„N,104.8151205°„E,464.9,7.033,262.51
14:34:49.00,24-07-14,28.159613666666665°„N,104.815102°„E,464.8,6.658,255.16
14:34:50.00,24-07-14,28.159608833333333°„N,104.815083°„E,464.7,7.131,254.02
14:34:51.00,24-07-14,28.159602666666668°„N,104.81506583333334°„E,464.6,6.425,247.42
14:34:52.00,24-07-14,28.159595500000002°„N,104.81505066666666°„E,464.5,5.988,242.61
14:34:53.00,24-07-14,28.159588666666668°„N,104.815037°„E,464.4,5.499,240.26
14:34:54.00,24-07-14,28.159582°„N,104.81502533333334°„E,464.3,4.763,238.24
14:34:55.00,24-07-14,28.159576833333333°„N,104.81501633333333°„E,464.3,3.380,237.54
14:34:56.00,24-07-14,28.159574166666665°„N,104.8150115°„E,464.2,1.501,237.41
14:34:57.00,24-07-14,28.159573666666667°„N,104.81501033333333°„E,464.2,0.037,
14:34:58.00,24-07-14,28.159573°„N,104.81500916666667°„E,464.2,0.743,236.78
14:34:59.00,24-07-14,28.1595695°„N,104.815005°„E,464.2,2.591,223.30
14:35:00.00,24-07-14,28.159562°„N,104.81499916666667°„E,464.1,4.156,214.62
14:35:01.00,24-07-14,28.159551°„N,104.81499283333333°„E,464.1,5.313,207.25
14:35:02.00,24-07-14,28.1595385°„N,104.81498683333334°„E,464.0,5.647,203.31
14:35:03.00,24-07-14,28.159525666666667°„N,104.81498066666667°„E,464.0,5.584,202.31
14:35:04.00,24-07-14,28.159513666666665°„N,104.81497383333334°„E,463.9,5.376,205.18
14:35:05.00,24-07-14,28.159503333333333°„N,104.814967°„E,463.9,4.567,207.88
14:35:06.00,24-07-14,28.159496166666667°„N,104.8149615°„E,463.9,3.005,209.75
14:35:07.00,24-07-14,28.159492°„N,104.81495783333334°„E,463.9,1.774,211.61
14:35:08.00,24-07-14,28.15949°„N,104.81495583333333°„E,464.0,0.799,212.66
14:35:09.00,24-07-14,28.159487833333333°„N,104.81495366666667°„E,464.0,1.315,216.12
14:35:10.00,24-07-14,28.15948716666667°„N,104.81495266666667°„E,464.0,0.078,
14:35:11.00,24-07-14,28.1594865°„N,104.8149515°„E,464.0,0.573,217.46
14:35:12.00,24-07-14,28.159482833333332°„N,104.81494716666667°„E,464.0,2.828,222.08
14:35:13.00,24-07-14,28.159475°„N,104.81493866666666°„E,464.0,4.963,221.29
14:35:14.00,24-07-14,28.159465°„N,104.81492766666666°„E,464.1,5.837,223.67
14:35:15.00,24-07-14,28.159454666666665°„N,104.8149165°„E,464.1,5.734,222.59
14:35:16.00,24-07-14,28.1594435°„N,104.8149045°„E,464.1,6.363,222.78
14:35:17.00,24-07-14,28.159431166666668°„N,104.8148915°„E,464.1,6.877,222.54
14:35:18.00,24-07-14,28.159418833333334°„N,104.814878°„E,464.1,6.967,223.48
14:35:19.00,24-07-14,28.159405166666666°„N,104.81486383333333°„E,464.0,7.577,221.85
14:35:20.00,24-07-14,28.159389333333333°„N,104.81484783333333°„E,464.0,8.880,221.30
14:35:21.00,24-07-14,28.159371666666665°„N,104.81483033333333°„E,464.1,9.666,220.74
14:35:22.00,24-07-14,28.159354166666667°„N,104.81481366666667°„E,464.1,8.974,219.13
14:35:23.00,24-07-14,28.159337666666666°„N,104.81479883333333°„E,464.1,8.173,218.29
14:35:24.00,24-07-14,28.1593225°„N,104.8147855°„E,464.2,7.530,217.79
14:35:25.00,24-07-14,28.1593085°„N,104.814773°„E,464.2,6.926,217.81
14:35:26.00,24-07-14,28.159295666666665°„N,104.81476183333334°„E,464.2,6.309,217.18
14:35:27.00,24-07-14,28.1592835°„N,104.81475116666667°„E,464.2,6.149,217.59
14:35:28.00,24-07-14,28.15927°„N,104.81473933333334°„E,464.2,7.198,217.26
14:35:29.00,24-07-14,28.159254666666666°„N,104.81472616666667°„E,464.2,7.870,217.35
14:35:30.00,24-07-14,28.159239666666668°„N,104.81471283333333°„E,464.2,7.584,217.81
14:35:31.00,24-07-14,28.15922533333333°„N,104.81470016666667°„E,464.3,7.142,217.56
14:35:32.00,24-07-14,28.1592115°„N,104.81468816666667°„E,464.3,6.831,217.37
14:35:33.00,24-07-14,28.159198333333332°„N,104.81467633333334°„E,464.3,6.714,217.97
14:35:34.00,24-07-14,28.1591855°„N,104.81466466666667°„E,464.3,6.562,217.99
14:35:35.00,24-07-14,28.159173°„N,104.81465333333334°„E,464.3,6.423,218.34
14:35:36.00,24-07-14,28.1591605°„N,104.81464266666667°„E,464.4,6.187,216.90
14:35:37.00,24-07-14,28.1591485°„N,104.81463216666667°„E,464.4,6.039,217.59
14:35:38.00,24-07-14,28.159136°„N,104.81462116666667°„E,464.4,6.406,217.53
14:35:39.00,24-07-14,28.159122333333332°„N,104.8146095°„E,464.4,7.047,217.09
14:35:40.00,24-07-14,28.159107333333335°„N,104.81459666666666°„E,464.3,7.715,216.61
14:35:41.00,24-07-14,28.159091166666666°„N,104.81458366666666°„E,464.3,8.050,214.95
14:35:42.00,24-07-14,28.159074333333333°„N,104.81457016666667°„E,464.2,8.266,215.64
14:35:43.00,24-07-14,28.159057°„N,104.81455666666666°„E,464.2,8.491,214.38
14:35:44.00,24-07-14,28.159039°„N,104.814543°„E,464.2,8.694,213.98
14:35:45.00,24-07-14,28.159020666666667°„N,104.81452933333334°„E,464.2,8.832,212.88
14:35:46.00,24-07-14,28.1590015°„N,104.81451633333333°„E,464.2,9.009,210.94
14:35:47.00,24-07-14,28.15898333333333°„N,104.81450433333333°„E,464.1,8.123,210.14
14:35:48.00,24-07-14,28.158968°„N,104.814495°„E,464.1,6.520,208.12
14:35:49.00,24-07-14,28.158956333333332°„N,104.81448883333333°„E,464.1,4.618,205.55
14:35:50.00,24-07-14,28.1589485°„N,104.814485°„E,464.0,2.883,204.71
14:35:51.00,24-07-14,28.1589435°„N,104.81448266666666°„E,464.0,1.868,204.09
14:35:52.00,24-07-14,28.15894°„N,104.814481°„E,464.0,1.409,202.79
14:35:53.00,24-07-14,28.1589375°„N,104.81448016666667°„E,464.0,0.882,201.87
14:35:54.00,24-07-14,28.158936333333333°„N,104.81447966666667°„E,464.0,0.339,
14:35:55.00,24-07-14,28.158936166666667°„N,104.81447933333334°„E,464.0,0.026,
14:35:56.00,24-07-14,28.158936333333333°„N,104.81447916666667°„E,464.0,0.020,
14:35:57.00,24-07-14,28.1589365°„N,104.814479°„E,464.0,0.020,
14:35:58.00,24-07-14,28.158936666666666°„N,104.81447883333334°„E,464.0,0.010,
14:35:59.00,24-07-14,28.158936833333332°„N,104.8144785°„E,464.0,0.006,
14:36:00.00,24-07-14,28.158936833333332°„N,104.81447833333333°„E,464.0,0.023,
14:36:01.00,24-07-14,28.158937°„N,104.81447816666666°„E,464.0,0.012,
14:36:02.00,24-07-14,28.158937°„N,104.814478°„E,464.0,0.013,
14:36:03.00,24-07-14,28.158937166666668°„N,104.81447783333333°„E,464.0,0.015,
14:36:04.00,24-07-14,28.158937166666668°„N,104.81447766666666°„E,464.0,0.019,
14:36:05.00,24-07-14,28.158937333333334°„N,104.8144775°„E,464.0,0.023,
14:36:06.00,24-07-14,28.158937333333334°„N,104.8144775°„E,463.9,0.010,
14:36:07.00,24-07-14,28.1589375°„N,104.81447733333333°„E,464.0,0.029,
14:36:08.00,24-07-14,28.1589375°„N,104.81447716666666°„E,464.0,0.038,
14:36:09.00,24-07-14,28.158937666666667°„N,104.814477°„E,464.0,0.016,
14:36:10.00,24-07-14,28.158937666666667°„N,104.814477°„E,464.0,0.036,
14:36:11.00,24-07-14,28.158937666666667°„N,104.81447683333333°„E,464.0,0.049,
14:36:12.00,24-07-14,28.158937666666667°„N,104.81447683333333°„E,464.0,0.027,
14:36:13.00,24-07-14,28.158937833333333°„N,104.814477°„E,464.0,0.049,
14:36:14.00,24-07-14,28.158938°„N,104.814477°„E,463.9,0.037,
14:36:15.00,24-07-14,28.158938166666665°„N,104.81447716666666°„E,463.9,0.040,
14:36:16.00,24-07-14,28.15893833333333°„N,104.81447716666666°„E,463.8,0.027,
14:36:17.00,24-07-14,28.1589385°„N,104.81447716666666°„E,463.8,0.059,
14:36:18.00,24-07-14,28.158938666666668°„N,104.81447716666666°„E,463.8,0.037,
14:36:19.00,24-07-14,28.158938666666668°„N,104.814477°„E,463.7,0.031,
14:36:20.00,24-07-14,28.158938666666668°„N,104.814477°„E,463.7,0.013,
14:36:21.00,24-07-14,28.158938666666668°„N,104.814477°„E,463.7,0.020,
14:36:22.00,24-07-14,28.158938833333334°„N,104.81447683333333°„E,463.7,0.033,
14:36:23.00,24-07-14,28.158938833333334°„N,104.81447666666666°„E,463.7,0.051,
14:36:24.00,24-07-14,28.158938833333334°„N,104.81447666666666°„E,463.7,0.029,
14:36:25.00,24-07-14,28.158938666666668°„N,104.81447666666666°„E,463.6,0.053,
14:36:26.00,24-07-14,28.158938666666668°„N,104.81447666666666°„E,463.6,0.042,
14:36:27.00,24-07-14,28.158938666666668°„N,104.81447666666666°„E,463.6,0.041,
14:36:28.00,24-07-14,28.1589385°„N,104.81447666666666°„E,463.6,0.038,
14:36:29.00,24-07-14,28.15893833333333°„N,104.81447666666666°„E,463.6,0.032,
14:36:30.00,24-07-14,28.158938166666665°„N,104.81447666666666°„E,463.6,0.014,
14:36:31.00,24-07-14,28.158938°„N,104.81447666666666°„E,463.6,0.023,
14:36:32.00,24-07-14,28.158937666666667°„N,104.8144765°„E,463.6,0.017,
14:36:33.00,24-07-14,28.158937666666667°„N,104.8144765°„E,463.7,0.022,
14:36:34.00,24-07-14,28.1589375°„N,104.81447633333333°„E,463.7,0.004,
14:36:35.00,24-07-14,28.1589375°„N,104.81447633333333°„E,463.7,0.019,
14:36:36.00,24-07-14,28.158937333333334°„N,104.81447633333333°„E,463.7,0.025,
