Time,Date,CO2,H2O,N2O,CH4,C2H6,CO,T1,T2,T3,P1,P2,P3
14:03:09,2024-07-14,420.894252,32215.9,0.35211,2.02568,18.6975,0.229855,42.7943,41.5994,43.97,140.005,239.996,139.986
14:03:10,2024-07-14,419.843691,32215.9,0.352035,2.02568,18.6975,0.230218,42.7941,41.5994,43.9698,140.009,239.996,140.088
14:03:11,2024-07-14,418.747678,32210.1,0.352223,2.02547,18.8993,0.229672,42.7940,41.5988,43.97,139.995,240.004,139.956
14:03:12,2024-07-14,418.447075,32195.7,0.35227,2.02666,19.0578,0.22965,42.7942,41.5982,43.9704,139.994,240.009,139.973
14:03:13,2024-07-14,418.705325,32191.0,0.352457,2.02436,18.1405,0.229333,42.7946,41.5984,43.9708,140.002,239.997,140.024
14:03:14,2024-07-14,418.564837,32206.0,0.351913,2.02823,19.3465,0.229133,42.7944,41.5983,43.9715,140.004,240.01,139.989
14:03:15,2024-07-14,418.261135,32214.5,0.352629,2.02123,18.816,0.22926,42.7946,41.5980,43.9717,140.004,240,139.963
14:03:15,2024-07-14,417.793186,32227.5,0.352033,2.02336,18.9942,0.22906,42.7951,41.5982,43.9717,140.019,239.986,140.005
14:03:16,2024-07-14,418.013215,32201.0,0.351468,2.02515,18.925,0.229263,42.7953,41.5985,43.9715,139.988,240.013,139.985
14:03:17,2024-07-14,417.968796,32200.7,0.352427,2.02678,18.9054,0.229263,42.7953,41.5988,43.9715,140.004,239.995,139.985
14:03:18,2024-07-14,417.650632,32196.6,0.352072,2.02846,18.5489,0.229235,42.7957,41.5992,43.971,140.013,240.009,140.008
14:03:19,2024-07-14,418.798295,32196.6,0.351943,2.02846,18.5489,0.22895,42.7957,41.5992,43.9706,139.995,240.009,140.004
14:03:20,2024-07-14,418.798295,32190.6,0.351943,2.02568,18.8291,0.228728,42.7957,41.5993,43.97,139.995,239.989,140.042
14:03:21,2024-07-14,417.678523,32175.8,0.351786,2.02651,18.8941,0.228769,42.7958,41.5992,43.9696,140.012,240,139.984
14:03:22,2024-07-14,418.086558,32182.0,0.35179,2.02582,18.8711,0.229121,42.7961,41.5994,43.9689,139.991,239.996,139.98
14:03:23,2024-07-14,418.850978,32177.9,0.352068,2.02994,18.1894,0.229577,42.7960,41.5996,43.9682,140.003,240.01,140.016
14:03:24,2024-07-14,418.404722,32196.9,0.351636,2.02753,18.2605,0.229375,42.7962,41.5997,43.9681,140.004,239.986,140.031
14:03:25,2024-07-14,418.724952,32169.3,0.351915,2.02687,18.7014,0.230219,42.7967,41.5996,43.968,139.991,240.004,139.949
14:03:25,2024-07-14,418.761107,32180.9,0.352445,2.02653,18.1601,0.230461,42.7965,41.5995,43.9677,139.996,240.003,140.004
14:03:26,2024-07-14,418.201221,32173.8,0.352491,2.03177,18.9929,0.230461,42.7963,41.5997,43.9677,139.999,239.991,140.004
14:03:27,2024-07-14,418.519385,32173.8,0.352463,2.03177,18.9929,0.229867,42.7965,41.5997,43.9677,140.001,239.991,140.09
14:03:28,2024-07-14,418.11135,32162.6,0.351375,2.02743,18.3341,0.229735,42.7967,41.5994,43.9676,140.015,239.995,140.002
14:03:29,2024-07-14,417.92541,32175.2,0.351834,2.02447,18.782,0.229752,42.7970,41.5992,43.9675,140.01,239.995,139.977
14:03:30,2024-07-14,417.92541,32143.7,0.351834,2.02761,19.2433,0.229627,42.7970,41.5990,43.9674,140.01,240.013,140.014
14:03:31,2024-07-14,418.376831,32147.6,0.351633,2.02734,18.4859,0.230365,42.7973,41.5989,43.9678,139.992,239.997,140.002
14:03:32,2024-07-14,418.76214,32138.7,0.352656,2.03077,19.0354,0.2298,42.7975,41.5986,43.9677,139.988,240.013,139.997
14:03:33,2024-07-14,418.9894,32145.0,0.351736,2.02663,18.858,0.230171,42.7972,41.5986,43.9674,140.005,239.998,139.97
14:03:34,2024-07-14,418.156802,32166.2,0.35282,2.02736,18.1265,0.230346,42.7975,41.5981,43.9673,140.002,239.995,139.995
14:03:34,2024-07-14,418.506989,32156.3,0.352141,2.02494,18.5226,0.230346,42.7974,41.5984,43.9673,140.01,239.994,139.995
14:03:35,2024-07-14,418.599959,32162.7,0.351353,2.02792,19.2141,0.229965,42.7973,41.5985,43.9673,140.004,240.012,140.006
14:03:36,2024-07-14,418.537979,32162.7,0.351504,2.02792,19.2141,0.230443,42.7974,41.5985,43.9671,139.992,240.012,139.972
14:03:37,2024-07-14,417.985324,32168.5,0.352073,2.0305,18.5601,0.230443,42.7976,41.5987,43.9671,139.984,240.014,139.972
14:03:38,2024-07-14,417.969829,32145.1,0.351891,2.02576,18.1943,0.230273,42.7979,41.5991,43.9668,139.991,240.001,140.01
14:03:39,2024-07-14,417.22297,32151.0,0.352524,2.02333,18.5155,0.230369,42.7980,41.5995,43.9663,139.989,239.991,140.043
14:03:40,2024-07-14,417.22297,32157.2,0.352524,2.02438,18.6194,0.230232,42.7980,41.6002,43.9663,139.989,240.006,139.95
14:03:41,2024-07-14,417.449197,32135.0,0.352324,2.02523,17.8583,0.230576,42.7976,41.6001,43.9664,139.987,240.001,140.005
14:03:42,2024-07-14,416.693041,32160.9,0.352414,2.02542,18.7438,0.230019,42.7978,41.6002,43.9669,139.994,239.995,139.999
14:03:43,2024-07-14,417.28495,32147.1,0.352997,2.0284,19.0511,0.230119,42.7979,41.6004,43.9674,139.987,239.995,140.012
14:03:44,2024-07-14,417.60518,32129.6,0.351447,2.02791,18.7081,0.23137,42.7976,41.6005,43.9679,140.013,240.01,140.006
14:03:44,2024-07-14,416.885179,32151.0,0.35262,2.02605,19.0572,0.23137,42.7976,41.6000,43.9679,139.99,239.994,140.006
14:03:45,2024-07-14,417.0267,32162.4,0.352101,2.02604,18.1962,0.230862,42.7979,41.5999,43.9687,139.993,240.006,139.999
14:03:46,2024-07-14,417.361392,32181.4,0.351628,2.02539,18.6774,0.230761,42.7978,41.6002,43.9694,139.992,239.989,139.993
14:03:47,2024-07-14,418.218782,32181.4,0.352075,2.02539,18.6774,0.230866,42.7979,41.6002,43.9703,140.011,239.989,139.988
14:03:48,2024-07-14,417.716744,32227.2,0.351658,2.02493,18.5674,0.230409,42.7979,41.6002,43.9705,140,239.989,140.015
14:03:49,2024-07-14,417.716744,32218.4,0.351658,2.02043,19.202,0.23044,42.7979,41.6005,43.9706,140,240.026,139.987
14:03:50,2024-07-14,417.638236,32248.0,0.352326,2.02257,18.8389,0.230458,42.7976,41.6008,43.9705,139.994,239.996,140.025
14:03:51,2024-07-14,417.903717,32281.3,0.352326,2.02581,19.2285,0.230892,42.7978,41.6007,43.9702,140.004,239.984,139.984
14:03:52,2024-07-14,418.626817,32271.7,0.351564,2.02727,18.4414,0.230892,42.7975,41.6009,43.9702,140.001,240.009,139.984
14:03:53,2024-07-14,418.480131,32283.1,0.352319,2.02583,18.5513,0.230559,42.7975,41.6014,43.9699,140.005,239.996,140.005
14:03:54,2024-07-14,418.210518,32278.2,0.352462,2.02268,18.8258,0.230522,42.7974,41.6017,43.9696,139.999,239.981,140.021
14:03:54,2024-07-14,418.672269,32283.2,0.352065,2.02499,18.2768,0.230465,42.7972,41.6020,43.9691,139.993,240.009,139.988
14:03:55,2024-07-14,418.801394,32298.2,0.351981,2.02562,19.0126,0.230728,42.7972,41.6018,43.9684,140,240.002,139.987
14:03:56,2024-07-14,418.381996,32298.2,0.351985,2.02562,19.0126,0.231293,42.7971,41.6018,43.9676,140.003,240.002,140.027
14:03:57,2024-07-14,417.772526,32340.3,0.352158,2.02693,17.8573,0.231048,42.7971,41.6013,43.9674,140.009,239.995,139.997
14:03:58,2024-07-14,418.083459,32362.5,0.352948,2.02369,18.6372,0.23118,42.7969,41.6012,43.9671,139.985,240.015,140
14:03:59,2024-07-14,417.908882,32419.1,0.352047,2.02594,18.092,0.230769,42.7970,41.6007,43.967,139.997,240.001,140.008
14:04:00,2024-07-14,417.908882,32459.4,0.352047,2.02459,18.201,0.230691,42.7970,41.6005,43.9668,139.997,240.006,140.001
14:04:01,2024-07-14,418.213617,32556.3,0.352108,2.02408,18.9739,0.230691,42.7970,41.6006,43.9668,140.004,239.99,140.001
14:04:02,2024-07-14,418.938783,32653.5,0.352199,2.01826,18.6417,0.231336,42.7970,41.6005,43.9666,140.008,239.994,140.001
14:04:03,2024-07-14,417.999786,32703.7,0.353188,2.01489,18.6548,0.231085,42.7971,41.6008,43.9662,139.994,240.009,139.996
14:04:03,2024-07-14,418.764206,32766.5,0.352182,2.01509,18.6922,0.231597,42.7973,41.6005,43.9664,139.997,240.001,139.988
14:04:04,2024-07-14,419.017291,32816.9,0.351869,2.01949,19.0062,0.2318,42.7973,41.6009,43.9665,139.991,240.004,139.979
14:04:05,2024-07-14,417.652698,32825.2,0.352393,2.02031,18.8251,0.231414,42.7976,41.6008,43.967,140.007,240.002,139.976
14:04:06,2024-07-14,418.124779,32825.2,0.352408,2.02031,18.8251,0.231659,42.7979,41.6008,43.9673,140.004,240.002,140.01
14:04:07,2024-07-14,417.589685,32810.7,0.352684,2.01522,18.6612,0.231659,42.7978,41.6007,43.9673,139.995,239.992,140.01
14:04:08,2024-07-14,418.433646,32823.2,0.352295,2.02029,17.927,0.231291,42.7979,41.6008,43.9675,139.991,239.982,140.014
14:04:09,2024-07-14,419.066875,32808.3,0.352466,2.01754,18.446,0.231478,42.7978,41.6003,43.9679,139.996,239.998,140.001
14:04:10,2024-07-14,419.202198,32804.3,0.352555,2.01913,18.6617,0.231529,42.7979,41.6003,43.9681,140.008,239.998,139.992
14:04:11,2024-07-14,419.202198,32794.3,0.352555,2.02268,18.5012,0.232676,42.7979,41.6003,43.9682,140.008,240,140.008
14:04:12,2024-07-14,418.140274,32782.3,0.35287,2.01758,18.3963,0.231219,42.7978,41.6006,43.9687,140.004,240.003,140.001
14:04:13,2024-07-14,418.981136,32764.5,0.352485,2.02042,17.9314,0.231438,42.7973,41.6005,43.9684,139.998,240.004,139.998
14:04:13,2024-07-14,418.552441,32731.6,0.351669,2.01539,19.0743,0.23134,42.7972,41.6009,43.9686,140.005,239.996,140
14:04:14,2024-07-14,417.428537,32690.3,0.352357,2.02213,18.6937,0.231096,42.7971,41.6010,43.9687,140.001,240.013,139.99
14:04:15,2024-07-14,418.104119,32690.3,0.352412,2.02213,18.6937,0.231044,42.7973,41.6010,43.9689,140,240.013,139.992
14:04:16,2024-07-14,418.481164,32639.7,0.352019,2.01994,18.5514,0.231044,42.7973,41.6011,43.9689,139.993,239.982,139.992
14:04:17,2024-07-14,418.164033,32606.8,0.352717,2.01977,18.6955,0.230978,42.7974,41.6016,43.9687,139.996,239.995,139.997
14:04:18,2024-07-14,418.164033,32594.2,0.352717,2.01989,18.6886,0.231212,42.7974,41.6012,43.9689,139.996,240.009,140.007
14:04:19,2024-07-14,418.377864,32596.0,0.351868,2.018,18.9694,0.231057,42.7973,41.6011,43.9693,140.005,240.003,140.016
14:04:20,2024-07-14,417.385151,32609.6,0.352144,2.01794,18.7288,0.230558,42.7976,41.6008,43.9694,140.011,240.005,140.026
14:04:21,2024-07-14,417.330402,32628.6,0.352231,2.01735,18.6906,0.230966,42.7971,41.6003,43.9693,139.996,239.998,140.035
14:04:22,2024-07-14,418.137175,32632.8,0.351763,2.01688,18.0511,0.231352,42.7974,41.5997,43.9692,140,240.005,139.988
14:04:23,2024-07-14,417.695051,32663.9,0.352138,2.01647,18.194,0.230677,42.7973,41.5997,43.969,140.004,240.009,139.997
14:04:23,2024-07-14,417.828308,32672.4,0.352658,2.01462,18.9308,0.230646,42.7975,41.5997,43.9688,139.991,239.987,139.994
14:04:24,2024-07-14,417.874793,32671.4,0.352713,2.01733,18.4624,0.230765,42.7978,41.5996,43.9688,140.003,240.012,139.982
14:04:25,2024-07-14,418.913991,32671.4,0.351663,2.01733,18.4624,0.230431,42.7976,41.5996,43.9689,140,240.012,140.042
14:04:26,2024-07-14,418.817922,32666.3,0.351548,2.0165,18.259,0.230431,42.7976,41.5994,43.9689,139.998,239.998,140.042
14:04:27,2024-07-14,419.202198,32654.8,0.352287,2.01972,18.9562,0.230502,42.7978,41.5997,43.9685,139.995,239.994,139.97
14:04:28,2024-07-14,419.202198,32622.9,0.352287,2.01798,19.1941,0.230737,42.7978,41.6001,43.968,139.995,240.005,139.976
14:04:29,2024-07-14,418.159901,32572.2,0.352126,2.0167,18.6549,0.230675,42.7977,41.6001,43.9678,140.005,239.994,139.977
14:04:30,2024-07-14,418.704292,32525.2,0.351841,2.019,18.6177,0.230409,42.7975,41.6000,43.9679,140.003,240.006,140.067
14:04:31,2024-07-14,418.63818,32471.5,0.352516,2.01708,18.0491,0.230417,42.7977,41.5998,43.9683,139.997,240.006,139.996
14:04:32,2024-07-14,418.763173,32418.6,0.35246,2.02395,18.262,0.230547,42.7979,41.5996,43.9689,139.992,240.01,139.984
14:04:32,2024-07-14,419.048281,32390.7,0.352491,2.02656,18.3349,0.230914,42.7980,41.5993,43.9693,140.001,240.008,140.004
14:04:33,2024-07-14,418.497692,32390.7,0.35218,2.02656,18.3349,0.231186,42.7979,41.5993,43.9695,139.998,240.008,140.029
14:04:34,2024-07-14,419.508999,32351.2,0.351831,2.02906,18.8679,0.231678,42.7984,41.5997,43.9699,140.008,239.998,139.979
14:04:35,2024-07-14,419.494537,32309.9,0.352353,2.02565,18.9538,0.231177,42.7985,41.6000,43.9703,139.996,239.998,139.988
14:04:36,2024-07-14,419.068941,32289.7,0.351481,2.02245,18.7738,0.231177,42.7988,41.5999,43.9703,140.004,239.995,139.988
14:04:37,2024-07-14,419.068941,32266.7,0.351481,2.02179,19.2716,0.231082,42.7988,41.5999,43.9708,140.004,239.994,140.001
14:04:38,2024-07-14,418.141307,32246.7,0.351916,2.02795,17.9232,0.231183,42.7991,41.6000,43.9715,140.008,240.008,140.001
14:04:39,2024-07-14,418.620619,32245.4,0.352121,2.02497,18.6036,0.231368,42.7990,41.5996,43.9718,139.996,240.011,139.991
14:04:40,2024-07-14,419.724896,32253.4,0.352212,2.02538,19.0105,0.231581,42.7988,41.6002,43.972,139.997,239.994,140
14:04:41,2024-07-14,419.811668,32283.7,0.352021,2.02871,18.6741,0.231116,42.7986,41.6000,43.9721,139.996,240.004,140.031
14:04:42,2024-07-14,419.949057,32275.7,0.351455,2.02608,19.0319,0.231706,42.7985,41.5999,43.9721,140,240.008,139.978
14:04:42,2024-07-14,420.623606,32270.5,0.352583,2.0236,18.6269,0.231719,42.7986,41.5996,43.9723,140.009,239.994,140.005
14:04:43,2024-07-14,442.113105,32270.5,0.352969,2.0236,18.6269,0.235697,42.7987,41.5996,43.9724,139.997,239.994,140.01
14:04:44,2024-07-14,513.193835,32257.3,0.352681,2.03118,18.5228,0.868297,42.7985,41.5995,43.9723,140.005,239.999,140.001
14:04:45,2024-07-14,575.124251,32238.7,0.353844,2.04758,18.986,0.868297,42.7987,41.5991,43.9723,139.995,239.992,140.001
14:04:46,2024-07-14,575.124251,32218.3,0.353844,2.07632,19.4102,4.4528,42.7987,41.5991,43.9723,139.995,239.993,139.997
14:04:47,2024-07-14,587.085358,32163.7,0.353633,2.09784,20.4535,10.0985,42.7986,41.5990,43.9722,140.007,240.001,139.994
14:04:48,2024-07-14,556.165602,32146.9,0.352863,2.11029,20.1522,13.8527,42.7985,41.5993,43.9724,140.003,239.998,139.994
14:04:49,2024-07-14,515.804226,32107.6,0.352825,2.10153,19.5723,13.3874,42.7982,41.5998,43.9723,139.996,239.986,139.988
14:04:50,2024-07-14,485.181974,32069.6,0.353458,2.0913,19.9077,10.5307,42.7984,41.5999,43.9722,139.998,240.004,140.011
14:04:51,2024-07-14,463.847425,32064.5,0.352513,2.07899,19.1642,7.60043,42.7985,41.5996,43.972,139.986,240.01,139.98
14:04:51,2024-07-14,448.551794,32052.6,0.352022,2.07058,19.7069,5.39123,42.7982,41.5996,43.9717,140.017,240.005,140.092
14:04:52,2024-07-14,440.892099,32052.6,0.351999,2.07058,19.7069,3.82015,42.7982,41.5996,43.9714,139.997,240.005,139.99
14:04:53,2024-07-14,437.6867,32055.8,0.352373,2.06635,18.4314,2.74157,42.7982,41.5994,43.971,140.006,239.989,139.95
14:04:54,2024-07-14,435.21783,32080.2,0.352225,2.06257,19.2612,2.74157,42.7982,41.5995,43.971,140.008,240.011,139.95
14:04:55,2024-07-14,435.21783,32107.1,0.352225,2.05916,19.3375,2.12295,42.7982,41.5993,43.9706,140.008,240.007,139.985
14:04:56,2024-07-14,435.205434,32117.7,0.352173,2.05234,19.4339,1.83648,42.7984,41.5994,43.9704,139.999,239.996,140.027
14:04:57,2024-07-14,434.058804,32149.5,0.352368,2.0494,18.6692,1.67141,42.7984,41.5995,43.9702,139.994,239.99,139.999
14:04:58,2024-07-14,434.535017,32199.1,0.35245,2.05309,19.1743,1.65787,42.7982,41.5991,43.97,139.995,239.972,139.996
14:04:59,2024-07-14,434.689967,32218.8,0.352459,2.05011,18.5727,1.66589,42.7980,41.5991,43.9701,139.993,240.002,139.979
14:05:00,2024-07-14,434.895534,32257.9,0.351794,2.04929,18.3977,1.6607,42.7983,41.5995,43.9702,140.011,240.008,139.988
14:05:01,2024-07-14,441.078039,32279.3,0.352705,2.04887,18.39,1.61986,42.7979,41.5999,43.9703,140,240.013,140.016
14:05:01,2024-07-14,462.133678,32279.3,0.352383,2.04887,18.39,1.53772,42.7976,41.5999,43.9704,139.994,240.013,139.996
14:05:02,2024-07-14,504.093105,32336.3,0.351493,2.0484,19.0051,1.43334,42.7978,41.6001,43.9703,140.003,239.986,140
14:05:03,2024-07-14,548.518303,32364.6,0.351385,2.052,18.746,1.43334,42.7973,41.6000,43.9703,139.996,240.004,140
14:05:04,2024-07-14,565.607222,32382.0,0.351781,2.05069,19.3209,1.32598,42.7975,41.6004,43.9704,140.001,239.998,140.005
14:05:05,2024-07-14,565.607222,32432.8,0.351781,2.0546,19.8445,1.22588,42.7975,41.6004,43.9704,140.001,240.009,139.997
14:05:06,2024-07-14,554.283476,32465.3,0.352171,2.05247,18.9115,1.16264,42.7973,41.6005,43.9706,140.01,240.006,139.987
14:05:07,2024-07-14,527.324242,32493.5,0.351483,2.05702,19.5556,1.13983,42.7973,41.6010,43.9707,139.982,239.996,140.042
14:05:08,2024-07-14,504.375114,32523.3,0.352561,2.05388,18.2204,1.07982,42.7968,41.6012,43.9708,140,240.005,139.991
14:05:09,2024-07-14,499.42911,32532.7,0.352174,2.04777,18.6751,0.987391,42.7967,41.6013,43.9706,139.996,240.001,139.987
14:05:10,2024-07-14,501.572585,32532.7,0.351844,2.04777,18.6751,0.941084,42.7970,41.6013,43.9706,139.996,240.001,140.023
14:05:10,2024-07-14,492.411941,32523.6,0.352052,2.04598,18.7178,0.941053,42.7965,41.6016,43.9705,140,239.982,139.995
14:05:11,2024-07-14,473.327266,32508.5,0.351897,2.04859,19.2462,0.881313,42.7965,41.6018,43.9702,140,240.003,140.027
14:05:12,2024-07-14,453.800467,32478.4,0.35188,2.04328,19.2527,0.881313,42.7963,41.6022,43.9702,140.009,240.005,140.027
14:05:13,2024-07-14,440.660707,32461.6,0.352058,2.04081,18.888,0.74645,42.7959,41.6024,43.9699,140.001,239.984,139.995
14:05:14,2024-07-14,432.551657,32441.0,0.351965,2.04383,18.5236,0.594777,42.7961,41.6024,43.9697,139.994,239.989,140.005
14:05:15,2024-07-14,427.388723,32434.6,0.35174,2.03734,18.5046,0.471676,42.7960,41.6023,43.9696,139.998,240.021,140.006
14:05:16,2024-07-14,427.388723,32405.5,0.35174,2.036,18.5659,0.386777,42.7960,41.6023,43.969,139.998,240.003,140.029
14:05:17,2024-07-14,423.98912,32400.7,0.35183,2.03564,18.0839,0.332311,42.7962,41.6030,43.9686,140.013,240.013,139.944
14:05:18,2024-07-14,422.560481,32423.8,0.352096,2.03432,18.4641,0.29708,42.7960,41.6029,43.9678,140.002,240.012,140.016
14:05:19,2024-07-14,422.079103,32423.8,0.351584,2.03432,18.4641,0.274942,42.7963,41.6029,43.9666,140.031,240.012,139.976
14:05:20,2024-07-14,423.670956,32434.0,0.351919,2.03242,18.7348,0.26815,42.7961,41.6033,43.9654,139.984,240.007,139.972
14:05:20,2024-07-14,426.827804,32486.1,0.352089,2.03234,18.6635,0.26815,42.7961,41.6028,43.9654,139.994,239.996,139.972
14:05:21,2024-07-14,429.376215,32542.6,0.352881,2.03307,18.5478,0.289095,42.7957,41.6025,43.9644,139.997,239.999,139.992
14:05:22,2024-07-14,432.100236,32582.5,0.352969,2.03631,18.8075,0.363357,42.7951,41.6025,43.9636,139.994,240.013,140.017
14:05:23,2024-07-14,433.481357,32646.3,0.351904,2.04133,18.1924,0.470354,42.7950,41.6019,43.9633,140.001,239.997,139.981
14:05:24,2024-07-14,433.481357,32708.9,0.351904,2.06036,19.2819,0.560029,42.7950,41.6017,43.9633,140.001,240.006,140.013
14:05:25,2024-07-14,438.093702,32767.0,0.352427,2.06748,18.2296,0.642808,42.7948,41.6019,43.9636,140.006,239.987,139.979
14:05:26,2024-07-14,466.468146,32796.5,0.352302,2.0759,18.9094,0.706099,42.7942,41.6018,43.9643,139.991,240,140.001
14:05:27,2024-07-14,493.827151,32837.8,0.352519,2.08655,18.5255,0.741365,42.7945,41.6018,43.9649,140.013,239.996,139.991
14:05:28,2024-07-14,492.73527,32859.9,0.352672,2.09735,19.1222,0.741392,42.7943,41.6017,43.9655,140.002,239.999,139.994
14:05:29,2024-07-14,475.238316,32859.9,0.351663,2.09735,19.1222,0.68449,42.7940,41.6017,43.966,140.02,239.999,139.979
14:05:29,2024-07-14,459.496429,32879.6,0.351369,2.0982,18.661,0.590663,42.7940,41.6017,43.9665,140.006,239.99,140.009
14:05:30,2024-07-14,449.222211,32894.0,0.352402,2.08904,18.8891,0.590663,42.7938,41.6019,43.9665,140.017,239.979,140.009
14:05:31,2024-07-14,443.30622,32882.2,0.351699,2.07718,18.2915,0.499278,42.7936,41.6017,43.9665,139.994,239.999,139.996
14:05:32,2024-07-14,443.30622,32879.9,0.351699,2.06915,18.9094,0.4371,42.7936,41.6014,43.9667,139.994,239.996,140.029
14:05:33,2024-07-14,437.584433,32873.1,0.352619,2.05591,18.5543,0.401721,42.7934,41.6016,43.967,140.002,239.994,140.028
14:05:34,2024-07-14,436.056626,32869.7,0.352211,2.05372,18.434,0.377057,42.7932,41.6011,43.9671,140.002,239.989,139.989
14:05:35,2024-07-14,434.846983,32858.6,0.352003,2.05264,19.0867,0.360771,42.7932,41.6011,43.9674,140.002,239.992,139.959
14:05:36,2024-07-14,432.863623,32846.3,0.352549,2.04077,18.6666,0.349323,42.7932,41.6010,43.9671,140.016,239.996,139.99
14:05:37,2024-07-14,432.001068,32880.2,0.352096,2.04424,18.1617,0.33622,42.7933,41.6012,43.9667,140.02,239.995,140.012
14:05:38,2024-07-14,434.66001,32874.8,0.351748,2.03,18.6469,0.33622,42.7932,41.6014,43.9667,140.011,240.008,140.012
14:05:39,2024-07-14,439.502714,32874.8,0.35181,2.03,18.6469,0.314537,42.7932,41.6014,43.9658,140.011,240.008,139.944
14:05:39,2024-07-14,452.298485,32872.9,0.352137,2.02983,18.6499,0.311092,42.7933,41.6012,43.9657,140.027,240.015,139.997
14:05:40,2024-07-14,457.57195,32892.8,0.352415,2.03159,18.634,0.315213,42.7932,41.6006,43.9653,140.003,239.99,139.961
14:05:41,2024-07-14,453.165172,32896.1,0.351871,2.03136,18.1868,0.328871,42.7931,41.6011,43.9651,140.002,240.012,139.977
14:05:42,2024-07-14,444.295834,32909.3,0.352185,2.03175,18.6977,0.338014,42.7933,41.6011,43.9649,139.998,240.013,140.003
14:05:43,2024-07-14,444.295834,32926.3,0.352185,2.03131,18.6312,0.335749,42.7933,41.6008,43.965,139.998,239.987,140.045
14:05:44,2024-07-14,436.515278,32945.6,0.352025,2.02567,18.7775,0.321768,42.7935,41.6010,43.9651,139.998,239.98,140.012
14:05:45,2024-07-14,429.590046,32937.0,0.351238,2.02327,18.1199,0.301243,42.7936,41.6010,43.9651,139.995,239.994,140.009
14:05:46,2024-07-14,425.717329,32943.0,0.35168,2.02566,18.7661,0.28153,42.7940,41.6007,43.9649,140.004,239.976,139.987
14:05:47,2024-07-14,424.07176,32912.7,0.352681,2.02321,18.7489,0.28153,42.7939,41.6003,43.9649,140.005,240.007,139.987
14:05:48,2024-07-14,422.616263,32912.7,0.35151,2.02321,18.7489,0.269572,42.7941,41.6003,43.9648,140.011,240.007,140.002
14:05:48,2024-07-14,423.058387,32896.5,0.352516,2.03052,18.2429,0.264209,42.7943,41.6004,43.9647,139.995,240.007,139.981
14:05:49,2024-07-14,427.058163,32871.3,0.352664,2.02363,18.6618,0.259147,42.7947,41.6003,43.9647,140.001,240.005,140.024
14:05:50,2024-07-14,448.508408,32844.8,0.351544,2.02186,18.6062,0.259147,42.7950,41.6000,43.9647,139.99,239.994,140.024
14:05:51,2024-07-14,448.508408,32827.7,0.351544,2.02405,18.6365,0.266799,42.7950,41.6002,43.9653,139.99,239.999,139.995
14:05:52,2024-07-14,459.322885,32816.8,0.352652,2.02475,18.3413,0.292822,42.7949,41.6005,43.9656,140,240.006,140.079
14:05:53,2024-07-14,494.118457,32796.3,0.352103,2.02694,18.1161,0.309551,42.7951,41.6007,43.9658,140.006,239.996,139.94
14:05:54,2024-07-14,530.448034,32800.6,0.351046,2.02742,18.4924,0.32086,42.7952,41.6007,43.9663,140,240.005,140.003
14:05:55,2024-07-14,535.358916,32801.8,0.350646,2.02647,18.9929,0.357561,42.7954,41.6006,43.9662,139.994,240.001,139.987
14:05:56,2024-07-14,516.23602,32773.1,0.35156,2.02509,18.5911,0.378423,42.7957,41.5998,43.9662,140.01,240.004,140.053
14:05:57,2024-07-14,516.23602,32789.4,0.35156,2.0257,18.5303,0.389503,42.7957,41.5995,43.9659,140.01,239.998,139.952
14:05:58,2024-07-14,497.458146,32792.3,0.351224,2.02764,18.8132,0.389503,42.7961,41.5994,43.9659,140.003,239.999,139.952
14:05:58,2024-07-14,474.801357,32792.3,0.351301,2.02764,18.8132,0.381188,42.7966,41.5994,43.9655,140,239.999,139.979
14:05:59,2024-07-14,457.759956,32780.8,0.352097,2.02841,19.5164,0.359554,42.7967,41.5992,43.965,139.999,239.998,140.013
14:06:00,2024-07-14,448.722239,32798.3,0.352032,2.02773,18.4408,0.335053,42.7970,41.5994,43.9648,140.013,240.008,139.966
14:06:01,2024-07-14,443.483896,32808.7,0.35246,2.02704,18.7028,0.319835,42.7973,41.5999,43.9647,140.016,240.028,140.007
14:06:02,2024-07-14,439.159758,32820.3,0.352285,2.02204,18.8058,0.307828,42.7973,41.5998,43.9644,140.017,240.01,140.013
14:06:03,2024-07-14,435.472981,32848.6,0.352033,2.02608,18.0518,0.293041,42.7978,41.5996,43.9644,140.007,240.019,139.984
14:06:04,2024-07-14,429.808009,32827.4,0.352215,2.02491,18.0739,0.278924,42.7979,41.5995,43.9645,140,240.024,139.988
14:06:05,2024-07-14,426.553026,32844.0,0.351557,2.02605,18.3957,0.267275,42.7981,41.5995,43.9646,140.014,240.026,140.03
14:06:06,2024-07-14,424.272162,32844.0,0.352322,2.02605,18.3957,0.256725,42.7983,41.5995,43.9652,140.011,240.026,139.929
14:06:07,2024-07-14,424.272162,32868.0,0.352322,2.02111,18.2933,0.250154,42.7983,41.5995,43.9654,140.011,240.01,139.977
14:06:08,2024-07-14,426.425967,32875.6,0.352702,2.02198,18.6445,0.250154,42.7985,41.5995,43.9654,139.997,239.991,139.977
14:06:08,2024-07-14,432.105401,32865.1,0.352073,2.02121,18.809,0.245634,42.7984,41.5991,43.9655,139.995,239.994,140.015
14:06:09,2024-07-14,434.787069,32873.4,0.352525,2.01884,17.6598,0.244851,42.7986,41.5989,43.9655,139.994,239.985,139.982
14:06:10,2024-07-14,436.279754,32882.6,0.351753,2.01429,19.0329,0.24581,42.7982,41.5985,43.9658,139.985,239.982,140.012
14:06:11,2024-07-14,438.955224,32931.2,0.352158,2.01826,18.0759,0.245284,42.7983,41.5982,43.9658,139.99,239.991,140.014
14:06:12,2024-07-14,443.84338,33038.4,0.351407,2.01935,18.9697,0.24569,42.7983,41.5986,43.9657,140.004,239.998,140.01
14:06:13,2024-07-14,445.211072,33155.9,0.351853,2.0194,18.3271,0.246651,42.7979,41.5983,43.9654,139.996,239.996,139.999
14:06:14,2024-07-14,447.93406,33303.2,0.351026,2.01669,18.6058,0.247114,42.7981,41.5983,43.9652,139.994,239.987,140.001
14:06:15,2024-07-14,449.119944,33461.2,0.351673,2.01563,18.6014,0.247808,42.7982,41.5979,43.9651,139.986,240.01,139.99
14:06:16,2024-07-14,456.159839,33559.0,0.351695,2.01335,18.7964,0.247044,42.7981,41.5985,43.9649,140.001,239.987,139.991
14:06:17,2024-07-14,456.159839,33559.0,0.351695,2.01335,18.7964,0.247044,42.7981,41.5985,43.9649,140.001,239.987,139.991
14:06:17,2024-07-14,458.103945,33633.0,0.352016,2.01174,18.3816,0.248653,42.7982,41.5984,43.9647,140.002,240.004,140.017
14:06:18,2024-07-14,453.014354,33679.1,0.351921,2.01189,18.8798,0.248892,42.7980,41.5986,43.9646,140.009,240.002,140.025
14:06:19,2024-07-14,445.693483,33735.4,0.351692,2.00534,19.0319,0.248892,42.7979,41.5983,43.9646,139.996,240.004,140.025
14:06:20,2024-07-14,440.215484,33816.7,0.352106,2.01083,18.5582,0.248177,42.7979,41.5982,43.9649,139.997,239.991,139.974
14:06:21,2024-07-14,438.33749,33916.8,0.351861,2.00749,18.0068,0.248063,42.7977,41.5975,43.9648,139.996,240.014,139.994
14:06:22,2024-07-14,439.018237,34029.2,0.351956,2.00805,18.792,0.249765,42.7978,41.5970,43.9648,140.008,239.999,140.009
14:06:23,2024-07-14,437.939785,34100.4,0.352175,2.00485,18.5606,0.25487,42.7974,41.5970,43.9647,140.004,240.018,139.999
14:06:24,2024-07-14,435.40377,34121.4,0.351523,2.00025,18.2536,0.266915,42.7974,41.5960,43.9647,140.001,240.002,140
14:06:25,2024-07-14,433.844973,34057.5,0.352521,2.00185,18.32,0.271943,42.7971,41.5960,43.9648,139.993,239.995,139.992
14:06:26,2024-07-14,433.700353,34057.5,0.351957,2.00185,18.32,0.268341,42.7970,41.5960,43.965,140,239.995,140
14:06:27,2024-07-14,432.230394,33927.5,0.352215,2.00589,19.0285,0.267387,42.7969,41.5953,43.9654,140.014,240.001,139.999
14:06:27,2024-07-14,432.230394,33761.6,0.352215,2.0012,18.5308,0.26816,42.7969,41.5957,43.9652,140.014,240.012,139.987
14:06:28,2024-07-14,432.9349,33604.9,0.352025,2.00499,18.0376,0.26712,42.7969,41.5956,43.9649,140.001,240.001,139.999
14:06:29,2024-07-14,434.854214,33445.8,0.352188,2.00682,18.7726,0.268051,42.7969,41.5954,43.9646,139.99,240.001,140.01
14:06:30,2024-07-14,435.832465,33301.0,0.351506,2.00776,18.5516,0.268051,42.7969,41.5954,43.9646,140.003,239.994,140.01
14:06:31,2024-07-14,435.740528,33210.1,0.353233,2.00997,18.1148,0.268829,42.7971,41.5956,43.9642,140,239.998,140
14:06:32,2024-07-14,437.541047,33137.6,0.351667,2.01261,18.3203,0.269786,42.7970,41.5950,43.9644,140.01,240.007,139.992
14:06:33,2024-07-14,440.128712,33109.0,0.351928,2.0164,18.7097,0.268579,42.7967,41.5947,43.9645,140.004,240.003,140.012
14:06:34,2024-07-14,440.507823,33135.7,0.352186,2.01522,18.6839,0.269742,42.7970,41.5943,43.9644,140.005,239.996,139.97
14:06:35,2024-07-14,439.137032,33195.5,0.352242,2.02067,18.5069,0.270575,42.7968,41.5943,43.9645,139.996,239.991,139.998
14:06:36,2024-07-14,438.846759,33195.5,0.352221,2.02067,18.5069,0.269424,42.7968,41.5943,43.9646,140.002,239.991,139.999
14:06:36,2024-07-14,438.846759,33233.5,0.352221,2.01503,18.4601,0.266117,42.7968,41.5939,43.9646,140.002,240.004,139.988
14:06:37,2024-07-14,439.913848,33295.0,0.35224,2.0111,19.4268,0.263978,42.7969,41.5936,43.9647,140.004,239.994,140.003
14:06:38,2024-07-14,438.11023,33343.5,0.352526,2.01137,19.0588,0.263043,42.7968,41.5932,43.9649,140,240.013,139.999
14:06:39,2024-07-14,436.558664,33341.9,0.3526,2.01312,18.133,0.263043,42.7967,41.5928,43.9649,139.999,239.993,139.999
14:06:40,2024-07-14,435.596941,33313.6,0.351812,2.01258,18.2839,0.259371,42.7966,41.5932,43.9655,140.008,239.989,140.046
14:06:41,2024-07-14,437.471836,33247.3,0.351435,2.01323,18.4904,0.254597,42.7966,41.5931,43.9667,139.998,239.996,139.972
14:06:42,2024-07-14,438.473846,33166.0,0.352784,2.01149,18.3285,0.260379,42.7966,41.5929,43.9669,140.001,240.008,140.032
14:06:43,2024-07-14,441.585242,33110.5,0.351136,2.01518,18.8694,0.287244,42.7967,41.5933,43.9668,140.004,240.006,139.992
14:06:44,2024-07-14,444.237986,33042.3,0.351496,2.01261,19.0855,0.3154,42.7967,41.5928,43.9668,140.011,239.998,140.002
14:06:45,2024-07-14,445.154257,32981.5,0.351183,2.01088,18.9478,0.340236,42.7966,41.5925,43.9667,140.005,240.017,139.997
14:06:46,2024-07-14,445.154257,32956.2,0.351183,2.01055,18.5483,0.353661,42.7966,41.5922,43.9669,140.005,239.991,140.008
14:06:46,2024-07-14,445.943469,32956.2,0.352512,2.01055,18.5483,0.344123,42.7969,41.5922,43.9669,139.977,239.991,140.02
14:06:47,2024-07-14,445.649064,32993.7,0.351589,2.00871,17.9443,0.327886,42.7970,41.5922,43.9671,139.997,239.994,139.995
14:06:48,2024-07-14,444.440454,33037.5,0.35225,2.0114,18.5233,0.327886,42.7971,41.5919,43.9671,139.996,240.001,139.995
14:06:49,2024-07-14,446.253369,33099.5,0.351778,2.00896,18.491,0.318189,42.7973,41.5920,43.9674,139.992,240.001,140.006
14:06:50,2024-07-14,447.053944,33163.1,0.352241,2.00764,18.1289,0.311051,42.7974,41.5925,43.9676,139.996,240.005,139.992
14:06:51,2024-07-14,445.874258,33197.2,0.351735,2.00749,19.4744,0.306754,42.7977,41.5924,43.9679,140,240,140.01
14:06:52,2024-07-14,444.825763,33226.5,0.351555,2.00873,19.1938,0.308349,42.7975,41.5922,43.9681,139.994,239.997,139.995
14:06:53,2024-07-14,442.187481,33243.8,0.351501,2.00767,19.1447,0.313762,42.7975,41.5920,43.9679,140,239.996,139.995
14:06:54,2024-07-14,439.219672,33249.7,0.352122,2.00646,18.5491,0.317027,42.7976,41.5922,43.9682,140.004,240.007,140.009
14:06:55,2024-07-14,437.55241,33184.0,0.352363,2.00411,18.2286,0.313258,42.7972,41.5924,43.9681,139.984,239.997,139.999
14:06:56,2024-07-14,437.55241,33119.5,0.352363,2.00938,19.2261,0.303827,42.7972,41.5915,43.968,139.984,240.008,140.024
14:06:56,2024-07-14,436.60205,33119.5,0.351566,2.00938,19.2261,0.293953,42.7973,41.5915,43.9679,140.005,240.008,139.995
14:06:57,2024-07-14,436.059725,33011.4,0.352042,2.011,18.503,0.283614,42.7969,41.5912,43.9681,140.003,240.011,140.002
14:06:58,2024-07-14,439.235167,32910.8,0.351825,2.00986,19.3403,0.27908,42.7968,41.5909,43.9684,140.004,240.004,140.066
14:06:59,2024-07-14,442.247395,32812.2,0.351972,2.00878,18.6525,0.27908,42.7965,41.5911,43.9684,139.995,239.995,140.066
14:07:00,2024-07-14,443.63678,32739.2,0.351255,2.01506,18.5814,0.281144,42.7962,41.5910,43.9686,139.992,240.002,139.971
14:07:01,2024-07-14,439.208309,32706.2,0.352027,2.01492,18.6611,0.282862,42.7964,41.5911,43.9687,139.99,240.003,140.017
14:07:02,2024-07-14,434.421387,32712.7,0.351305,2.01197,18.4408,0.27917,42.7965,41.5912,43.9687,139.994,239.999,139.96
14:07:03,2024-07-14,431.429819,32762.0,0.351128,2.01929,18.7491,0.271095,42.7962,41.5914,43.9685,139.994,239.99,139.98
14:07:04,2024-07-14,430.599287,32839.2,0.351329,2.00918,19.1504,0.263647,42.7964,41.5915,43.9681,139.995,240.001,140.003
14:07:05,2024-07-14,429.379314,32905.9,0.351662,2.00608,19.25,0.257391,42.7961,41.5919,43.9682,140.003,240.01,140
14:07:05,2024-07-14,429.379314,32922.3,0.351662,2.01505,18.6548,0.253448,42.7961,41.5917,43.9679,140.003,240.014,140.019
14:07:06,2024-07-14,432.029992,32922.3,0.352298,2.01505,18.6548,0.253448,42.7965,41.5917,43.9679,139.998,240.014,140.019
14:07:07,2024-07-14,432.997913,32894.7,0.35246,2.00703,19.0553,0.25083,42.7964,41.5915,43.9675,139.988,239.989,139.995
14:07:08,2024-07-14,434.757112,32825.8,0.352472,2.01069,17.919,0.251114,42.7963,41.5917,43.9669,140.002,240.008,140.014
14:07:09,2024-07-14,435.3108,32710.0,0.351498,2.01495,18.9312,0.250658,42.7962,41.5916,43.9664,140.001,240.008,140.058
14:07:10,2024-07-14,436.739439,32561.0,0.351888,2.01433,18.8705,0.251775,42.7964,41.5911,43.9664,139.993,240,139.97
14:07:11,2024-07-14,437.574103,32429.5,0.351153,2.01631,19.231,0.252763,42.7964,41.5909,43.9662,139.994,240.003,140.003
14:07:12,2024-07-14,437.041075,32341.1,0.351998,2.02096,18.3062,0.254423,42.7967,41.5906,43.9659,140,240.003,140.056
14:07:13,2024-07-14,437.403658,32244.9,0.350784,2.02262,18.8193,0.257295,42.7967,41.5900,43.9661,139.99,240.005,139.96
14:07:14,2024-07-14,439.444866,32183.3,0.351591,2.02572,19.1915,0.258383,42.7967,41.5897,43.9662,139.992,240.015,139.982
14:07:15,2024-07-14,439.444866,32183.3,0.351591,2.02572,19.1915,0.262162,42.7967,41.5897,43.9665,139.992,240.015,140.017
14:07:15,2024-07-14,442.870294,32162.2,0.351052,2.02391,19.1978,0.268109,42.7966,41.5898,43.9667,139.992,239.99,140.01
14:07:16,2024-07-14,444.954888,32137.7,0.351417,2.02207,19.3698,0.268109,42.7968,41.5899,43.9667,140.002,239.997,140.01
14:07:17,2024-07-14,445.481718,32110.7,0.351681,2.02449,18.8623,0.273805,42.7967,41.5902,43.9668,139.997,240.004,139.983
14:07:18,2024-07-14,442.594483,32096.2,0.351909,2.02523,18.2097,0.276961,42.7973,41.5898,43.9672,139.997,239.999,139.994
14:07:19,2024-07-14,438.702139,32083.2,0.351461,2.01507,18.7287,0.275952,42.7975,41.5897,43.9676,140,239.993,140.038
14:07:20,2024-07-14,435.471948,32093.6,0.351094,2.02781,18.251,0.26951,42.7979,41.5895,43.9678,140.003,240.001,139.986
14:07:21,2024-07-14,433.997857,32082.6,0.351756,2.02379,18.7374,0.262419,42.7978,41.5891,43.968,140.004,240,139.985
14:07:22,2024-07-14,433.713782,32088.4,0.351656,2.02345,18.9239,0.256575,42.7979,41.5888,43.9681,140.008,239.998,139.991
14:07:23,2024-07-14,434.163137,32084.6,0.351559,2.0202,18.641,0.253191,42.7980,41.5891,43.9686,139.99,240.001,139.999
14:07:24,2024-07-14,434.163137,32081.8,0.351559,2.02595,18.4742,0.250827,42.7980,41.5888,43.9685,139.99,239.995,140.006
14:07:25,2024-07-14,436.68469,32081.8,0.351231,2.02595,18.4742,0.249519,42.7982,41.5888,43.9686,140.002,239.995,139.995
14:07:25,2024-07-14,437.917059,32077.5,0.351739,2.02257,18.5243,0.251037,42.7987,41.5886,43.9688,140.011,240.01,139.974
14:07:26,2024-07-14,441.646189,32041.8,0.351472,2.0261,18.8127,0.251037,42.7989,41.5889,43.9688,140,240.005,139.974
14:07:27,2024-07-14,442.932274,32032.0,0.351037,2.02949,19.0014,0.254049,42.7990,41.5887,43.9687,140.013,240.002,140.011
14:07:28,2024-07-14,441.513965,31984.0,0.351366,2.02328,19.1002,0.26053,42.7994,41.5885,43.969,139.992,239.999,139.994
14:07:29,2024-07-14,441.201999,31947.1,0.352243,2.02326,18.8877,0.263943,42.8001,41.5885,43.9688,139.999,239.99,140.028
14:07:30,2024-07-14,440.224781,31929.2,0.351954,2.02385,18.7975,0.264691,42.8003,41.5882,43.9686,140.001,240.004,140.007
14:07:31,2024-07-14,436.003943,31907.5,0.351012,2.02393,18.6252,0.266156,42.8006,41.5878,43.9686,140.011,239.995,139.988
14:07:32,2024-07-14,433.960669,31911.7,0.352151,2.02553,18.9902,0.264919,42.8008,41.5880,43.9682,140.006,239.986,140.014
14:07:33,2024-07-14,435.766353,31902.4,0.350644,2.02729,18.7251,0.260859,42.8012,41.5880,43.968,140.015,240.016,139.975
14:07:34,2024-07-14,435.537027,31907.3,0.351759,2.02594,19.0988,0.256465,42.8012,41.5881,43.9678,140.009,239.991,140.038
14:07:34,2024-07-14,435.537027,31907.3,0.351759,2.02594,19.0988,0.256337,42.8012,41.5881,43.968,140.009,239.991,139.992
14:07:35,2024-07-14,433.211744,31906.3,0.350954,2.02821,18.6672,0.256134,42.8015,41.5879,43.9685,140,239.999,139.978
14:07:36,2024-07-14,429.88755,31913.0,0.351255,2.02734,19.0982,0.252317,42.8017,41.5879,43.9689,140,239.995,140.04
14:07:37,2024-07-14,428.15211,31912.6,0.351168,2.02514,18.6129,0.247586,42.8016,41.5879,43.9696,139.992,240.003,139.951
14:07:38,2024-07-14,426.132595,31906.7,0.351791,2.02807,19.0585,0.247586,42.8016,41.5872,43.9696,140,239.994,139.951
14:07:39,2024-07-14,424.76387,31895.8,0.351311,2.0308,18.3122,0.243247,42.8015,41.5867,43.9697,140.006,239.996,139.993
14:07:40,2024-07-14,423.943668,31918.3,0.352326,2.02809,18.8282,0.240935,42.8016,41.5862,43.9698,140.013,239.988,140.004
14:07:41,2024-07-14,423.362089,31934.0,0.351237,2.0258,19.4197,0.239049,42.8014,41.5858,43.97,140.013,240,139.983
14:07:42,2024-07-14,422.672045,31934.0,0.351543,2.0258,19.4197,0.238272,42.8015,41.5858,43.9703,139.999,240,139.998
14:07:43,2024-07-14,422.672045,31965.5,0.351543,2.02518,18.7958,0.237939,42.8015,41.5859,43.9705,139.999,239.993,139.997
14:07:44,2024-07-14,422.455115,32014.5,0.352195,2.02364,19.4558,0.23735,42.8015,41.5852,43.9709,140.007,239.99,139.987
14:07:44,2024-07-14,423.201974,32024.1,0.351637,2.02348,19.0761,0.237129,42.8013,41.5847,43.971,139.999,239.995,140.015
14:07:45,2024-07-14,423.564557,32034.9,0.351203,2.03107,18.1474,0.236373,42.8009,41.5847,43.9708,139.999,240.001,139.996
14:07:46,2024-07-14,423.449894,32011.0,0.351147,2.02292,18.1261,0.23588,42.8006,41.5844,43.9706,139.993,240.003,139.991
14:07:47,2024-07-14,422.849721,31989.7,0.351621,2.02449,19.1632,0.235461,42.8007,41.5840,43.9706,140.007,239.996,140.03
14:07:48,2024-07-14,422.59457,31991.5,0.352054,2.0256,19.5955,0.236231,42.8005,41.5839,43.9703,139.99,239.989,139.996
14:07:49,2024-07-14,425.691504,32030.3,0.352295,2.02311,19.3748,0.236231,42.8006,41.5834,43.9703,140.005,239.998,139.996
14:07:50,2024-07-14,429.98052,32157.4,0.351373,2.02425,19.5279,0.237765,42.8007,41.5832,43.9698,140.004,239.999,140.007
14:07:51,2024-07-14,433.071256,32280.3,0.352023,2.02218,19.0178,0.242983,42.8007,41.5829,43.9694,139.999,240.005,140.017
14:07:52,2024-07-14,432.083708,32280.3,0.35201,2.02218,19.0178,0.247454,42.8009,41.5829,43.9694,140.008,240.005,139.965
14:07:53,2024-07-14,432.083708,32468.9,0.35201,2.018,19.0283,0.25202,42.8009,41.5830,43.9691,140.008,239.997,139.99
14:07:54,2024-07-14,430.017708,32634.6,0.352407,2.01638,19.407,0.25161,42.8010,41.5826,43.9689,139.999,240.012,140.001
14:07:54,2024-07-14,426.792682,32795.3,0.352466,2.01466,18.2916,0.250842,42.8007,41.5828,43.9691,140.006,240.014,139.98
14:07:55,2024-07-14,426.332997,32903.7,0.352349,2.01384,19.4884,0.246771,42.8008,41.5830,43.9693,140.001,240.009,139.993
14:07:56,2024-07-14,426.805078,32994.7,0.352165,2.00949,19.0386,0.244301,42.8008,41.5831,43.9691,139.998,239.991,139.999
14:07:57,2024-07-14,428.25541,33105.3,0.352508,2.0156,19.1535,0.244301,42.8007,41.5838,43.9691,140.008,240.008,139.999
14:07:58,2024-07-14,428.323588,33228.9,0.352458,2.00759,19.0996,0.245175,42.8006,41.5839,43.9694,140.004,239.988,140.006
14:07:59,2024-07-14,429.858626,33391.2,0.35165,2.00742,18.5653,0.245161,42.8006,41.5839,43.9698,139.994,240.001,140.008
14:08:00,2024-07-14,432.002101,33558.5,0.352498,2.00102,18.469,0.24454,42.8008,41.5840,43.9699,139.996,239.996,140.021
14:08:01,2024-07-14,432.002101,33558.5,0.352498,2.00102,18.469,0.245294,42.8008,41.5840,43.9704,139.996,239.996,139.995
14:08:02,2024-07-14,434.016451,33745.9,0.352149,1.99782,17.9462,0.247001,42.8011,41.5840,43.9706,140.004,240.008,140.003
14:08:03,2024-07-14,434.456509,33833.2,0.351657,1.99642,18.6363,0.246777,42.8012,41.5840,43.9709,140.006,240.009,139.976
14:08:03,2024-07-14,436.486354,33826.3,0.351806,1.99871,18.6522,0.244682,42.8011,41.5841,43.971,140.002,240.012,140.001
14:08:04,2024-07-14,437.287962,33784.5,0.351834,2.00159,18.1152,0.243529,42.8011,41.5838,43.971,140.005,240.009,139.962
14:08:05,2024-07-14,439.439701,33702.3,0.351426,2.00104,18.6562,0.244055,42.8011,41.5839,43.9708,139.995,240.01,139.993
14:08:06,2024-07-14,437.827188,33612.5,0.3507,2.00137,19.0803,0.244055,42.8015,41.5837,43.9708,140.011,240.002,139.993
14:08:07,2024-07-14,435.55872,33522.0,0.351543,2.00613,18.9906,0.242641,42.8013,41.5831,43.9704,139.991,240.002,140.035
14:08:08,2024-07-14,434.367671,33429.4,0.35203,2.00476,19.0264,0.241345,42.8010,41.5831,43.9702,140.005,239.999,139.979
14:08:09,2024-07-14,432.90391,33360.9,0.351652,2.00324,19.48,0.239176,42.8010,41.5828,43.97,140,240.005,139.994
14:08:10,2024-07-14,429.342126,33360.9,0.352076,2.00324,19.48,0.238095,42.8010,41.5828,43.9699,140.003,240.005,139.998
14:08:11,2024-07-14,429.342126,33282.9,0.352076,2.00668,18.8614,0.237379,42.8010,41.5824,43.9701,140.003,239.999,140.005
14:08:12,2024-07-14,428.208925,33241.0,0.351822,2.00201,18.9156,0.236105,42.8009,41.5819,43.9702,139.994,239.992,140.024
14:08:12,2024-07-14,427.544706,33206.7,0.351426,2.0063,19.443,0.235487,42.8009,41.5814,43.9704,140.013,240.002,139.984
14:08:13,2024-07-14,428.056041,33179.2,0.352127,2.00837,18.8444,0.235078,42.8006,41.5812,43.9706,139.998,240.005,139.993
14:08:14,2024-07-14,428.827692,33127.3,0.351609,2.0071,19.504,0.234981,42.8009,41.5806,43.9709,140.005,239.998,139.991
14:08:15,2024-07-14,429.41237,33108.5,0.352403,2.00729,18.7324,0.234981,42.8012,41.5804,43.9709,140.007,240.001,139.991
14:08:16,2024-07-14,430.279057,33059.5,0.35215,2.00748,18.5011,0.235192,42.8012,41.5806,43.9713,140,240.003,140.006
14:08:17,2024-07-14,429.645828,33021.1,0.35101,2.01537,19.17,0.235619,42.8013,41.5806,43.9718,140.008,240.006,140.006
14:08:18,2024-07-14,430.696389,32999.6,0.351553,2.01383,19.0992,0.235655,42.8013,41.5804,43.9723,140,239.985,140
14:08:19,2024-07-14,428.804966,32975.0,0.352441,2.01341,19.403,0.236202,42.8009,41.5802,43.9722,140.007,239.989,140
14:08:20,2024-07-14,428.804966,32975.0,0.352441,2.01341,19.403,0.237118,42.8009,41.5802,43.9724,140.007,239.989,140.035
14:08:21,2024-07-14,428.204793,32970.6,0.351823,2.01594,18.8296,0.237764,42.8011,41.5802,43.9724,140.012,240.013,139.978
14:08:22,2024-07-14,426.466254,32946.5,0.351419,2.01599,18.6683,0.238092,42.8014,41.5804,43.9726,139.999,240.003,139.999
14:08:22,2024-07-14,425.291733,32957.8,0.352368,2.01086,19.868,0.238981,42.8012,41.5802,43.9728,139.997,239.99,140.009
14:08:23,2024-07-14,425.73489,32971.8,0.351343,2.01192,19.4182,0.239478,42.8008,41.5800,43.9728,139.995,240.009,140.014
14:08:24,2024-07-14,424.095519,32986.6,0.352128,2.01191,18.6074,0.241255,42.8008,41.5800,43.9725,140.008,240.004,139.975
14:08:25,2024-07-14,423.479851,33026.5,0.35201,2.01462,18.6657,0.241255,42.8008,41.5801,43.9725,140.001,239.988,139.975
14:08:26,2024-07-14,424.182291,33102.7,0.351743,2.01026,18.747,0.242242,42.8004,41.5801,43.9724,139.995,240.007,140.004
14:08:27,2024-07-14,423.419937,33146.1,0.351775,2.01207,18.1966,0.241378,42.8007,41.5800,43.972,140.002,239.994,140.014
14:08:28,2024-07-14,423.419937,33208.1,0.352549,2.00894,19.6153,0.240872,42.8005,41.5806,43.9719,139.998,239.987,140.028
14:08:29,2024-07-14,422.989176,33287.9,0.351864,2.0115,18.8645,0.240819,42.8007,41.5804,43.972,139.994,240.005,140.012
14:08:30,2024-07-14,422.989176,33287.9,0.351864,2.0115,18.8645,0.240411,42.8007,41.5804,43.9721,139.994,240.005,139.993
14:08:31,2024-07-14,423.738101,33336.5,0.351228,2.00591,18.8681,0.23909,42.8005,41.5807,43.972,139.998,239.994,140.027
14:08:31,2024-07-14,424.273195,33383.6,0.35155,2.00795,19.0579,0.239219,42.8006,41.5809,43.9718,139.997,240.011,139.969
14:08:32,2024-07-14,425.099595,33370.4,0.35185,2.00731,18.9969,0.240416,42.8005,41.5805,43.9719,140.002,239.992,139.982
14:08:33,2024-07-14,425.527257,33345.6,0.351049,2.00781,19.8574,0.240431,42.8005,41.5805,43.9717,140.006,239.997,139.983
14:08:34,2024-07-14,427.241004,33289.1,0.35238,2.01099,18.863,0.240431,42.8008,41.5802,43.9717,139.998,239.996,139.983
14:08:35,2024-07-14,428.583904,33246.5,0.3512,2.0082,18.9948,0.24182,42.8006,41.5801,43.9716,140.002,239.99,139.994
14:08:36,2024-07-14,427.938279,33217.0,0.351484,2.01477,19.8248,0.244574,42.8006,41.5796,43.9717,140,239.995,140.033
14:08:37,2024-07-14,427.17076,33188.6,0.351828,2.00668,19.2829,0.247519,42.8007,41.5797,43.9718,140.018,240.001,140.068
14:08:38,2024-07-14,427.17076,33147.7,0.351828,2.01459,19.2079,0.248181,42.8007,41.5792,43.972,140.018,240.009,139.975
14:08:39,2024-07-14,428.266773,33147.7,0.35164,2.01459,19.2079,0.247961,42.8005,41.5792,43.972,139.994,240.009,139.967
14:08:40,2024-07-14,429.335928,33080.9,0.351323,2.01561,19.1337,0.249542,42.8003,41.5794,43.9722,140.001,240.012,140.01
14:08:41,2024-07-14,430.222242,33030.9,0.351693,2.01092,19.0862,0.251573,42.8005,41.5792,43.9723,139.995,239.986,139.98
14:08:41,2024-07-14,429.774953,33020.2,0.351083,2.01503,19.3389,0.253718,42.8006,41.5792,43.9723,139.997,240.009,140.002
14:08:42,2024-07-14,428.19343,33012.5,0.351035,2.01415,19.1379,0.253175,42.8009,41.5791,43.9723,139.994,239.982,139.973
14:08:43,2024-07-14,426.203872,32997.7,0.351865,2.01813,19.4863,0.253175,42.8008,41.5792,43.9723,140,240.012,139.973
14:08:44,2024-07-14,424.786596,33000.4,0.351277,2.01839,18.8508,0.251161,42.8009,41.5791,43.9724,140.012,240.007,139.984
14:08:45,2024-07-14,424.572765,33014.6,0.351741,2.02399,18.5008,0.248439,42.8007,41.5792,43.9723,139.996,240,140.007
14:08:46,2024-07-14,423.496379,33036.0,0.353039,2.01959,19.244,0.247039,42.8011,41.5792,43.9719,139.993,240.006,139.998
14:08:47,2024-07-14,424.04077,33034.2,0.352027,2.01696,18.9463,0.244528,42.8009,41.5793,43.9717,140.004,240.002,140.016
14:08:48,2024-07-14,424.04077,33034.2,0.352027,2.01696,18.9463,0.243312,42.8009,41.5793,43.9715,140.004,240.002,139.989
14:08:49,2024-07-14,424.493224,33029.5,0.351348,2.01945,18.6071,0.24175,42.8013,41.5791,43.9713,140.009,240.014,140.004
14:08:50,2024-07-14,426.118133,33036.2,0.351564,2.01832,19.0692,0.242217,42.8012,41.5788,43.9711,140.017,240.005,140.013
14:08:50,2024-07-14,426.577818,33037.0,0.351815,2.02043,19.0805,0.242217,42.8012,41.5787,43.9711,140.013,239.999,140.013
14:08:51,2024-07-14,425.651217,33002.3,0.352406,2.02119,19.9678,0.24265,42.8015,41.5780,43.9711,140,239.998,140.016
14:08:52,2024-07-14,427.054031,32941.4,0.351732,2.02139,19.4151,0.243253,42.8017,41.5781,43.971,140.001,239.996,139.967
14:08:53,2024-07-14,426.909411,32887.6,0.351909,2.02461,20.1554,0.242758,42.8018,41.5778,43.9707,139.997,240.009,140.009
14:08:54,2024-07-14,426.289611,32823.1,0.351277,2.02422,19.2786,0.243846,42.8018,41.5773,43.9702,140,239.993,140.016
14:08:55,2024-07-14,424.779365,32776.5,0.352106,2.03305,19.1866,0.246322,42.8022,41.5771,43.9696,139.997,240.003,140.005
14:08:56,2024-07-14,423.78252,32730.1,0.352641,2.02846,18.9075,0.244315,42.8022,41.5769,43.9691,139.989,240.002,140.017
14:08:57,2024-07-14,423.306307,32730.1,0.351685,2.02846,18.9075,0.242641,42.8026,41.5769,43.9687,140.009,240.002,140.053
14:08:58,2024-07-14,423.306307,32686.3,0.351685,2.02706,19.7441,0.242006,42.8026,41.5768,43.9687,140.009,240.002,139.985
14:08:59,2024-07-14,422.805302,32660.0,0.351556,2.03105,19.0874,0.239625,42.8030,41.5768,43.9687,140.001,240.009,139.987
14:09:00,2024-07-14,422.433422,32619.4,0.352354,2.03201,19.2018,0.238796,42.8030,41.5773,43.969,140.005,240.008,139.984
14:09:00,2024-07-14,421.681398,32599.0,0.352049,2.03407,19.0518,0.238936,42.8035,41.5769,43.9694,140.003,239.993,140.002
14:09:01,2024-07-14,422.915833,32614.1,0.352255,2.0299,19.4907,0.238936,42.8034,41.5764,43.9694,140,239.996,140.002
14:09:02,2024-07-14,422.081169,32632.6,0.352341,2.03365,19.1706,0.238545,42.8039,41.5762,43.9701,140,240.011,139.972
14:09:03,2024-07-14,423.031529,32673.8,0.351957,2.03042,19.6053,0.239287,42.8038,41.5760,43.9707,140,239.985,139.982
14:09:04,2024-07-14,423.540798,32743.0,0.352518,2.0309,19.6806,0.239324,42.8043,41.5762,43.9712,140.006,239.998,139.981
14:09:05,2024-07-14,426.768923,32812.8,0.35268,2.03143,19.2649,0.239105,42.8045,41.5760,43.9715,139.998,239.999,140.01
14:09:06,2024-07-14,430.791425,32851.7,0.352158,2.02644,18.8715,0.240114,42.8046,41.5760,43.9718,139.998,240.003,139.989
14:09:07,2024-07-14,430.791425,32851.7,0.352158,2.02644,18.8715,0.24234,42.8046,41.5760,43.9718,139.998,240.003,139.996
14:09:08,2024-07-14,430.928814,32901.5,0.351749,2.02833,18.5776,0.245652,42.8047,41.5762,43.9717,139.999,239.997,140.038
14:09:09,2024-07-14,431.244912,32914.8,0.352193,2.02216,19.4044,0.246577,42.8046,41.5762,43.9715,140.014,240.007,140.055
14:09:09,2024-07-14,432.269648,32944.0,0.351906,2.02674,19.7005,0.247916,42.8049,41.5758,43.9717,139.996,239.994,139.972
14:09:10,2024-07-14,433.807785,32962.5,0.351692,2.02811,19.3909,0.247916,42.8053,41.5753,43.9717,140.009,239.995,139.972
14:09:11,2024-07-14,433.346034,32963.2,0.351536,2.02671,19.3509,0.250461,42.8056,41.5746,43.9718,140,239.999,139.999
14:09:12,2024-07-14,431.706663,32960.5,0.351364,2.01799,19.219,0.252971,42.8056,41.5745,43.9718,140.003,240.002,139.996
14:09:13,2024-07-14,427.952741,32967.5,0.351249,2.02384,19.8577,0.25364,42.8056,41.5742,43.9718,140.002,240.004,139.991
14:09:14,2024-07-14,424.51595,32998.6,0.352452,2.01958,19.4121,0.252353,42.8058,41.5744,43.9716,139.998,240.007,139.962
14:09:15,2024-07-14,423.309406,33067.8,0.352395,2.02135,19.9496,0.248528,42.8059,41.5739,43.9718,139.993,240.004,140.006
14:09:16,2024-07-14,421.232043,33067.8,0.352513,2.02135,19.9496,0.245694,42.8056,41.5739,43.9719,140.002,240.004,139.987
14:09:17,2024-07-14,421.232043,33171.3,0.352513,2.01723,19.5203,0.243132,42.8056,41.5737,43.9724,140.002,240.024,140.003
14:09:18,2024-07-14,420.491382,33371.8,0.352554,2.01439,19.6534,0.241315,42.8059,41.5742,43.9721,139.995,239.995,140.012
14:09:18,2024-07-14,421.925186,33554.4,0.351634,2.01483,19.8237,0.23997,42.8060,41.5738,43.9718,140.006,239.996,140.014
14:09:19,2024-07-14,424.748375,33737.4,0.351697,2.00933,18.8352,0.23997,42.8060,41.5733,43.9718,139.988,240.004,140.014
14:09:20,2024-07-14,425.645019,33884.7,0.352504,2.00708,19.164,0.238663,42.8060,41.5727,43.9716,139.997,240.014,139.969
14:09:21,2024-07-14,429.813174,34046.4,0.352617,2.00198,19.2791,0.237508,42.8064,41.5725,43.9716,139.985,239.988,140.007
14:09:22,2024-07-14,432.933867,34155.0,0.352046,2.00111,19.1588,0.237477,42.8063,41.5725,43.972,140.004,240.011,140.03
14:09:23,2024-07-14,433.683825,34285.1,0.352379,2.00111,19.0241,0.239068,42.8065,41.5725,43.9723,140.004,239.993,140.001
14:09:24,2024-07-14,433.41008,34354.9,0.353086,1.99608,19.1161,0.23989,42.8065,41.5729,43.9724,139.991,239.993,140
14:09:25,2024-07-14,437.921191,34354.9,0.351739,1.99608,19.1161,0.24194,42.8068,41.5729,43.9728,139.997,239.993,140.012
14:09:26,2024-07-14,437.921191,34463.0,0.351739,1.997,19.611,0.243024,42.8068,41.5732,43.9726,139.997,240.001,140.016
14:09:27,2024-07-14,440.119415,34566.1,0.352282,1.9975,19.6261,0.249522,42.8071,41.5731,43.9724,140.006,240.019,139.979
14:09:28,2024-07-14,439.757865,34642.2,0.352626,1.98982,19.5429,0.258411,42.8067,41.5729,43.9721,139.991,239.998,139.969
14:09:28,2024-07-14,435.917171,34718.9,0.352727,1.99459,19.0555,0.261585,42.8068,41.5727,43.9722,139.987,240.008,140.024
14:09:29,2024-07-14,434.273668,34845.2,0.352733,1.99011,19.5088,0.258471,42.8068,41.5723,43.9717,139.983,240.009,139.993
14:09:30,2024-07-14,431.31309,34963.9,0.351934,1.99275,19.8625,0.258471,42.8069,41.5724,43.9717,140.001,240.002,139.993
14:09:31,2024-07-14,428.897936,35118.6,0.352235,1.98539,19.6282,0.255089,42.8069,41.5721,43.972,140.002,240.009,139.996
14:09:32,2024-07-14,429.366918,35274.6,0.35252,1.98344,19.4713,0.254414,42.8069,41.5718,43.9724,140.005,240.012,140.043
14:09:33,2024-07-14,430.502185,35377.3,0.351634,1.9783,19.713,0.255432,42.8072,41.5713,43.9733,139.992,240.012,140.003
14:09:34,2024-07-14,430.443304,35455.3,0.352181,1.98274,19.6166,0.257757,42.8072,41.5711,43.974,139.987,239.999,140.039
14:09:35,2024-07-14,428.088064,35440.2,0.351872,1.97902,19.27,0.258849,42.8073,41.5707,43.9745,139.995,240.005,140.008
14:09:36,2024-07-14,428.088064,35440.2,0.351872,1.97902,19.27,0.257147,42.8073,41.5707,43.9751,139.995,240.005,139.982
14:09:37,2024-07-14,424.131674,35359.1,0.352341,1.98011,19.7771,0.251798,42.8073,41.5706,43.9762,140,239.996,140.006
14:09:38,2024-07-14,420.721741,35240.9,0.351293,1.98215,19.212,0.247416,42.8076,41.5703,43.977,139.995,240.018,140.001
14:09:38,2024-07-14,417.343831,35117.6,0.351784,1.98566,18.9332,0.247416,42.8077,41.5699,43.977,139.997,240.006,140.001
14:09:39,2024-07-14,417.664061,34999.6,0.351803,1.98841,18.7449,0.243102,42.8077,41.5700,43.9776,140.005,240.011,139.981
14:09:40,2024-07-14,421.113248,34879.4,0.351589,1.988,18.8532,0.238694,42.8076,41.5700,43.9776,139.994,239.973,140.008
14:09:41,2024-07-14,427.602554,34796.7,0.35139,1.98993,19.2667,0.235493,42.8075,41.5701,43.9772,139.988,239.985,140.022
14:09:42,2024-07-14,430.106546,34673.4,0.35147,1.99311,19.9509,0.242084,42.8072,41.5702,43.9762,140.008,240.016,139.988
14:09:43,2024-07-14,432.35642,34563.0,0.352257,1.99512,19.1585,0.246093,42.8070,41.5706,43.976,140,240.017,140.005
14:09:44,2024-07-14,433.899722,34480.4,0.351745,1.99577,19.5923,0.250146,42.8070,41.5709,43.9757,140.001,239.991,140.016
14:09:45,2024-07-14,433.899722,34480.4,0.351745,1.99577,19.5923,0.254388,42.8070,41.5709,43.9755,140.001,239.991,140.021
14:09:46,2024-07-14,437.489397,34352.5,0.351681,1.99483,19.1065,0.259451,42.8064,41.5714,43.9752,140,239.992,139.966
14:09:47,2024-07-14,438.712469,34264.1,0.351441,2.0036,20.23,0.259451,42.8064,41.5711,43.9752,139.993,240.005,139.966
14:09:47,2024-07-14,436.729109,34171.3,0.351762,2.00008,20.1542,0.259451,42.8062,41.5716,43.9752,139.998,240.01,139.966
14:09:48,2024-07-14,434.271602,34097.8,0.351969,2.00391,19.5236,0.263408,42.8063,41.5714,43.975,139.999,239.994,140.008
14:09:49,2024-07-14,432.275846,34038.5,0.351203,2.0048,19.762,0.26101,42.8061,41.5713,43.9751,140.002,240.009,139.997
14:09:50,2024-07-14,431.518657,33992.6,0.351959,2.00583,18.9283,0.257523,42.8059,41.5712,43.975,139.992,240.003,140
14:09:51,2024-07-14,432.549591,33921.6,0.351175,2.00164,20.1121,0.254238,42.8056,41.5715,43.975,140.003,239.989,140.011
14:09:52,2024-07-14,432.219031,33900.1,0.35111,2.00504,20.4427,0.24848,42.8056,41.5712,43.9751,140.005,240.01,140.026
14:09:53,2024-07-14,432.219031,33879.3,0.351368,2.01313,19.0383,0.246864,42.8054,41.5707,43.9751,139.99,239.992,139.986
14:09:54,2024-07-14,433.620812,33850.0,0.351196,2.00783,19.2499,0.244878,42.8054,41.5707,43.975,140.003,240.008,140.021
14:09:55,2024-07-14,433.620812,33850.0,0.351196,2.00783,19.2499,0.24352,42.8054,41.5707,43.9748,140.003,240.008,139.969
14:09:56,2024-07-14,432.474182,33826.2,0.352065,2.00965,19.6389,0.24352,42.8053,41.5708,43.9748,140,240.003,139.969
14:09:57,2024-07-14,429.4227,33798.1,0.351734,2.01072,19.5275,0.24277,42.8055,41.5712,43.9744,140.009,240.015,140.021
14:09:57,2024-07-14,430.61065,33760.5,0.351242,2.00845,19.5287,0.240339,42.8056,41.5715,43.9741,140.004,240.009,139.984
14:09:58,2024-07-14,431.992804,33708.1,0.351964,2.01011,19.7075,0.239301,42.8061,41.5715,43.9738,140.013,240.001,139.993
14:09:59,2024-07-14,430.303849,33670.2,0.351223,2.01101,19.9113,0.238614,42.8061,41.5718,43.9732,140,239.991,140.011
14:10:00,2024-07-14,432.925603,33620.4,0.351077,2.01415,20.22,0.237705,42.8063,41.5718,43.9726,140.002,240.005,140.033
14:10:01,2024-07-14,436.004976,33631.9,0.350999,2.01313,19.8558,0.237807,42.8064,41.5715,43.9725,140,240,139.992
14:10:02,2024-07-14,436.20951,33603.0,0.351596,2.01319,20.5083,0.23774,42.8069,41.5707,43.9723,139.998,240.013,139.978
14:10:03,2024-07-14,434.935821,33646.7,0.351561,2.01379,19.9327,0.238084,42.8072,41.5703,43.9721,139.994,239.992,139.995
14:10:04,2024-07-14,432.207668,33646.7,0.351513,2.01379,19.9327,0.237326,42.8075,41.5703,43.9717,140.011,239.992,139.979
14:10:05,2024-07-14,432.207668,33707.4,0.351513,2.0094,20.0865,0.237326,42.8075,41.5695,43.9717,140.011,240.002,139.979
14:10:06,2024-07-14,428.974378,33748.0,0.351527,2.00999,19.4205,0.236957,42.8080,41.5694,43.9714,140.007,240.002,140.015
14:10:06,2024-07-14,425.230786,33789.6,0.351645,2.00863,19.7334,0.235389,42.8081,41.5693,43.9711,140.003,240.002,139.984
14:10:07,2024-07-14,423.933338,33825.3,0.351286,2.01104,19.6577,0.234101,42.8087,41.5696,43.9707,139.993,239.997,139.999
14:10:08,2024-07-14,422.302231,33852.8,0.351952,2.00891,19.4994,0.233878,42.8087,41.5701,43.9706,140.001,239.993,139.994
14:10:09,2024-07-14,421.999562,33859.3,0.351697,2.00793,20.0273,0.233051,42.8090,41.5707,43.9703,140.006,239.994,139.997
14:10:10,2024-07-14,424.341373,33865.9,0.351654,2.01125,19.0619,0.232905,42.8095,41.5714,43.97,139.993,239.978,140.007
14:10:11,2024-07-14,424.341373,33886.9,0.351654,2.01043,19.738,0.233322,42.8095,41.5712,43.9699,139.993,239.982,139.998
14:10:12,2024-07-14,435.101101,33898.9,0.3518,2.00726,20.0275,0.233304,42.8101,41.5718,43.9697,140.004,239.988,140.025
14:10:13,2024-07-14,436.479123,33898.9,0.351256,2.00726,20.0275,0.23421,42.8102,41.5718,43.9696,140.002,239.988,140.005
14:10:14,2024-07-14,436.442968,33952.8,0.35141,2.00614,18.8146,0.23421,42.8102,41.5719,43.9696,140.012,239.999,140.005
14:10:15,2024-07-14,436.442968,34010.0,0.35141,2.00987,18.8391,0.233991,42.8102,41.5720,43.9694,140.012,239.999,139.976
14:10:16,2024-07-14,438.221794,34049.5,0.351257,2.0071,19.8327,0.234015,42.8104,41.5722,43.9693,140.01,239.998,140.051
14:10:16,2024-07-14,436.789023,34112.1,0.3513,2.0089,19.8769,0.233583,42.8102,41.5721,43.9692,139.994,240.003,139.987
14:10:17,2024-07-14,433.353265,34120.1,0.351264,2.00422,19.7311,0.233816,42.8103,41.5722,43.9691,140.009,239.997,139.994
14:10:18,2024-07-14,429.696445,34150.5,0.350904,2.00573,19.7958,0.23307,42.8104,41.5719,43.9689,140.013,240.01,140.029
14:10:19,2024-07-14,428.009556,34142.5,0.35168,2.00076,19.7919,0.232817,42.8102,41.5719,43.9687,140.003,239.999,139.993
14:10:20,2024-07-14,428.421723,34090.6,0.351334,2.00608,19.2946,0.232471,42.8105,41.5718,43.9684,140.005,240.019,140.014
14:10:21,2024-07-14,429.477449,34009.4,0.351897,2.00523,20.1335,0.231827,42.8105,41.5717,43.9684,139.994,239.997,139.962
14:10:22,2024-07-14,430.357565,34009.4,0.352087,2.00523,20.1335,0.231827,42.8109,41.5717,43.9684,140.009,239.997,139.962
14:10:23,2024-07-14,430.357565,33914.8,0.352087,2.0057,20.289,0.231544,42.8109,41.5718,43.9683,140.009,239.994,139.981
14:10:24,2024-07-14,430.329674,33835.9,0.352191,2.00782,19.5294,0.232025,42.8112,41.5716,43.9689,140.002,240.008,139.985
14:10:25,2024-07-14,430.881296,33776.0,0.352132,2.01064,19.0751,0.231868,42.8114,41.5711,43.9691,140.018,240.022,139.992
14:10:25,2024-07-14,432.823336,33738.4,0.35151,2.00846,19.7833,0.232485,42.8117,41.5711,43.9693,140.007,240.006,139.97
14:10:26,2024-07-14,433.301615,33696.5,0.350885,2.0083,20.1126,0.232116,42.8120,41.5711,43.9698,140.003,240.012,139.998
14:10:27,2024-07-14,431.446347,33628.6,0.350848,2.01283,19.8557,0.231534,42.8124,41.5714,43.9703,140.007,240.002,139.99
14:10:28,2024-07-14,431.500063,33582.2,0.351121,2.01193,19.6151,0.232067,42.8125,41.5714,43.9706,139.991,239.992,140.006
14:10:29,2024-07-14,434.631086,33548.2,0.351189,2.01421,20.3376,0.231716,42.8124,41.5716,43.9708,139.999,239.996,140.016
14:10:30,2024-07-14,436.586555,33520.4,0.351156,2.01213,19.6418,0.232202,42.8123,41.5717,43.9714,139.998,239.992,140.024
14:10:31,2024-07-14,436.774561,33495.3,0.351261,2.01167,19.9008,0.232216,42.8123,41.5717,43.9722,139.999,239.998,140.012
14:10:32,2024-07-14,436.774561,33495.3,0.351261,2.01167,19.9008,0.232216,42.8123,41.5717,43.9722,139.999,239.998,140.012
14:10:33,2024-07-14,439.299213,33534.4,0.351088,2.0075,19.5515,0.231383,42.8122,41.5717,43.9725,140.002,239.996,140.006
14:10:34,2024-07-14,440.714423,33607.6,0.351312,2.0131,19.7364,0.230733,42.8120,41.5718,43.9729,140.001,239.999,140.026
14:10:35,2024-07-14,442.5418,33670.7,0.351275,2.01265,20.2095,0.231128,42.8120,41.5719,43.9728,139.996,240.001,139.988
14:10:35,2024-07-14,445.833971,33746.0,0.351563,2.00767,19.6367,0.231286,42.8121,41.5724,43.9728,140.006,239.996,139.999
14:10:36,2024-07-14,449.756272,33804.1,0.350909,2.00618,19.9584,0.230994,42.8120,41.5723,43.9725,140.005,240.008,139.971
14:10:37,2024-07-14,452.051598,33874.2,0.351335,2.00664,20.4221,0.231526,42.8120,41.5722,43.9725,139.991,240.006,139.998
14:10:38,2024-07-14,451.315069,33915.5,0.351242,2.00583,20.3328,0.231449,42.8119,41.5717,43.9728,139.998,240,140.009
14:10:39,2024-07-14,448.917476,33888.5,0.351179,2.00369,19.352,0.231214,42.8121,41.5720,43.9732,140.018,239.996,139.996
14:10:40,2024-07-14,448.917476,33789.1,0.351179,2.00337,19.8047,0.231577,42.8121,41.5716,43.9736,140.018,240.005,139.983
14:10:41,2024-07-14,443.274197,33789.1,0.351171,2.00337,19.8047,0.231577,42.8124,41.5716,43.9736,140.013,240.005,139.983
14:10:42,2024-07-14,440.219616,33686.3,0.351593,2.00408,19.6667,0.231689,42.8124,41.5715,43.9742,139.997,240.017,139.995
14:10:43,2024-07-14,441.290837,33603.0,0.350799,2.00974,19.8006,0.231551,42.8125,41.5715,43.9748,140.003,239.996,139.991
14:10:44,2024-07-14,441.833162,33477.5,0.350385,2.01227,19.415,0.231377,42.8126,41.5715,43.9755,139.991,240.018,140.009
14:10:44,2024-07-14,442.466391,33398.4,0.350898,2.00823,19.3923,0.230789,42.8124,41.5714,43.9763,140.002,240.014,140.01
14:10:45,2024-07-14,441.163778,33311.3,0.351111,2.01347,19.6388,0.231771,42.8121,41.5714,43.9768,140.009,240.025,139.986
14:10:46,2024-07-14,439.509945,33192.6,0.351195,2.01459,19.7294,0.232119,42.8119,41.5711,43.9771,140.006,240.01,139.984
14:10:47,2024-07-14,438.542024,33096.0,0.351046,2.02038,19.7546,0.231075,42.8116,41.5708,43.9773,140.003,240.017,140.026
14:10:48,2024-07-14,438.043085,33032.4,0.351093,2.01537,20.2113,0.230472,42.8113,41.5708,43.9773,139.986,239.983,139.999
14:10:49,2024-07-14,437.009052,32999.2,0.351269,2.01877,19.4731,0.231056,42.8111,41.5710,43.9774,139.981,239.993,140.003
14:10:50,2024-07-14,439.169055,32999.2,0.351258,2.01877,19.4731,0.231056,42.8110,41.5710,43.9774,139.982,239.993,140.003
14:10:51,2024-07-14,439.169055,33010.8,0.351258,2.02048,19.8209,0.230732,42.8110,41.5706,43.9778,139.982,239.982,140.013
14:10:52,2024-07-14,440.514021,33049.8,0.351659,2.01675,20.1865,0.230433,42.8108,41.5706,43.9779,139.989,239.994,140.009
14:10:53,2024-07-14,439.196946,33149.9,0.351846,2.01719,19.7731,0.229768,42.8105,41.5705,43.9779,139.993,239.998,139.992
14:10:54,2024-07-14,440.699961,33297.3,0.352257,2.01317,19.6147,0.229611,42.8104,41.5703,43.9781,140.008,239.996,140
14:10:54,2024-07-14,443.245273,33459.2,0.352167,2.01233,19.8921,0.229638,42.8103,41.5705,43.9776,139.995,239.994,140.006
14:10:55,2024-07-14,443.224613,33623.8,0.352031,2.01113,19.595,0.229461,42.8104,41.5702,43.9774,140.001,239.994,140.008
14:10:56,2024-07-14,440.791898,33722.1,0.351892,2.00864,19.6373,0.229882,42.8100,41.5701,43.9774,139.998,239.992,140.001
14:10:57,2024-07-14,438.58541,33782.9,0.351398,2.00692,18.9628,0.229678,42.8098,41.5698,43.9775,140.006,240.009,140.013
14:10:58,2024-07-14,438.826099,33827.1,0.351923,2.00009,19.7948,0.229542,42.8097,41.5694,43.9773,139.995,239.983,140.008
14:10:59,2024-07-14,441.192702,33817.3,0.351639,2.00294,19.9161,0.228954,42.8096,41.5695,43.9774,139.999,240.01,139.984
14:11:00,2024-07-14,441.192702,33831.9,0.351639,2.00749,19.9977,0.228954,42.8096,41.5696,43.9774,139.999,239.994,139.984
14:11:01,2024-07-14,441.022257,33831.9,0.351216,2.00749,19.9977,0.22853,42.8093,41.5696,43.9773,140.008,239.994,139.986
14:11:02,2024-07-14,439.745469,33818.8,0.351705,2.00571,20.1144,0.228382,42.8094,41.5699,43.977,139.992,240.006,140.053
14:11:03,2024-07-14,439.757865,33777.7,0.351267,2.00447,20.2505,0.228651,42.8093,41.5702,43.977,139.993,239.986,139.971
14:11:03,2024-07-14,440.585298,33727.4,0.351401,2.00398,19.8345,0.229182,42.8089,41.5704,43.977,140.005,239.99,140
14:11:04,2024-07-14,441.547021,33666.1,0.351049,2.00695,19.7879,0.229067,42.8085,41.5700,43.9766,139.998,240.002,140.042
14:11:05,2024-07-14,443.001485,33623.0,0.351096,2.00443,19.4564,0.229312,42.8087,41.5701,43.9763,139.999,239.997,139.961
14:11:06,2024-07-14,444.378474,33571.1,0.351224,2.01086,19.8863,0.229387,42.8085,41.5703,43.9757,140.019,240.002,140.002
14:11:07,2024-07-14,447.436154,33536.8,0.351175,2.01005,20.225,0.229249,42.8085,41.5706,43.9753,140.002,239.988,140.012
14:11:08,2024-07-14,447.887575,33443.9,0.351507,2.01368,20.5681,0.229249,42.8084,41.5710,43.9753,140.012,239.997,140.012
14:11:09,2024-07-14,447.887575,33443.9,0.351507,2.01368,20.5681,0.229522,42.8084,41.5710,43.9749,140.012,239.997,139.994
14:11:10,2024-07-14,446.294689,33347.8,0.350518,2.01108,20.8241,0.229376,42.8087,41.5707,43.9743,140.005,239.985,140.017
14:11:11,2024-07-14,442.241197,33263.6,0.351483,2.01385,19.8294,0.229818,42.8086,41.5712,43.9737,140.018,239.988,140.007
14:11:12,2024-07-14,436.025636,33192.6,0.350927,2.01543,19.2696,0.229715,42.8087,41.5711,43.973,140.014,240.005,139.997
14:11:13,2024-07-14,431.291397,33177.5,0.350663,2.01451,19.401,0.230057,42.8087,41.5709,43.9725,140.028,239.981,139.984
14:11:13,2024-07-14,428.355611,33115.4,0.350896,2.01408,19.7126,0.229669,42.8087,41.5706,43.9718,140.006,239.993,140.005
14:11:14,2024-07-14,426.586082,33067.4,0.351332,2.01837,19.8605,0.23007,42.8087,41.5702,43.9711,140.005,239.998,139.974
14:11:15,2024-07-14,424.181258,32982.7,0.351271,2.0242,19.6237,0.231363,42.8088,41.5702,43.9705,140.013,240.008,139.966
14:11:16,2024-07-14,423.042892,32906.9,0.351363,2.01934,20.0106,0.234384,42.8090,41.5704,43.9696,140.004,239.993,140.006
14:11:17,2024-07-14,423.899249,32821.5,0.351792,2.02288,19.1967,0.236739,42.8090,41.5707,43.9689,140.006,239.999,140.022
14:11:18,2024-07-14,425.221489,32807.1,0.352213,2.03266,20.1235,0.236739,42.8090,41.5714,43.9689,139.993,239.994,140.022
14:11:19,2024-07-14,425.221489,32807.1,0.352213,2.03266,20.1235,0.24017,42.8090,41.5714,43.9686,139.993,239.994,140.001
14:11:20,2024-07-14,431.094094,32790.2,0.351926,2.02817,20.3481,0.244044,42.8089,41.5722,43.9682,140,239.992,139.99
14:11:21,2024-07-14,440.854911,32767.1,0.351668,2.03609,20.2558,0.244014,42.8088,41.5725,43.9679,140.002,240.021,140.005
14:11:22,2024-07-14,444.373309,32733.8,0.351443,2.03627,19.6568,0.241805,42.8087,41.5726,43.9673,140.006,240.001,140.001
14:11:22,2024-07-14,442.846535,32708.1,0.351745,2.04093,20.0584,0.242602,42.8087,41.5724,43.9671,139.999,240.005,140
14:11:23,2024-07-14,443.387827,32653.3,0.352285,2.0465,20.3318,0.246646,42.8085,41.5721,43.9672,139.999,240.001,140.035
14:11:24,2024-07-14,445.980657,32607.1,0.3521,2.06355,19.6804,0.250296,42.8086,41.5721,43.9676,139.998,240.002,139.991
14:11:25,2024-07-14,444.805103,32578.6,0.352482,2.08414,20.1271,0.252999,42.8087,41.5722,43.9681,140.004,240.017,139.998
14:11:26,2024-07-14,444.961086,32530.3,0.35199,2.07902,20.3327,0.253832,42.8086,41.5721,43.9684,140.003,240.011,139.977
14:11:27,2024-07-14,447.007459,32508.9,0.352004,2.07982,21.0436,0.250955,42.8091,41.5719,43.9685,139.996,239.998,139.995
14:11:28,2024-07-14,447.007459,32445.3,0.352004,2.07176,20.1954,0.250955,42.8091,41.5709,43.9685,139.996,240.015,139.995
14:11:29,2024-07-14,446.528147,32445.3,0.35159,2.07176,20.1954,0.248452,42.8089,41.5709,43.9691,140.007,240.015,140.005
14:11:30,2024-07-14,444.893941,32407.3,0.351296,2.06231,19.787,0.246809,42.8095,41.5700,43.9695,140.002,239.986,140.047
14:11:31,2024-07-14,441.169976,32376.2,0.350795,2.0552,20.3559,0.245069,42.8094,41.5689,43.9702,139.999,239.996,139.95
14:11:32,2024-07-14,438.102999,32339.7,0.351276,2.05024,19.9612,0.24606,42.8096,41.5682,43.9709,139.998,240.003,140.013
14:11:32,2024-07-14,436.325206,32309.8,0.351309,2.04651,19.6666,0.252111,42.8100,41.5675,43.9718,139.99,239.999,139.991
14:11:33,2024-07-14,437.209454,32279.9,0.351909,2.05335,20.4861,0.256796,42.8099,41.5676,43.9723,140.005,240.004,140.003
14:11:34,2024-07-14,438.755855,32264.3,0.351499,2.07235,20.8804,0.255911,42.8099,41.5674,43.973,140.003,239.998,140.019
14:11:35,2024-07-14,439.34983,32285.2,0.351339,2.08068,19.7198,0.251968,42.8100,41.5672,43.9731,139.997,239.995,139.991
14:11:36,2024-07-14,440.295025,32287.0,0.351004,2.06964,20.2148,0.24612,42.8101,41.5674,43.9733,140.004,240,139.977
14:11:37,2024-07-14,438.904607,32300.8,0.351487,2.06723,20.1918,0.242529,42.8102,41.5674,43.9731,139.996,239.99,140.016
14:11:38,2024-07-14,438.904607,32309.0,0.351487,2.06532,20.0782,0.242529,42.8102,41.5676,43.9731,139.996,240.004,140.016
14:11:39,2024-07-14,436.573126,32309.0,0.351129,2.06532,20.0782,0.239079,42.8104,41.5676,43.9732,140.003,240.004,139.998
14:11:40,2024-07-14,434.869709,32292.4,0.351463,2.05512,20.6083,0.236576,42.8103,41.5674,43.9733,140.005,239.985,140.002
14:11:41,2024-07-14,434.259206,32274.7,0.350794,2.0505,20.101,0.234434,42.8102,41.5673,43.9735,140.009,239.999,139.997
14:11:42,2024-07-14,434.181731,32263.4,0.350892,2.04764,20.0905,0.233474,42.8105,41.5673,43.9736,139.997,240.009,140.005
14:11:42,2024-07-14,435.777716,32254.7,0.351375,2.04622,19.6833,0.233045,42.8107,41.5671,43.9737,139.985,239.986,139.997
14:11:43,2024-07-14,436.298348,32230.5,0.35077,2.039,19.9608,0.232579,42.8108,41.5664,43.9739,139.994,240.001,139.987
14:11:44,2024-07-14,435.008131,32216.8,0.351016,2.04143,20.0398,0.232585,42.8103,41.5662,43.9741,140.005,240.001,139.949
14:11:45,2024-07-14,432.452489,32219.2,0.351087,2.03856,19.4678,0.232585,42.8101,41.5660,43.9741,140.006,239.997,139.949
14:11:46,2024-07-14,429.843131,32219.8,0.351368,2.04273,20.2122,0.232197,42.8106,41.5662,43.9746,139.992,239.999,140.01
14:11:47,2024-07-14,429.843131,32219.8,0.351368,2.04273,20.2122,0.232301,42.8106,41.5662,43.975,139.992,239.999,140.003
14:11:48,2024-07-14,427.849441,32257.1,0.35151,2.0408,20.4814,0.23149,42.8105,41.5661,43.9759,139.997,239.996,140.008
14:11:49,2024-07-14,426.155321,32387.6,0.351357,2.03543,20.4275,0.23041,42.8105,41.5658,43.9764,140.001,239.997,139.988
14:11:50,2024-07-14,424.138905,32524.0,0.351371,2.03126,20.0411,0.230178,42.8110,41.5664,43.9774,140.002,239.99,139.999
14:11:51,2024-07-14,422.425158,32703.6,0.351492,2.0262,19.7497,0.229542,42.8114,41.5665,43.9777,139.992,240.002,140.001
14:11:51,2024-07-14,420.59055,32898.6,0.351453,2.02681,20.913,0.229648,42.8119,41.5665,43.9783,140.009,240.012,140.003
14:11:52,2024-07-14,419.025555,33060.2,0.35146,2.02222,19.6558,0.2302,42.8124,41.5668,43.979,140.015,240.012,140.001
14:11:53,2024-07-14,421.185558,33202.6,0.351678,2.01894,19.6614,0.230331,42.8127,41.5671,43.9794,140.006,240.004,140
14:11:54,2024-07-14,424.737012,33333.5,0.35137,2.0159,19.2069,0.230529,42.8130,41.5674,43.98,140.003,240.005,140.008
14:11:55,2024-07-14,430.608584,33476.5,0.351773,2.01253,19.9934,0.229123,42.8133,41.5675,43.98,139.995,239.999,140.002
14:11:56,2024-07-14,430.608584,33476.5,0.351773,2.01253,19.9934,0.229123,42.8133,41.5675,43.98,139.995,239.999,140.002
14:11:57,2024-07-14,434.382133,33623.8,0.351783,2.0105,20.2241,0.22791,42.8136,41.5678,43.9801,140,239.986,140.007
14:11:58,2024-07-14,437.467704,33764.8,0.351411,2.01054,19.6634,0.226086,42.8140,41.5679,43.9801,139.992,240.008,140.006
14:11:59,2024-07-14,438.088537,33922.0,0.351547,2.00842,19.8007,0.226573,42.8141,41.5678,43.9801,140.001,240.002,139.983
14:12:00,2024-07-14,436.020471,34026.5,0.351485,2.00178,19.5237,0.226327,42.8146,41.5676,43.9803,139.997,239.992,140.029
14:12:01,2024-07-14,435.396539,34137.9,0.351928,1.9997,20.2867,0.22636,42.8145,41.5675,43.9803,140.005,239.988,139.991
14:12:01,2024-07-14,436.391318,34234.4,0.351122,2.00173,20.0891,0.226791,42.8147,41.5673,43.9802,140.002,240.017,140
14:12:02,2024-07-14,436.122738,34274.9,0.3517,2.00019,19.4688,0.227475,42.8146,41.5666,43.9802,140.008,239.997,139.987
14:12:03,2024-07-14,434.588733,34328.5,0.351515,1.99712,20.2125,0.227475,42.8146,41.5660,43.9802,140.006,240.007,139.987
14:12:04,2024-07-14,432.519634,34393.4,0.350854,1.99661,19.887,0.228475,42.8147,41.5654,43.9799,140.011,240.002,139.973
14:12:05,2024-07-14,430.167493,34393.4,0.352104,1.99661,19.887,0.230976,42.8150,41.5654,43.9801,140,240.002,140.042
14:12:06,2024-07-14,430.167493,34446.7,0.352104,1.99748,20.1629,0.231702,42.8150,41.5654,43.9799,140,240.014,140.019
14:12:07,2024-07-14,428.191364,34499.3,0.350953,1.99541,19.933,0.231745,42.8149,41.5657,43.9798,140.001,239.991,140.015
14:12:08,2024-07-14,426.655293,34557.2,0.351291,1.9913,21.1704,0.232412,42.8146,41.5659,43.98,140.005,239.98,139.985
14:12:09,2024-07-14,427.065394,34640.6,0.352186,1.98983,20.7531,0.232511,42.8143,41.5659,43.9801,139.984,239.988,139.996
14:12:10,2024-07-14,429.702643,34659.9,0.351108,1.98875,20.2742,0.233513,42.8141,41.5654,43.9799,139.998,240.012,139.999
14:12:10,2024-07-14,430.905055,34701.3,0.35136,1.98663,20.1237,0.234763,42.8136,41.5651,43.9795,140.007,240.008,139.992
14:12:11,2024-07-14,433.617713,34694.0,0.351694,1.99427,19.9391,0.23479,42.8136,41.5651,43.9788,139.991,239.994,139.972
14:12:12,2024-07-14,432.5217,34695.8,0.351909,1.99456,20.0075,0.234122,42.8136,41.5651,43.9782,140.001,239.996,140.035
14:12:13,2024-07-14,432.293407,34658.9,0.352241,1.99331,20.3191,0.233846,42.8134,41.5651,43.9777,139.995,240.005,139.984
14:12:14,2024-07-14,430.723247,34658.9,0.351829,1.99331,20.3191,0.234248,42.8132,41.5651,43.9772,139.999,240.005,140.01
14:12:15,2024-07-14,429.749128,34677.4,0.351275,1.99662,20.6632,0.234248,42.8130,41.5650,43.9772,140.008,239.994,140.01
14:12:16,2024-07-14,429.749128,34684.0,0.351275,1.99064,20.3102,0.236675,42.8130,41.5651,43.9765,140.008,240.015,140.022
14:12:17,2024-07-14,435.575248,34701.0,0.351168,1.99071,19.853,0.245231,42.8130,41.5652,43.9758,140.003,240.011,139.994
14:12:18,2024-07-14,438.42013,34727.3,0.351493,1.99283,19.9445,0.250983,42.8133,41.5654,43.9754,140.001,239.994,139.985
14:12:19,2024-07-14,438.019326,34732.5,0.35105,1.9932,20.6011,0.254184,42.8132,41.5655,43.9753,140.006,240.008,139.992
14:12:20,2024-07-14,437.81066,34739.1,0.35039,1.99065,19.8405,0.257146,42.8136,41.5661,43.9752,140.007,239.994,139.993
14:12:20,2024-07-14,436.968765,34741.5,0.350529,1.99521,19.5888,0.262027,42.8128,41.5662,43.9754,139.987,240.006,140.01
14:12:21,2024-07-14,435.210599,34714.5,0.350541,1.99487,19.8982,0.266282,42.8133,41.5663,43.9757,140.003,239.997,139.993
14:12:22,2024-07-14,432.936966,34687.2,0.350547,1.99648,20.6393,0.271248,42.8134,41.5663,43.9759,140.006,240.006,140.006
14:12:23,2024-07-14,431.017652,34623.0,0.350723,1.99438,19.5433,0.271248,42.8136,41.5664,43.9759,140.001,240.002,140.006
14:12:24,2024-07-14,431.026949,34623.0,0.351173,1.99438,19.5433,0.274711,42.8138,41.5664,43.976,140.001,240.002,140.006
14:12:25,2024-07-14,432.756191,34570.9,0.350389,2.0007,19.9545,0.275879,42.8139,41.5662,43.9761,139.998,240.009,140.022
14:12:26,2024-07-14,432.756191,34514.8,0.350389,1.99666,20.6639,0.275877,42.8139,41.5663,43.9755,139.998,239.99,140.003
14:12:27,2024-07-14,433.447268,34467.0,0.350804,1.9963,20.5833,0.27145,42.8140,41.5666,43.975,140.002,239.999,140.004
14:12:28,2024-07-14,432.850194,34389.9,0.350489,2.00169,19.9062,0.263394,42.8139,41.5669,43.9742,139.995,239.997,140.009
14:12:29,2024-07-14,432.579548,34286.4,0.350267,2.0046,20.0578,0.254386,42.8137,41.5673,43.9738,139.999,240.017,140.009
14:12:29,2024-07-14,431.983507,34187.5,0.351243,2.01047,19.788,0.246161,42.8136,41.5669,43.9731,139.992,240.005,139.996
14:12:30,2024-07-14,430.462931,34081.6,0.350908,2.00587,20.053,0.24064,42.8136,41.5666,43.9728,140.01,240.007,140.019
14:12:31,2024-07-14,427.259598,33973.2,0.351275,2.00589,20.1374,0.237371,42.8136,41.5664,43.973,139.998,240.008,139.992
14:12:32,2024-07-14,427.010645,33865.2,0.351125,2.00832,20.5524,0.235104,42.8139,41.5662,43.9732,139.979,240.001,139.985
14:12:33,2024-07-14,426.460056,33865.2,0.351296,2.00832,20.5524,0.235104,42.8140,41.5662,43.9732,140.005,240.001,139.985
14:12:34,2024-07-14,427.333974,33756.3,0.351105,2.01082,20.3062,0.233777,42.8142,41.5663,43.9735,140.005,240.01,139.989
14:12:35,2024-07-14,426.739999,33667.4,0.350917,2.01675,19.8037,0.233111,42.8146,41.5659,43.9737,140.003,239.996,140.081
14:12:36,2024-07-14,426.739999,33615.3,0.350917,2.0205,20.4404,0.232798,42.8146,41.5665,43.9738,140.003,240,140.067
14:12:37,2024-07-14,427.537475,33537.5,0.350959,2.01451,20.4358,0.233495,42.8142,41.5664,43.9739,140.01,239.997,139.94
14:12:38,2024-07-14,429.571452,33501.5,0.351243,2.02026,20.3831,0.234199,42.8145,41.5658,43.9744,140,239.997,139.993
14:12:39,2024-07-14,429.987751,33444.5,0.351064,2.01713,19.8314,0.237733,42.8144,41.5651,43.9749,140.011,239.977,139.986
14:12:39,2024-07-14,429.387578,33400.5,0.350952,2.01832,20.4761,0.240145,42.8145,41.5647,43.9752,140.007,240.005,139.966
14:12:40,2024-07-14,429.671653,33371.5,0.3515,2.02234,20.0942,0.241879,42.8143,41.5647,43.9757,140,240.005,139.995
14:12:41,2024-07-14,434.517456,33329.1,0.351231,2.02228,19.8203,0.250078,42.8146,41.5645,43.9761,139.995,239.999,140.024
14:12:42,2024-07-14,435.716769,33329.1,0.35149,2.02228,19.8203,0.278818,42.8147,41.5645,43.9769,140.008,239.999,139.992
14:12:43,2024-07-14,437.682568,33326.4,0.351372,2.01824,20.0657,0.321439,42.8152,41.5652,43.9774,140.021,239.993,139.992
14:12:44,2024-07-14,436.200213,33321.2,0.351938,2.02178,20.9012,0.321439,42.8153,41.5653,43.9774,140.012,240.021,139.992
14:12:45,2024-07-14,434.818059,33315.0,0.350908,2.01878,19.7902,0.358006,42.8153,41.5656,43.9778,140.012,240.018,139.986
14:12:46,2024-07-14,434.818059,33343.4,0.350908,2.01879,20.1166,0.361532,42.8153,41.5656,43.9783,140.012,239.987,139.998
14:12:47,2024-07-14,432.777884,33378.6,0.3511,2.01603,20.3536,0.338077,42.8158,41.5655,43.9783,139.997,240.012,139.996
14:12:48,2024-07-14,429.615871,33418.0,0.350557,2.01853,21.0945,0.31335,42.8159,41.5659,43.9783,140.009,239.998,139.973
14:12:48,2024-07-14,428.592168,33460.5,0.350852,2.02114,20.3742,0.292659,42.8157,41.5658,43.9784,139.981,239.987,140.021
14:12:49,2024-07-14,429.681983,33481.3,0.351199,2.02147,20.4968,0.278312,42.8159,41.5657,43.9778,139.984,239.99,140.01
14:12:50,2024-07-14,431.672574,33485.4,0.351128,2.01916,19.8183,0.272008,42.8161,41.5657,43.9776,139.989,239.98,140.002
14:12:51,2024-07-14,431.648815,33503.5,0.350543,2.01973,20.2964,0.418005,42.8165,41.5653,43.9774,139.996,239.974,140.038
14:12:52,2024-07-14,431.171569,33503.5,0.351222,2.01973,20.2964,0.879609,42.8166,41.5653,43.9771,139.992,239.974,140.022
14:12:53,2024-07-14,435.428562,33515.0,0.351813,2.02459,20.5587,0.879609,42.8166,41.5650,43.9771,139.99,239.996,140.022
14:12:54,2024-07-14,435.428562,33553.8,0.351813,2.02506,20.1904,1.3624,42.8166,41.5650,43.977,139.99,240,140.008
14:12:55,2024-07-14,437.013184,33549.7,0.351683,2.02245,20.8761,1.58712,42.8167,41.5650,43.9769,140.003,239.994,140.018
14:12:56,2024-07-14,435.739495,33561.8,0.350363,2.02306,20.2728,1.62683,42.8166,41.5651,43.9768,139.988,239.991,139.982
14:12:57,2024-07-14,432.396707,33565.9,0.351092,2.01878,20.8184,1.69684,42.8167,41.5652,43.9771,139.998,239.991,140.018
14:12:58,2024-07-14,431.484568,33557.5,0.350884,2.02179,19.8915,1.87875,42.8166,41.5652,43.9773,140.004,240.001,139.99
14:12:58,2024-07-14,433.683825,33556.9,0.3498,2.02707,20.3269,1.92965,42.8165,41.5651,43.9771,139.997,240.006,140.013
14:12:59,2024-07-14,434.966811,33556.5,0.35132,2.02128,20.4686,1.8442,42.8162,41.5657,43.977,139.989,240.001,139.99
14:13:00,2024-07-14,440.035742,33571.6,0.350149,2.02455,19.7587,1.70599,42.8158,41.5660,43.9771,140.001,240.001,139.994
14:13:01,2024-07-14,442.372388,33571.6,0.351193,2.02455,19.7587,1.55146,42.8156,41.5660,43.9769,140.005,240.001,140.013
14:13:02,2024-07-14,446.153168,33571.0,0.350429,2.02015,20.4318,1.55146,42.8161,41.5660,43.9769,139.999,240.001,140.013
14:13:03,2024-07-14,442.227768,33604.8,0.351169,2.02363,20.2862,1.41253,42.8162,41.5660,43.9766,140.004,239.991,139.979
14:13:04,2024-07-14,442.227768,33616.2,0.351169,2.02198,20.8502,1.25667,42.8162,41.5657,43.9762,140.004,240.002,140.013
14:13:05,2024-07-14,437.124748,33606.5,0.351396,2.02105,20.8408,1.02787,42.8165,41.5660,43.9756,140.001,240.009,139.973
14:13:06,2024-07-14,435.064946,33592.4,0.350854,2.02309,20.1853,0.853016,42.8165,41.5654,43.9751,140.002,240.006,140.079
14:13:07,2024-07-14,431.104424,33588.0,0.351052,2.01948,20.0485,0.730874,42.8163,41.5655,43.9747,140.014,239.996,139.971
14:13:07,2024-07-14,427.810187,33548.8,0.350047,2.02231,19.9729,0.607196,42.8163,41.5655,43.9739,140.016,240.013,139.992
14:13:08,2024-07-14,426.604676,33486.8,0.349896,2.02115,20.0835,0.523102,42.8162,41.5654,43.9733,140.01,240.022,139.985
14:13:09,2024-07-14,424.519049,33443.4,0.350999,2.0227,20.881,0.494864,42.8162,41.5655,43.973,140.007,240.018,139.99
14:13:10,2024-07-14,424.707055,33443.4,0.35086,2.0227,20.881,0.494864,42.8162,41.5655,43.973,140.013,240.018,139.99
14:13:11,2024-07-14,424.716352,33435.1,0.351651,2.02449,20.2469,0.537351,42.8159,41.5654,43.973,139.998,239.99,140.005
14:13:12,2024-07-14,424.44364,33431.5,0.351174,2.02107,21.0834,0.613414,42.8156,41.5652,43.973,140.006,239.995,139.992
14:13:13,2024-07-14,424.44364,33451.7,0.351174,2.02418,20.926,0.70351,42.8156,41.5655,43.9732,140.006,240.016,140
14:13:14,2024-07-14,425.158476,33527.6,0.350868,2.01776,20.0728,0.770737,42.8159,41.5660,43.9734,139.992,239.991,139.988
14:13:15,2024-07-14,423.413739,33580.9,0.35039,2.02226,19.984,0.770218,42.8156,41.5667,43.9737,140.008,240.006,140.029
14:13:16,2024-07-14,421.810523,33627.0,0.351461,2.01918,20.456,0.686837,42.8155,41.5667,43.974,140,240.002,139.959
14:13:17,2024-07-14,422.22269,33629.9,0.350801,2.02107,20.4623,0.573306,42.8156,41.5668,43.9744,139.996,239.997,140.003
14:13:17,2024-07-14,422.653451,33625.3,0.351685,2.02233,20.6268,0.485101,42.8155,41.5670,43.9749,139.989,240.002,139.996
14:13:18,2024-07-14,422.239218,33578.2,0.351563,2.02428,20.9415,0.422805,42.8155,41.5667,43.9755,140.008,239.998,139.89
14:13:19,2024-07-14,421.297122,33549.9,0.351929,2.02039,20.6482,0.388963,42.8154,41.5665,43.9762,140.006,240.009,140.003
14:13:20,2024-07-14,422.083235,33549.9,0.349904,2.02039,20.6482,0.388963,42.8155,41.5665,43.9762,140.001,240.009,140.003
14:13:21,2024-07-14,420.686619,33491.1,0.350991,2.02039,20.3836,0.384963,42.8159,41.5660,43.9768,139.997,240.002,140.003
14:13:22,2024-07-14,421.978902,33457.4,0.350391,2.02224,20.9195,0.3906,42.8161,41.5661,43.977,139.999,240.009,139.992
14:13:23,2024-07-14,421.978902,33436.3,0.350391,2.0262,20.1616,0.391177,42.8161,41.5659,43.9774,139.999,240.001,139.99
14:13:24,2024-07-14,421.773335,33395.5,0.351671,2.02522,20.1203,0.406532,42.8163,41.5660,43.9774,140.001,239.999,139.974
14:13:25,2024-07-14,420.77649,33340.7,0.351516,2.03244,20.6823,0.397694,42.8161,41.5661,43.9769,140,239.979,139.994
14:13:26,2024-07-14,423.176149,33295.3,0.349828,2.03432,20.9198,0.383283,42.8164,41.5657,43.9764,139.99,239.993,140.004
14:13:26,2024-07-14,422.459247,33235.0,0.351653,2.03954,20.3753,0.386143,42.8167,41.5660,43.9759,139.999,240.007,140.037
14:13:27,2024-07-14,424.96014,33213.8,0.3502,2.03551,20.6413,0.411708,42.8169,41.5656,43.9755,139.995,239.994,139.989
14:13:28,2024-07-14,425.082034,33221.2,0.350557,2.03058,20.5731,0.437212,42.8170,41.5655,43.9752,140.015,240.015,140.004
14:13:29,2024-07-14,422.223723,33221.2,0.35121,2.03058,20.5731,0.428264,42.8172,41.5655,43.9748,140.005,240.015,140.001
14:13:30,2024-07-14,422.866249,33235.8,0.350118,2.03628,20.5197,0.428264,42.8171,41.5661,43.9748,139.999,240,140.001
14:13:31,2024-07-14,424.749408,33255.5,0.349981,2.02896,20.7972,0.403404,42.8170,41.5665,43.9745,140.001,239.996,140.008
14:13:32,2024-07-14,424.749408,33260.9,0.349981,2.03142,20.7631,0.367363,42.8170,41.5668,43.9741,140.001,240.012,140.018
14:13:33,2024-07-14,424.003582,33260.4,0.351721,2.031,20.4313,0.330746,42.8171,41.5668,43.9738,139.989,239.998,140.01
14:13:34,2024-07-14,425.813398,33250.3,0.351636,2.02995,20.3776,0.299235,42.8173,41.5666,43.9731,139.994,239.992,139.983
14:13:35,2024-07-14,432.400839,33210.0,0.349566,2.02435,20.0501,0.276364,42.8173,41.5669,43.973,139.999,239.988,140.019
14:13:36,2024-07-14,435.447156,33190.5,0.349684,2.02901,20.1085,0.259772,42.8175,41.5671,43.973,139.997,240,139.984
14:13:36,2024-07-14,437.486298,33114.5,0.349995,2.02453,20.7671,0.249285,42.8175,41.5670,43.9729,140.004,240.004,140.016
14:13:37,2024-07-14,436.092781,33088.4,0.351781,2.02777,20.2869,0.249285,42.8171,41.5670,43.9729,140,239.998,140.016
14:13:38,2024-07-14,436.958435,33085.7,0.350284,2.03056,20.2467,0.243063,42.8173,41.5670,43.9728,140.001,240.011,140.019
14:13:39,2024-07-14,436.254962,33076.9,0.350353,2.03244,20.5019,0.239289,42.8172,41.5670,43.9725,140,240,140.01
14:13:40,2024-07-14,434.170368,33076.9,0.350106,2.03244,20.5019,0.236951,42.8174,41.5670,43.9721,139.994,240,139.982
14:13:41,2024-07-14,431.318255,33143.3,0.352146,2.03383,20.6002,0.235954,42.8176,41.5668,43.972,139.994,239.987,139.994
14:13:42,2024-07-14,431.318255,33196.7,0.352146,2.03008,21.3587,0.234998,42.8176,41.5668,43.9719,139.994,240.001,140.003
14:13:43,2024-07-14,434.12285,33312.7,0.351466,2.02936,20.1989,0.23426,42.8172,41.5668,43.9722,140.001,239.998,140.011
14:13:44,2024-07-14,434.425519,33415.8,0.350806,2.02684,20.1099,0.233818,42.8174,41.5672,43.9723,139.993,240.017,140.012
14:13:45,2024-07-14,429.419601,33529.8,0.352025,2.02982,20.423,0.233646,42.8169,41.5670,43.9725,139.999,239.998,140.004
14:13:45,2024-07-14,426.810243,33633.7,0.35086,2.03267,19.6764,0.233748,42.8171,41.5669,43.9728,140.006,240.003,139.994
14:13:46,2024-07-14,425.124387,33676.5,0.351856,2.03754,20.4665,0.234345,42.8168,41.5668,43.9732,139.994,240.018,140.002
14:13:47,2024-07-14,424.277327,33696.8,0.351714,2.05126,20.3664,0.234345,42.8168,41.5665,43.9732,139.997,240.014,140.002
14:13:48,2024-07-14,425.554115,33654.5,0.350198,2.0503,19.0056,0.234358,42.8162,41.5665,43.9734,139.988,240.022,140.009
14:13:49,2024-07-14,424.791761,33654.5,0.352189,2.0503,19.0056,0.234584,42.8162,41.5665,43.9735,140,240.022,139.99
14:13:50,2024-07-14,426.366053,33636.1,0.350015,2.05992,20.3278,0.234263,42.8162,41.5666,43.9738,140.006,239.991,139.995
14:13:51,2024-07-14,425.122321,33618.1,0.351016,2.06583,20.347,0.234302,42.8160,41.5668,43.9741,139.999,239.999,140.001
14:13:52,2024-07-14,425.122321,33571.3,0.351016,2.06966,20.2957,0.233989,42.8160,41.5669,43.9743,139.999,240.007,140.015
14:13:53,2024-07-14,424.594458,33524.9,0.350154,2.07023,19.8926,0.234101,42.8159,41.5671,43.9746,139.985,239.999,140.019
14:13:54,2024-07-14,424.323812,33473.8,0.350456,2.07097,20.3751,0.233839,42.8160,41.5669,43.9746,140.002,239.996,139.985
14:13:55,2024-07-14,427.220344,33426.8,0.349375,2.07402,20.3108,0.234037,42.8162,41.5665,43.9746,139.993,240.016,139.996
14:13:55,2024-07-14,425.580973,33365.8,0.350839,2.07253,21.3355,0.233575,42.8162,41.5661,43.9744,140.001,239.996,140.016
14:13:56,2024-07-14,422.257812,33365.8,0.351754,2.07253,21.3355,0.233225,42.8162,41.5661,43.9743,139.989,239.996,140
14:13:57,2024-07-14,422.193766,33298.2,0.350919,2.07059,21.019,0.233225,42.8162,41.5662,43.9743,140.008,240.011,140
14:13:58,2024-07-14,420.289947,33246.3,0.351952,2.07425,19.5781,0.232893,42.8158,41.5664,43.9743,139.998,239.992,140.004
14:13:59,2024-07-14,421.905559,33196.9,0.351731,2.07291,20.1467,0.232866,42.8158,41.5666,43.9747,140.001,239.991,139.995
14:14:00,2024-07-14,424.872335,33135.2,0.352211,2.07843,19.7979,0.232463,42.8156,41.5666,43.9748,140.004,240.009,139.996
14:14:01,2024-07-14,425.975579,33118.0,0.351289,2.07641,20.5069,0.232531,42.8159,41.5665,43.9753,140.004,239.989,140.029
14:14:02,2024-07-14,425.975579,33076.6,0.351289,2.07639,20.6018,0.232902,42.8159,41.5662,43.9757,140.004,240.014,140.012
14:14:03,2024-07-14,427.717217,33044.1,0.349878,2.07732,20.1071,0.232937,42.8160,41.5663,43.9761,140.004,239.997,139.972
14:14:04,2024-07-14,430.295585,33031.2,0.351059,2.07944,20.4479,0.233229,42.8162,41.5661,43.9767,139.996,239.992,140.011
14:14:04,2024-07-14,432.905976,33037.2,0.349945,2.08455,20.8942,0.233908,42.8163,41.5663,43.9771,140.005,239.996,139.999
14:14:05,2024-07-14,432.373981,33047.9,0.349877,2.08497,19.8253,0.234316,42.8166,41.5664,43.9776,140.01,240.009,140.007
14:14:06,2024-07-14,429.524967,33110.1,0.351976,2.0842,20.6501,0.234316,42.8167,41.5665,43.9776,140.007,240,140.007
14:14:07,2024-07-14,429.801811,33110.1,0.350874,2.0842,20.6501,0.235407,42.8168,41.5665,43.9781,140.007,240,139.994
14:14:08,2024-07-14,430.71395,33150.0,0.350329,2.08565,20.7338,0.237227,42.8164,41.5668,43.9786,139.987,240.002,139.976
14:14:09,2024-07-14,429.445426,33210.3,0.350605,2.08251,20.1411,0.237912,42.8168,41.5670,43.9789,139.992,240.002,140.033
14:14:10,2024-07-14,429.354522,33286.0,0.349514,2.0781,20.7679,0.237764,42.8168,41.5666,43.9789,140.011,239.993,139.983
14:14:11,2024-07-14,429.354522,33401.2,0.349514,2.07614,20.6829,0.237172,42.8168,41.5665,43.9788,140.011,239.993,139.998
14:14:12,2024-07-14,431.04451,33460.1,0.35034,2.0796,21.1664,0.237761,42.8168,41.5669,43.979,140.015,240.013,139.979
14:14:13,2024-07-14,433.291285,33534.8,0.351103,2.08177,20.258,0.241494,42.8171,41.5673,43.9793,139.995,239.992,139.973
14:14:14,2024-07-14,433.354298,33562.3,0.351116,2.07834,21.429,0.24618,42.8173,41.5675,43.9791,140.008,239.998,139.99
14:14:14,2024-07-14,433.113609,33570.2,0.351053,2.09423,21.2911,0.249356,42.8177,41.5673,43.9789,140.004,240.002,140.009
14:14:15,2024-07-14,433.696221,33570.5,0.35248,2.10307,20.3803,0.249606,42.8181,41.5676,43.979,139.999,240.005,139.994
14:14:16,2024-07-14,434.606294,33602.7,0.351704,2.10893,20.1727,0.249606,42.8180,41.5672,43.979,139.997,239.989,139.994
14:14:17,2024-07-14,435.1042,33602.7,0.350823,2.10893,20.1727,0.246971,42.8181,41.5672,43.9792,139.995,239.989,140.013
14:14:18,2024-07-14,431.637452,33639.7,0.351381,2.11359,20.7823,0.243803,42.8183,41.5669,43.9793,140.009,239.994,139.997
14:14:19,2024-07-14,431.637452,33698.9,0.351381,2.10966,20.3868,0.241539,42.8183,41.5668,43.9794,140.009,239.998,139.983
14:14:20,2024-07-14,428.207892,33788.9,0.351994,2.10561,20.3214,0.238996,42.8181,41.5664,43.9796,139.997,240,140.002
14:14:21,2024-07-14,428.812197,33850.2,0.350741,2.10505,20.8261,0.237438,42.8183,41.5662,43.9793,139.994,239.996,140.001
14:14:22,2024-07-14,430.394753,33882.4,0.350053,2.09387,21.4616,0.236146,42.8181,41.5664,43.9793,140.002,240.016,139.991
14:14:23,2024-07-14,433.721013,33957.0,0.350299,2.09673,21.0988,0.23555,42.8181,41.5665,43.9783,140.004,240.006,140.024
14:14:24,2024-07-14,436.5504,33999.7,0.351395,2.09182,21.0372,0.234561,42.8177,41.5658,43.978,139.993,240.009,139.991
14:14:24,2024-07-14,437.261104,34053.7,0.349868,2.0887,20.8545,0.234491,42.8178,41.5655,43.9774,140.005,240.007,140.001
14:14:25,2024-07-14,435.139322,34131.1,0.352039,2.08725,20.9421,0.234491,42.8179,41.5651,43.9774,140.003,240.004,140.001
14:14:26,2024-07-14,431.218054,34131.1,0.352616,2.08725,20.9421,0.235801,42.8174,41.5651,43.9771,140.014,240.004,139.977
14:14:27,2024-07-14,429.917507,34184.6,0.350426,2.08864,21.4515,0.239205,42.8175,41.5644,43.9767,140,240.009,139.99
14:14:28,2024-07-14,429.917507,34219.5,0.350426,2.08516,21.3774,0.241337,42.8175,41.5639,43.9769,140,239.998,140.004
14:14:29,2024-07-14,427.870101,34199.1,0.351554,2.08593,20.3475,0.242032,42.8174,41.5640,43.9766,140.001,240.019,140.032
14:14:30,2024-07-14,425.309294,34184.8,0.351228,2.08227,20.6924,0.241204,42.8173,41.5643,43.9769,140.015,240.011,139.998
14:14:31,2024-07-14,422.147281,34123.9,0.350934,2.08239,20.4958,0.240042,42.8168,41.5643,43.9769,139.997,240,139.989
14:14:32,2024-07-14,424.543841,34051.3,0.350934,2.08332,20.8345,0.240297,42.8168,41.5650,43.9768,139.988,239.991,140.042
14:14:33,2024-07-14,424.683296,34010.6,0.349932,2.08797,20.6475,0.24373,42.8165,41.5647,43.9768,139.987,239.994,139.996
14:14:33,2024-07-14,422.170007,34002.7,0.3502,2.08799,20.8103,0.245329,42.8164,41.5648,43.9765,139.979,239.988,140.004
14:14:34,2024-07-14,419.06171,34014.8,0.349994,2.08631,20.2525,0.244631,42.8164,41.5646,43.9763,139.997,239.991,140.015
14:14:35,2024-07-14,416.611434,34080.3,0.351864,2.07805,21.4335,0.244631,42.8162,41.5646,43.9763,139.999,240.009,140.015
14:14:36,2024-07-14,415.548477,34080.3,0.351902,2.07805,21.4335,0.242123,42.8163,41.5646,43.9759,139.998,240.009,140.023
14:14:37,2024-07-14,415.548477,34190.6,0.351902,2.08023,20.4265,0.238865,42.8163,41.5642,43.9758,139.998,239.989,139.978
14:14:38,2024-07-14,421.969605,34294.2,0.351225,2.07863,20.8521,0.236415,42.8166,41.5640,43.9757,139.995,239.999,140
14:14:39,2024-07-14,455.828246,34404.8,0.353295,2.07593,20.7964,0.235643,42.8169,41.5638,43.9756,139.995,239.992,140.006
14:14:40,2024-07-14,486.513511,34512.5,0.352487,2.08612,22.795,0.23558,42.8170,41.5636,43.9757,139.999,240.002,140.04
14:14:41,2024-07-14,488.505135,34572.4,0.350836,2.09186,24.3218,0.238039,42.8170,41.5635,43.9759,139.997,239.997,139.993
14:14:42,2024-07-14,471.964739,34648.9,0.350047,2.09175,24.0877,0.240614,42.8170,41.5632,43.9758,140.007,240.003,139.987
14:14:43,2024-07-14,455.889193,34690.5,0.351336,2.09171,23.9568,0.24229,42.8168,41.5632,43.9757,139.999,240,140.004
14:14:43,2024-07-14,444.933195,34681.7,0.352665,2.08897,23.2998,0.244352,42.8170,41.5630,43.9758,140.004,240.002,139.984
14:14:44,2024-07-14,436.97393,34688.8,0.350409,2.08817,23.3252,0.244352,42.8168,41.5631,43.9758,139.997,239.985,139.984
14:14:45,2024-07-14,432.450423,34635.0,0.351262,2.08176,22.4411,0.247319,42.8168,41.5630,43.9759,140.003,240,140.008
14:14:46,2024-07-14,433.329506,34635.0,0.350069,2.08176,22.4411,0.250518,42.8167,41.5630,43.9757,139.998,240,140.01
14:14:47,2024-07-14,431.342014,34600.7,0.352285,2.07833,21.7647,0.25214,42.8168,41.5629,43.9758,140.008,239.989,139.975
14:14:48,2024-07-14,431.342014,34565.7,0.352285,2.08116,22.2193,0.252194,42.8168,41.5633,43.9762,140.008,240.008,140.012
14:14:49,2024-07-14,433.292318,34534.0,0.350794,2.08289,22.4002,0.251734,42.8170,41.5632,43.976,139.993,239.991,140.02
14:14:50,2024-07-14,434.90793,34524.5,0.352405,2.08066,21.9359,0.250056,42.8165,41.5637,43.9762,139.998,239.999,140.034
14:14:51,2024-07-14,437.183629,34519.0,0.352612,2.08144,22.171,0.248433,42.8163,41.5633,43.9761,140,239.994,139.956
14:14:52,2024-07-14,438.249685,34548.0,0.351403,2.07914,21.1792,0.247206,42.8159,41.5634,43.9758,139.997,239.991,139.99
14:14:52,2024-07-14,437.510057,34574.8,0.34987,2.08053,22.2175,0.246587,42.8160,41.5631,43.9755,140.001,240.004,140.005
14:14:53,2024-07-14,434.925491,34595.4,0.349741,2.07495,21.5833,0.246587,42.8156,41.5631,43.9755,139.992,240.01,140.005
14:14:54,2024-07-14,434.70133,34626.6,0.350857,2.07703,21.7806,0.246259,42.8158,41.5626,43.9754,139.989,239.994,140.026
14:14:55,2024-07-14,433.736508,34611.1,0.352984,2.07771,21.4795,0.24713,42.8156,41.5619,43.9753,139.994,240.013,139.961
14:14:56,2024-07-14,432.226262,34611.1,0.351084,2.07771,21.4795,0.249752,42.8158,41.5619,43.9758,139.994,240.013,140.048
14:14:57,2024-07-14,432.226262,34591.5,0.351084,2.07494,21.4327,0.249752,42.8158,41.5619,43.9758,139.994,240.008,140.048
14:14:58,2024-07-14,427.837045,34539.3,0.353316,2.07727,21.246,0.251376,42.8160,41.5619,43.9761,140.004,240.001,139.988
14:14:59,2024-07-14,425.070671,34527.4,0.35287,2.07449,20.9473,0.251069,42.8159,41.5623,43.9764,140.02,239.993,140.021
14:15:00,2024-07-14,421.680365,34493.1,0.352649,2.07669,21.33,0.250982,42.8159,41.5625,43.9762,139.992,240,139.98
14:15:01,2024-07-14,422.624527,34476.9,0.349482,2.07222,21.079,0.250468,42.8159,41.5625,43.9765,139.993,240.003,139.981
14:15:02,2024-07-14,419.792041,34464.4,0.350671,2.07264,21.966,0.250468,42.8161,41.5625,43.9765,140.012,240.019,139.981
14:15:02,2024-07-14,420.45626,34442.3,0.352564,2.07378,20.7473,0.250445,42.8161,41.5629,43.9767,140.007,239.991,140.003
14:15:03,2024-07-14,423.757728,34446.0,0.350957,2.072,19.9381,0.250558,42.8158,41.5626,43.9768,140.002,240.002,139.99
14:15:04,2024-07-14,425.004559,34447.0,0.350779,2.07713,21.0686,0.250619,42.8162,41.5623,43.977,140.004,240.006,139.99
14:15:05,2024-07-14,425.637788,34447.0,0.351979,2.07713,21.0686,0.250531,42.8157,41.5623,43.9768,139.995,240.006,139.975
14:15:06,2024-07-14,425.637788,34478.9,0.351979,2.07207,20.3909,0.2505,42.8157,41.5618,43.9771,139.995,239.996,140.026
14:15:07,2024-07-14,428.667577,34489.9,0.351377,2.07505,21.1083,0.25153,42.8158,41.5612,43.9768,139.997,240.003,139.989
14:15:08,2024-07-14,434.303625,34507.1,0.351044,2.07144,20.8086,0.251562,42.8156,41.5614,43.9769,140.003,239.995,139.983
14:15:09,2024-07-14,435.586611,34512.6,0.350936,2.06789,20.3908,0.251518,42.8153,41.5616,43.9768,140.008,239.999,140.002
14:15:10,2024-07-14,443.43018,34536.4,0.349411,2.07512,20.239,0.251518,42.8153,41.5618,43.9768,139.993,239.984,140.002
14:15:11,2024-07-14,446.274029,34548.2,0.34971,2.07423,20.3218,0.252275,42.8153,41.5623,43.9767,140.004,240.003,139.971
14:15:11,2024-07-14,449.780031,34554.5,0.350396,2.07493,21.4619,0.252898,42.8152,41.5624,43.9767,139.997,240.002,139.965
14:15:12,2024-07-14,450.047578,34574.9,0.350079,2.07174,21.0994,0.252898,42.8150,41.5621,43.9767,140.002,240.005,139.965
14:15:13,2024-07-14,448.146858,34602.2,0.350969,2.07668,20.3965,0.253428,42.8146,41.5621,43.9764,139.996,239.999,140.024
14:15:14,2024-07-14,448.173716,34602.2,0.352638,2.07668,20.3965,0.253632,42.8146,41.5621,43.9759,140,239.999,140.004
14:15:15,2024-07-14,448.997017,34602.1,0.353115,2.07289,20.6015,0.253765,42.8143,41.5619,43.9761,140.011,239.999,139.962
14:15:16,2024-07-14,449.78313,34622.4,0.349725,2.07541,20.7991,0.253823,42.8141,41.5612,43.9762,140.002,240.002,139.987
14:15:17,2024-07-14,449.78313,34633.4,0.349725,2.07465,20.325,0.260075,42.8141,41.5603,43.9761,140.002,239.997,140.064
14:15:18,2024-07-14,444.80407,34641.0,0.352677,2.07024,20.8026,0.260075,42.8140,41.5594,43.9761,139.999,240.007,140.064
14:15:19,2024-07-14,440.044006,34640.0,0.351652,2.07354,20.7187,0.265374,42.8139,41.5587,43.976,140,239.997,139.994
14:15:20,2024-07-14,440.605958,34633.9,0.349769,2.07544,20.5832,0.273223,42.8142,41.5588,43.9762,139.998,240.007,140.001
14:15:21,2024-07-14,440.619387,34637.2,0.351163,2.07511,20.2472,0.278747,42.8142,41.5586,43.9761,140.003,239.996,140.018
14:15:21,2024-07-14,441.123491,34627.5,0.35201,2.07647,20.902,0.281431,42.8143,41.5588,43.9766,140.011,239.999,140.003
14:15:22,2024-07-14,443.055201,34637.2,0.34867,2.07254,20.9622,0.282615,42.8143,41.5589,43.9763,140.003,240.006,140.012
14:15:23,2024-07-14,434.903798,34637.2,0.352448,2.07254,20.9622,0.282497,42.8147,41.5589,43.9766,140.004,240.006,139.971
14:15:24,2024-07-14,430.894725,34631.1,0.349796,2.08183,21.111,0.281582,42.8149,41.5595,43.9766,139.985,240,140.023
14:15:25,2024-07-14,430.894725,34627.7,0.349796,2.07242,21.1788,0.280179,42.8149,41.5593,43.9766,139.985,239.995,140.01
14:15:26,2024-07-14,426.890817,34624.7,0.350584,2.07624,20.5303,0.279813,42.8150,41.5600,43.9765,139.989,240.006,139.995
14:15:27,2024-07-14,421.797094,34613.0,0.35229,2.07618,20.3897,0.279813,42.8148,41.5603,43.9765,139.997,240.006,139.995
14:15:28,2024-07-14,419.949057,34608.2,0.349398,2.07967,20.3803,0.288036,42.8149,41.5603,43.9767,139.995,239.987,140.034
14:15:29,2024-07-14,415.947215,34608.0,0.351361,2.08091,20.4098,0.363109,42.8153,41.5606,43.9764,139.997,240.007,140.016
14:15:30,2024-07-14,414.856367,34627.7,0.352276,2.08252,20.3922,0.483987,42.8154,41.5607,43.9766,139.998,240.007,140.022
14:15:30,2024-07-14,416.701305,34587.3,0.351916,2.08027,20.1235,0.585573,42.8153,41.5607,43.9767,140.009,240.005,139.969
14:15:31,2024-07-14,421.343607,34566.8,0.348777,2.08002,21.2518,0.675922,42.8155,41.5609,43.9767,140.008,239.988,139.983
14:15:32,2024-07-14,424.081057,34559.1,0.352668,2.08108,20.5189,0.819884,42.8155,41.5607,43.9767,139.998,240.006,140
14:15:33,2024-07-14,430.15613,34558.1,0.35072,2.08502,20.8716,1.03667,42.8156,41.5608,43.9771,140.009,240.004,139.978
14:15:34,2024-07-14,433.471027,34558.1,0.351646,2.08502,20.8716,1.20841,42.8155,41.5608,43.9771,139.993,240.004,140.001
14:15:35,2024-07-14,437.385064,34520.5,0.351658,2.08737,21.0406,1.28753,42.8156,41.5607,43.9776,140.005,240.003,140.017
14:15:36,2024-07-14,437.385064,34507.6,0.351658,2.08847,20.3381,1.28753,42.8156,41.5611,43.9776,140.005,239.985,140.017
14:15:37,2024-07-14,439.755799,34449.6,0.349137,2.09251,21.0691,1.32525,42.8154,41.5607,43.978,140.003,240.017,140.014
14:15:38,2024-07-14,438.274477,34426.0,0.35064,2.08845,20.7892,1.33427,42.8154,41.5605,43.9782,139.996,239.988,139.986
14:15:39,2024-07-14,434.635218,34379.4,0.349054,2.08564,21.4568,1.26453,42.8155,41.5605,43.9784,140.007,239.997,139.988
14:15:40,2024-07-14,428.811164,34305.5,0.352763,2.08855,21.1352,1.15825,42.8156,41.5607,43.9784,140.004,240,139.99
14:15:40,2024-07-14,423.909579,34268.5,0.352244,2.09234,21.1976,1.08187,42.8155,41.5606,43.9781,139.997,239.998,139.977
14:15:41,2024-07-14,424.579996,34207.1,0.350217,2.0915,21.1968,1.02298,42.8155,41.5608,43.9779,139.997,240.008,140.019
14:15:42,2024-07-14,422.497468,34161.6,0.349495,2.09218,20.8855,0.991195,42.8155,41.5604,43.9781,140.007,240.001,140.02
14:15:43,2024-07-14,426.608808,34125.8,0.349858,2.09306,20.7408,0.95423,42.8153,41.5602,43.9779,139.998,239.99,140.01
14:15:44,2024-07-14,460.127592,34125.8,0.349289,2.09306,20.7408,0.900563,42.8150,41.5602,43.9781,140.007,239.99,139.991
14:15:45,2024-07-14,488.135321,34091.8,0.349374,2.0911,20.6262,0.870117,42.8155,41.5596,43.9779,140.003,240,139.985
14:15:46,2024-07-14,488.135321,34072.4,0.349374,2.09434,21.4368,0.870117,42.8155,41.5594,43.9779,140.003,240.002,139.985
14:15:47,2024-07-14,480.490088,34045.4,0.351681,2.09013,20.9769,0.863423,42.8152,41.5594,43.978,139.997,239.991,139.999
14:15:48,2024-07-14,464.508545,34059.8,0.352348,2.09019,20.5792,0.88125,42.8149,41.5594,43.978,140,240,140
14:15:49,2024-07-14,453.590768,34034.4,0.349695,2.09516,20.9323,0.891472,42.8150,41.5592,43.9778,139.996,240.012,140.02
14:15:50,2024-07-14,440.595628,34036.9,0.35029,2.09736,20.7678,0.891044,42.8149,41.5593,43.9783,140.003,239.987,140.017
14:15:50,2024-07-14,436.372724,34016.2,0.348594,2.09712,20.0114,0.882128,42.8148,41.5592,43.9785,140.004,240.004,140.02
14:15:51,2024-07-14,436.247731,34039.8,0.35198,2.09634,21.1447,0.871378,42.8150,41.5595,43.9786,139.996,239.988,139.976
14:15:52,2024-07-14,435.430628,34025.0,0.3526,2.09226,21.0621,0.86597,42.8148,41.5593,43.9792,140,240,140.02
14:15:53,2024-07-14,436.853069,34025.0,0.351159,2.09226,21.0621,0.867034,42.8150,41.5593,43.9792,140.009,240,139.984
14:15:54,2024-07-14,435.932666,33995.7,0.350418,2.09443,21.1546,0.858548,42.8151,41.5585,43.9793,139.996,240.01,139.98
14:15:55,2024-07-14,434.137312,33989.7,0.349589,2.09474,20.646,0.858548,42.8156,41.5574,43.9793,139.989,240,139.98
14:15:56,2024-07-14,434.137312,33988.3,0.349589,2.09338,21.153,0.831059,42.8156,41.5567,43.979,139.989,239.998,139.971
14:15:57,2024-07-14,430.490822,33962.7,0.353488,2.09517,20.6334,0.79131,42.8155,41.5563,43.9789,140.004,240,140.007
14:15:58,2024-07-14,427.13977,33953.9,0.352174,2.09536,20.0641,0.743625,42.8156,41.5558,43.9789,139.995,240.01,140.004
14:15:59,2024-07-14,425.806167,33935.6,0.349347,2.09422,20.4792,0.682141,42.8155,41.5556,43.9786,140.014,240.007,140.011
14:16:00,2024-07-14,424.323812,33919.8,0.349638,2.09033,20.8569,0.634471,42.8155,41.5555,43.9788,140.009,239.993,140.026
14:16:00,2024-07-14,418.19399,33929.8,0.35199,2.09009,20.9,0.609367,42.8156,41.5556,43.9789,140,239.995,139.993
14:16:01,2024-07-14,417.751866,33910.4,0.350639,2.09122,20.4472,0.592146,42.8157,41.5557,43.9789,139.985,240.001,139.99
14:16:02,2024-07-14,420.015169,33904.4,0.350617,2.09267,20.1875,0.5626,42.8156,41.5559,43.9789,139.995,240.004,140.001
14:16:03,2024-07-14,419.920133,33904.4,0.349435,2.09267,20.1875,0.532696,42.8157,41.5559,43.9789,140.003,240.004,139.988
14:16:04,2024-07-14,419.920133,33882.9,0.349435,2.09145,20.4595,0.5052,42.8157,41.5558,43.9791,140.003,240.004,140.015
14:16:05,2024-07-14,416.794275,33884.4,0.352124,2.09,21.0244,0.5052,42.8157,41.5561,43.9791,140.009,240.002,140.015
14:16:06,2024-07-14,417.117604,33850.2,0.352305,2.09251,21.0033,0.466809,42.8155,41.5566,43.979,139.995,240.004,140.016
14:16:07,2024-07-14,418.242541,33800.0,0.349851,2.0921,20.7496,0.420697,42.8153,41.5570,43.9788,140.009,239.999,140.002
14:16:08,2024-07-14,417.056657,33765.0,0.349173,2.09605,20.9879,0.376849,42.8150,41.5574,43.9789,139.996,240,139.986
14:16:09,2024-07-14,415.529883,33704.1,0.350308,2.10051,20.1669,0.342456,42.8149,41.5574,43.9788,139.99,240.012,140.01
14:16:09,2024-07-14,418.519385,33653.0,0.349124,2.10932,20.5253,0.31948,42.8147,41.5567,43.9789,140.003,240.001,140.02
14:16:10,2024-07-14,416.90274,33600.8,0.351744,2.10647,20.6495,0.303236,42.8147,41.5565,43.9791,139.998,239.988,139.984
14:16:11,2024-07-14,415.062967,33571.0,0.350991,2.10418,20.9474,0.296099,42.8143,41.5565,43.9791,139.995,239.997,139.985
14:16:12,2024-07-14,416.672381,33547.6,0.349491,2.10935,20.5124,0.306813,42.8140,41.5563,43.9791,140.008,240.011,140.003
14:16:13,2024-07-14,421.769203,33547.6,0.349118,2.10935,20.5124,0.334408,42.8136,41.5563,43.9791,140.008,240.011,140
14:16:14,2024-07-14,421.103951,33522.6,0.351947,2.11005,19.9692,0.334408,42.8134,41.5566,43.9791,140,240.007,140
14:16:15,2024-07-14,421.103951,33547.8,0.351947,2.11021,19.5353,0.371527,42.8134,41.5560,43.9792,140,239.991,140.012
14:16:16,2024-07-14,427.365997,33556.3,0.34863,2.10503,21.3169,0.400847,42.8135,41.5557,43.9794,139.996,240.008,139.988
14:16:17,2024-07-14,429.011566,33588.0,0.35164,2.10603,21.2024,0.411941,42.8131,41.5556,43.9792,139.997,239.996,140.005
14:16:18,2024-07-14,429.969157,33598.4,0.351224,2.1046,20.766,0.408899,42.8131,41.5553,43.9792,139.992,240.013,139.996
14:16:18,2024-07-14,429.385512,33616.1,0.34943,2.10781,21.0316,0.400944,42.8132,41.5552,43.9791,140.002,240.001,140.016
14:16:19,2024-07-14,425.13575,33628.4,0.352755,2.10594,21.0057,0.392116,42.8132,41.5549,43.979,140.005,239.996,139.99
14:16:20,2024-07-14,430.014609,33642.1,0.351001,2.10379,20.2357,0.391043,42.8133,41.5552,43.9789,139.998,239.994,139.979
14:16:21,2024-07-14,437.429483,33642.1,0.349687,2.10379,20.2357,0.400241,42.8132,41.5552,43.9784,140.002,239.994,139.989
14:16:22,2024-07-14,442.898185,33629.7,0.353031,2.10571,20.7067,0.411939,42.8136,41.5550,43.9782,140.002,240.003,139.988
14:16:23,2024-07-14,452.858371,33679.4,0.352795,2.10307,20.9607,0.419748,42.8137,41.5550,43.978,139.996,239.999,140.045
14:16:24,2024-07-14,452.858371,33715.5,0.352795,2.10407,21.2187,0.419748,42.8137,41.5551,43.978,139.996,240.002,140.045
14:16:25,2024-07-14,463.813336,33752.7,0.352901,2.10175,21.0617,0.420141,42.8140,41.5551,43.9777,140.006,239.991,140.016
14:16:26,2024-07-14,470.638367,33786.8,0.348686,2.09973,21.5583,0.413212,42.8143,41.5550,43.9776,139.992,240.011,140.005
14:16:27,2024-07-14,468.516585,33853.4,0.352582,2.09486,20.6417,0.399837,42.8143,41.5547,43.9776,140,239.996,139.979
14:16:28,2024-07-14,476.077112,33913.9,0.351383,2.09744,20.8153,0.386252,42.8147,41.5548,43.9778,140.003,240.012,140.014
14:16:28,2024-07-14,479.847562,33998.3,0.352974,2.10248,21.198,0.378709,42.8145,41.5547,43.9781,139.992,239.998,139.997
14:16:29,2024-07-14,505.062059,34061.1,0.351553,2.09673,21.2324,0.374003,42.8145,41.5544,43.9781,140,239.997,140.012
14:16:30,2024-07-14,534.945716,34115.0,0.349249,2.09811,21.0706,0.369342,42.8146,41.5544,43.9778,140.006,240.012,139.975
14:16:31,2024-07-14,541.987677,34115.0,0.351308,2.09811,21.0706,0.368054,42.8145,41.5544,43.9777,139.997,240.012,139.995
14:16:32,2024-07-14,536.537569,34159.5,0.35205,2.09328,21.7378,0.369409,42.8146,41.5543,43.9776,140.01,240,140.005
14:16:33,2024-07-14,536.537569,34159.8,0.35205,2.09252,21.7036,0.356713,42.8146,41.5540,43.9775,140.01,239.995,140.023
14:16:34,2024-07-14,521.743976,34185.3,0.352611,2.08996,20.9319,0.356713,42.8146,41.5535,43.9775,139.998,239.983,140.023
14:16:35,2024-07-14,508.577358,34199.6,0.353168,2.08222,21.1277,0.334154,42.8146,41.5536,43.9775,139.997,239.997,139.983
14:16:36,2024-07-14,502.387622,34257.8,0.352429,2.09029,21.6724,0.311699,42.8152,41.5539,43.9779,139.995,240.007,140.012
14:16:37,2024-07-14,494.948989,34343.5,0.352112,2.08732,20.98,0.295079,42.8150,41.5545,43.9781,139.999,240.007,140
14:16:38,2024-07-14,497.684373,34477.3,0.349773,2.08596,21.806,0.291386,42.8153,41.5550,43.9786,140.003,239.982,139.973
14:16:38,2024-07-14,500.843287,34564.8,0.349556,2.07838,21.9563,0.297054,42.8151,41.5553,43.979,139.998,240.008,139.972
14:16:39,2024-07-14,496.243338,34564.8,0.352463,2.07838,21.9563,0.302212,42.8150,41.5553,43.979,140.001,240.008,140.002
14:16:40,2024-07-14,492.721841,34606.4,0.352596,2.07666,21.9782,0.303051,42.8150,41.5558,43.9793,139.999,239.999,140.032
14:16:41,2024-07-14,490.791164,34652.8,0.350048,2.08429,21.4972,0.300512,42.8147,41.5557,43.979,140.003,240.012,140.004
14:16:42,2024-07-14,489.896586,34689.0,0.350459,2.08071,21.3377,0.296866,42.8148,41.5561,43.9792,139.992,239.995,139.996
14:16:43,2024-07-14,489.896586,34712.2,0.350459,2.07671,21.1638,0.295876,42.8148,41.5559,43.9794,139.992,240.005,139.974
14:16:44,2024-07-14,495.181414,34730.7,0.350623,2.07816,21.0985,0.295876,42.8143,41.5559,43.9794,140.009,239.987,139.974
14:16:45,2024-07-14,508.627975,34740.2,0.35109,2.07281,20.9861,0.299364,42.8144,41.5560,43.9795,140.006,240.003,139.99
14:16:46,2024-07-14,540.20162,34760.9,0.349019,2.07642,21.4054,0.31234,42.8143,41.5559,43.9796,140.002,240.005,139.99
14:16:47,2024-07-14,567.473853,34793.8,0.349117,2.08468,20.7178,0.337476,42.8139,41.5561,43.9798,140.011,239.996,140.019
14:16:47,2024-07-14,590.049035,34820.5,0.349116,2.08943,21.528,0.367653,42.8139,41.5562,43.9797,139.988,240.017,139.999
14:16:48,2024-07-14,618.111513,34866.8,0.35031,2.09471,21.9875,0.397964,42.8139,41.5568,43.9798,140.003,240,140.004
14:16:49,2024-07-14,653.536182,34866.8,0.35177,2.09471,21.9875,0.41376,42.8138,41.5568,43.9799,140.004,240,140.01
14:16:50,2024-07-14,682.119292,34909.8,0.349657,2.09929,21.1988,0.427493,42.8137,41.5564,43.9796,139.99,239.997,140.001
14:16:51,2024-07-14,687.916488,34964.5,0.349102,2.09998,21.2247,0.447546,42.8137,41.5560,43.9796,140.008,239.992,140.016
14:16:52,2024-07-14,684.97657,35018.3,0.348328,2.10613,20.9486,0.447546,42.8137,41.5560,43.9796,139.995,240.009,140.016
14:16:53,2024-07-14,684.97657,35072.0,0.348328,2.10866,21.6989,0.463716,42.8137,41.5561,43.9793,139.995,239.996,140
14:16:54,2024-07-14,675.566973,35105.8,0.350321,2.10723,22.1798,0.482239,42.8138,41.5561,43.9791,139.992,240.002,140
14:16:55,2024-07-14,684.591261,35143.7,0.35153,2.10823,21.2531,0.508647,42.8143,41.5563,43.9789,140.007,240.005,139.973
14:16:56,2024-07-14,705.422739,35146.9,0.348997,2.10951,21.656,0.530191,42.8146,41.5566,43.9789,139.998,239.993,140.003
14:16:57,2024-07-14,721.001412,35175.8,0.351524,2.11523,21.3917,0.546241,42.8148,41.5561,43.9791,140.008,239.992,139.999
14:16:57,2024-07-14,706.0601,35203.7,0.35173,2.11892,21.7735,0.553557,42.8152,41.5559,43.9792,140,240.006,139.963
14:16:58,2024-07-14,651.751158,35203.7,0.351468,2.11892,21.7735,0.533867,42.8151,41.5559,43.979,140.002,240.006,140.01
14:16:59,2024-07-14,588.909636,35187.3,0.350189,2.11945,21.9967,0.487887,42.8150,41.5558,43.9786,140,240.001,140.022
14:17:00,2024-07-14,588.909636,35152.3,0.350189,2.11304,21.8611,0.447837,42.8150,41.5557,43.9784,140,240.005,139.983
14:17:01,2024-07-14,533.058425,35086.0,0.348546,2.10858,21.7036,0.447837,42.8149,41.5553,43.9784,140.005,240.01,139.983
14:17:02,2024-07-14,499.142969,34987.0,0.34857,2.10424,22.154,0.422582,42.8150,41.5550,43.978,139.99,239.994,140.033
14:17:03,2024-07-14,472.971914,34902.9,0.352238,2.10226,21.1234,0.407836,42.8151,41.5548,43.978,140,239.996,140.029
14:17:04,2024-07-14,457.968622,34773.7,0.352525,2.09654,21.2577,0.39022,42.8150,41.5545,43.9778,140.003,240.012,140.009
14:17:05,2024-07-14,448.892684,34650.1,0.352621,2.09868,20.9525,0.370013,42.8151,41.5540,43.9773,139.993,239.992,139.986
14:17:06,2024-07-14,442.074884,34530.9,0.350422,2.09728,21.6367,0.349588,42.8152,41.5530,43.9772,140.011,240.006,139.985
14:17:06,2024-07-14,441.854855,34420.6,0.352146,2.09644,20.5492,0.340559,42.8151,41.5528,43.9771,140.002,240.004,140.001
14:17:07,2024-07-14,448.730503,34340.7,0.349152,2.08868,20.6844,0.343297,42.8150,41.5521,43.9772,139.996,239.991,140.061
14:17:08,2024-07-14,445.225534,34340.7,0.351659,2.08868,20.6844,0.35258,42.8152,41.5521,43.9772,139.995,239.991,139.978
14:17:09,2024-07-14,446.404187,34293.0,0.349161,2.0903,21.4345,0.355016,42.8152,41.5520,43.9774,139.999,239.991,140.003
14:17:10,2024-07-14,446.028175,34255.9,0.349197,2.10135,20.5292,0.355016,42.8150,41.5516,43.9774,140,240.013,140.003
14:17:11,2024-07-14,446.028175,34226.5,0.349197,2.09917,21.7677,0.35079,42.8150,41.5516,43.9776,140,240.01,139.994
14:17:12,2024-07-14,444.830928,34200.1,0.348915,2.10334,20.8633,0.344634,42.8150,41.5514,43.9777,139.993,239.989,139.99
14:17:13,2024-07-14,444.57681,34167.6,0.350509,2.09865,21.5853,0.339203,42.8150,41.5510,43.978,140.003,239.998,140.03
14:17:14,2024-07-14,442.072818,34167.8,0.349766,2.10359,20.9318,0.337589,42.8153,41.5508,43.9777,140.009,240.005,139.971
14:17:15,2024-07-14,436.47809,34159.1,0.352395,2.10365,21.2999,0.337115,42.8152,41.5507,43.9777,139.989,240.004,140.025
14:17:16,2024-07-14,437.271434,34155.9,0.349569,2.11105,20.8949,0.335128,42.8154,41.5509,43.9776,139.999,239.993,140.004
14:17:16,2024-07-14,435.470915,34142.1,0.349523,2.11012,21.3366,0.34179,42.8153,41.5504,43.9777,140.001,239.996,139.98
14:17:17,2024-07-14,432.193206,34142.1,0.34864,2.11012,21.3366,0.338014,42.8154,41.5504,43.9774,139.989,239.996,139.99
14:17:18,2024-07-14,430.220176,34123.3,0.349234,2.11515,21.0556,0.322468,42.8153,41.5505,43.9771,140.006,239.99,140
14:17:19,2024-07-14,430.220176,34079.8,0.349234,2.10492,21.2,0.30469,42.8153,41.5512,43.9767,140.006,239.994,140
14:17:20,2024-07-14,432.775818,34063.0,0.351707,2.09707,21.3187,0.30469,42.8153,41.5517,43.9767,140.011,239.998,140
14:17:21,2024-07-14,445.10364,33999.5,0.352011,2.10072,21.0406,0.288952,42.8156,41.5517,43.9767,139.998,240.009,140.009
14:17:22,2024-07-14,466.044616,33993.2,0.35197,2.11219,21.5757,0.279462,42.8155,41.5520,43.9763,140.008,240.008,140.002
14:17:23,2024-07-14,496.256767,33974.6,0.348258,2.11236,21.3722,0.275964,42.8153,41.5521,43.976,139.998,240.005,140.008
14:17:24,2024-07-14,508.20961,34015.5,0.348187,2.11468,21.4859,0.275735,42.8157,41.5523,43.9758,140.002,239.99,139.984
14:17:25,2024-07-14,517.210139,34051.1,0.350997,2.11673,20.6309,0.275445,42.8155,41.5525,43.9755,139.991,240.002,139.988
14:17:26,2024-07-14,541.331722,34087.0,0.351899,2.12116,21.053,0.27435,42.8155,41.5525,43.9759,139.998,240.018,140.019
14:17:26,2024-07-14,559.693297,34087.0,0.349402,2.12116,21.053,0.278781,42.8155,41.5525,43.9767,140.02,240.018,139.982
14:17:27,2024-07-14,560.483542,34141.9,0.347639,2.12171,20.9803,0.286902,42.8157,41.5522,43.9772,139.994,239.989,140.006
14:17:28,2024-07-14,564.086646,34198.6,0.34771,2.1276,21.8303,0.28762,42.8156,41.5525,43.9777,140.009,240.004,139.988
14:17:29,2024-07-14,564.086646,34223.3,0.34771,2.13279,21.2462,0.28762,42.8156,41.5526,43.9777,140.009,240.008,139.988
14:17:30,2024-07-14,555.488987,34228.9,0.347949,2.13159,20.6735,0.281344,42.8154,41.5529,43.9781,139.995,240,140.002
14:17:31,2024-07-14,533.665829,34277.8,0.347607,2.13326,21.3051,0.273505,42.8150,41.5525,43.9789,140.007,239.995,139.986
14:17:32,2024-07-14,511.051393,34287.4,0.348812,2.13994,21.5998,0.264993,42.8151,41.5519,43.9793,139.994,240.002,140.011
14:17:33,2024-07-14,497.66268,34310.6,0.350269,2.1386,21.8484,0.258842,42.8150,41.5516,43.9796,139.998,239.994,140.021
14:17:34,2024-07-14,499.713185,34313.4,0.348163,2.13403,21.4158,0.254642,42.8150,41.5511,43.9797,139.997,240.002,139.994
14:17:35,2024-07-14,503.941254,34337.9,0.350059,2.13089,20.6729,0.25232,42.8149,41.5508,43.9795,140.015,239.996,140.027
14:17:35,2024-07-14,500.769944,34337.9,0.348404,2.13089,20.6729,0.251176,42.8150,41.5508,43.9793,139.999,239.996,139.99
14:17:36,2024-07-14,486.605448,34381.2,0.351756,2.13789,20.6134,0.250579,42.8147,41.5504,43.9789,140.004,240.011,139.994
14:17:37,2024-07-14,480.475626,34408.3,0.349385,2.13279,20.9261,0.250009,42.8146,41.5503,43.9791,139.992,239.983,139.981
14:17:38,2024-07-14,480.475626,34430.9,0.349385,2.12525,21.0607,0.249196,42.8146,41.5505,43.9791,139.992,239.991,140.054
14:17:39,2024-07-14,479.277346,34477.7,0.352828,2.12861,21.4671,0.251337,42.8146,41.5505,43.9785,139.987,240.004,139.995
14:17:40,2024-07-14,492.619574,34532.6,0.348885,2.12905,21.1615,0.251337,42.8147,41.5502,43.9785,139.994,240.005,139.995
14:17:41,2024-07-14,494.177338,34562.5,0.351015,2.1242,21.0623,0.262164,42.8146,41.5495,43.9786,139.998,239.999,139.976
14:17:42,2024-07-14,496.16483,34602.8,0.352827,2.11843,20.9645,0.272831,42.8145,41.5490,43.9784,139.999,239.999,140.013
14:17:43,2024-07-14,495.558459,34653.9,0.353064,2.12324,21.6157,0.283005,42.8142,41.5486,43.9782,139.994,240.004,140.009
14:17:44,2024-07-14,494.528558,34703.4,0.349333,2.11496,21.8828,0.29503,42.8140,41.5485,43.9784,140.006,239.996,139.996
14:17:45,2024-07-14,499.692525,34703.4,0.349411,2.11496,21.8828,0.301549,42.8135,41.5485,43.9785,139.998,239.996,139.976
14:17:45,2024-07-14,505.77173,34752.9,0.349244,2.1138,21.8621,0.307548,42.8135,41.5483,43.9787,139.994,240.002,139.974
14:17:46,2024-07-14,508.521576,34809.3,0.352406,2.10715,21.1845,0.31905,42.8136,41.5480,43.9788,139.998,239.994,140.05
14:17:47,2024-07-14,512.923189,34827.0,0.353071,2.11582,21.3624,0.333774,42.8135,41.5485,43.9787,139.998,240.002,139.985
14:17:48,2024-07-14,512.923189,34868.3,0.353071,2.11232,21.2055,0.333774,42.8135,41.5491,43.9787,139.998,240.015,139.985
14:17:49,2024-07-14,516.616164,34906.2,0.353061,2.10934,21.2495,0.348287,42.8133,41.5499,43.9791,140.013,240.003,140.006
14:17:50,2024-07-14,526.649693,34923.9,0.349635,2.10736,21.249,0.357796,42.8130,41.5502,43.9792,140.003,239.992,140.034
14:17:51,2024-07-14,524.588858,34942.2,0.353216,2.10731,22.346,0.371869,42.8124,41.5499,43.9791,139.996,240.009,139.962
14:17:52,2024-07-14,527.44407,34951.2,0.352521,2.10667,22.0889,0.395405,42.8124,41.5496,43.9794,139.996,240.001,140.005
14:17:53,2024-07-14,534.663707,34951.2,0.351739,2.10667,22.0889,0.415448,42.8121,41.5496,43.9799,140.002,240.001,139.98
14:17:54,2024-07-14,533.304279,34969.9,0.353122,2.10597,22.1324,0.429478,42.8121,41.5491,43.9803,140,239.999,140.012
14:17:54,2024-07-14,529.727,34975.7,0.35172,2.10281,21.9122,0.435187,42.8123,41.5489,43.9805,140.003,239.997,139.981
14:17:55,2024-07-14,530.797188,35004.4,0.349027,2.09865,21.8478,0.443895,42.8125,41.5484,43.9809,139.996,239.997,140.033
14:17:56,2024-07-14,530.797188,35049.1,0.349027,2.10548,22.2816,0.467151,42.8125,41.5485,43.9812,139.996,239.99,140.012
14:17:57,2024-07-14,526.707541,35066.1,0.349419,2.09401,22.9496,0.475121,42.8130,41.5482,43.9812,140.007,239.991,139.985
14:17:58,2024-07-14,521.26673,35117.8,0.35303,2.10441,22.4268,0.475121,42.8130,41.5480,43.9812,139.993,240.009,139.985
14:17:59,2024-07-14,515.670969,35140.8,0.351115,2.09714,22.4635,0.464752,42.8136,41.5477,43.9813,139.995,240.01,140.003
14:18:00,2024-07-14,510.326227,35189.3,0.348916,2.09291,22.8733,0.446591,42.8139,41.5480,43.981,140,239.994,139.98
14:18:01,2024-07-14,501.423833,35250.6,0.349005,2.09487,22.0579,0.423628,42.8139,41.5481,43.9806,140.003,240.001,140.016
14:18:02,2024-07-14,493.01418,35303.9,0.34971,2.088,22.2634,0.398593,42.8139,41.5480,43.9808,139.994,239.982,139.99
14:18:03,2024-07-14,484.806995,35303.9,0.349715,2.088,22.2634,0.373985,42.8143,41.5480,43.9805,140.008,239.982,140.001
14:18:04,2024-07-14,474.348903,35342.3,0.351578,2.08488,22.4038,0.353467,42.8142,41.5479,43.9807,139.999,239.993,139.982
14:18:04,2024-07-14,469.744822,35378.5,0.352484,2.08618,22.2864,0.337598,42.8143,41.5480,43.9802,140.003,240.015,140.016
14:18:05,2024-07-14,471.058798,35414.6,0.350261,2.07957,21.3107,0.326906,42.8145,41.5483,43.9799,139.99,239.99,140.021
14:18:06,2024-07-14,467.755264,35435.1,0.349596,2.07944,22.3487,0.320712,42.8143,41.5495,43.9798,140.003,240.016,139.976
14:18:07,2024-07-14,467.755264,35484.6,0.349596,2.08189,21.3767,0.317815,42.8143,41.5498,43.9801,140.003,240.002,139.999
14:18:08,2024-07-14,476.406639,35499.4,0.352454,2.08135,21.7533,0.317815,42.8144,41.5502,43.9801,139.999,239.996,139.999
14:18:09,2024-07-14,480.679127,35547.1,0.352176,2.08601,21.8203,0.323198,42.8147,41.5503,43.98,140.008,240.004,139.979
14:18:10,2024-07-14,484.630352,35547.1,0.348639,2.08601,21.8203,0.341772,42.8144,41.5503,43.9799,140.003,240.004,140.003
14:18:11,2024-07-14,482.854625,35547.7,0.352407,2.07921,22.0694,0.354897,42.8143,41.5502,43.9801,139.999,240.003,139.991
14:18:12,2024-07-14,490.681666,35591.5,0.35119,2.08067,22.2171,0.356508,42.8141,41.5499,43.9802,139.993,239.981,139.989
14:18:13,2024-07-14,498.068649,35626.4,0.348872,2.08431,21.9057,0.356309,42.8140,41.5503,43.9803,140.006,240.009,140.002
14:18:13,2024-07-14,500.54475,35615.7,0.352012,2.07889,21.2517,0.356996,42.8138,41.5504,43.9801,139.999,240.011,140.026
14:18:14,2024-07-14,499.937346,35668.9,0.348594,2.07359,21.8394,0.357632,42.8136,41.5502,43.9798,140.003,239.993,139.998
14:18:15,2024-07-14,492.166087,35713.8,0.349392,2.07709,22.1298,0.360428,42.8136,41.5503,43.9792,140.006,240.007,140.003
14:18:16,2024-07-14,492.166087,35744.4,0.349392,2.07569,22.1514,0.363881,42.8136,41.5505,43.9786,140.006,240.009,140.003
14:18:17,2024-07-14,480.506616,35786.7,0.349014,2.07822,21.1944,0.363881,42.8135,41.5506,43.9786,139.997,239.982,140.003
14:18:18,2024-07-14,467.861663,35814.7,0.350702,2.08126,21.9481,0.364274,42.8133,41.5508,43.9781,140.003,240.008,139.998
14:18:19,2024-07-14,460.841395,35857.8,0.353028,2.07413,22.4818,0.361992,42.8131,41.5510,43.9773,139.986,239.991,139.99
14:18:20,2024-07-14,457.143255,35873.8,0.348598,2.0714,22.2094,0.353387,42.8136,41.5511,43.977,140.003,240,140.004
14:18:21,2024-07-14,454.354155,35873.8,0.351775,2.0714,22.2094,0.343252,42.8136,41.5511,43.9769,140.001,240,140
14:18:22,2024-07-14,453.51226,35890.5,0.348876,2.06363,21.1907,0.333997,42.8136,41.5506,43.977,140.013,240.001,140.018
14:18:23,2024-07-14,450.202528,35899.3,0.348934,2.07576,21.5749,0.330182,42.8136,41.5503,43.9771,140.003,240.006,140.015
14:18:23,2024-07-14,446.770902,35925.6,0.349637,2.0717,22.072,0.327797,42.8136,41.5496,43.977,140.001,239.998,139.998
14:18:24,2024-07-14,443.752476,35981.1,0.352799,2.06749,21.3695,0.319884,42.8139,41.5494,43.977,140.006,240.008,139.982
14:18:25,2024-07-14,443.752476,36032.9,0.352799,2.06394,21.8354,0.319884,42.8139,41.5488,43.977,140.006,240.011,139.982
14:18:26,2024-07-14,442.281484,36100.5,0.352038,2.06495,21.2725,0.313399,42.8138,41.5487,43.9773,140.004,240.004,140.001
14:18:27,2024-07-14,442.012904,36169.6,0.350612,2.06313,21.3769,0.308792,42.8139,41.5490,43.9773,140.001,239.996,140.039
14:18:28,2024-07-14,443.858875,36219.2,0.348519,2.06167,21.8258,0.304479,42.8139,41.5496,43.9774,140.001,239.997,140.006
14:18:29,2024-07-14,441.270177,36284.9,0.348469,2.06482,21.2085,0.3011,42.8140,41.5494,43.9775,139.994,239.981,139.976
14:18:30,2024-07-14,440.728885,36284.9,0.348813,2.06482,21.2085,0.296173,42.8144,41.5494,43.9776,139.995,239.981,139.995
14:18:31,2024-07-14,438.974851,36325.8,0.350707,2.06214,21.6651,0.291226,42.8143,41.5489,43.9781,139.993,240.005,140.026
14:18:32,2024-07-14,438.679413,36340.2,0.351252,2.05854,21.3362,0.286199,42.8146,41.5491,43.9786,140.002,239.985,139.982
14:18:32,2024-07-14,438.394305,36328.9,0.34862,2.05975,20.8823,0.280996,42.8148,41.5494,43.9788,140.003,240.008,139.99
14:18:33,2024-07-14,436.89129,36321.6,0.349614,2.06025,21.2782,0.276563,42.8148,41.5491,43.9792,140.002,239.995,140.011
14:18:34,2024-07-14,437.207388,36282.8,0.352556,2.06293,20.6509,0.27332,42.8150,41.5489,43.9793,140,240.012,140.007
14:18:35,2024-07-14,437.207388,36229.1,0.352556,2.06327,21.1183,0.271654,42.8150,41.5488,43.9796,140,240.003,140.003
14:18:36,2024-07-14,438.631895,36154.2,0.351947,2.07132,21.3632,0.271654,42.8153,41.5484,43.9796,140,240,140.003
14:18:37,2024-07-14,440.687565,36067.5,0.350355,2.07019,20.9561,0.270824,42.8154,41.5484,43.98,140.002,239.999,140.008
14:18:38,2024-07-14,442.488084,36027.0,0.349565,2.06595,21.2499,0.271003,42.8153,41.5489,43.9802,140.007,240.002,139.975
14:18:39,2024-07-14,449.139571,35969.1,0.348507,2.07176,21.3614,0.270828,42.8155,41.5492,43.9802,139.998,240,140.04
14:18:40,2024-07-14,456.772408,35969.1,0.35319,2.07176,21.3614,0.273013,42.8156,41.5492,43.9802,139.994,240,140.009
14:18:41,2024-07-14,468.331678,35920.3,0.349149,2.07173,21.3892,0.27893,42.8158,41.5499,43.9798,139.995,240,139.994
14:18:42,2024-07-14,471.714753,35866.1,0.353057,2.07243,22.1418,0.287255,42.8154,41.5505,43.9796,139.998,239.998,139.982
14:18:42,2024-07-14,476.695879,35843.2,0.349051,2.07391,22.0627,0.294286,42.8156,41.5505,43.9797,139.998,240.001,139.995
14:18:43,2024-07-14,469.097131,35837.7,0.349956,2.07632,21.591,0.297598,42.8155,41.5510,43.9796,139.997,240.002,140.003
14:18:44,2024-07-14,469.097131,35806.6,0.349956,2.08144,21.046,0.296519,42.8155,41.5516,43.9797,139.997,240.002,140.007
14:18:45,2024-07-14,462.975573,35820.5,0.348433,2.08138,21.2081,0.299622,42.8156,41.5516,43.9799,140.004,240.002,139.993
14:18:46,2024-07-14,449.838912,35797.6,0.352847,2.08027,21.8777,0.299622,42.8154,41.5515,43.9799,140.004,239.998,139.993
14:18:47,2024-07-14,445.250326,35810.6,0.349,2.07467,21.2778,0.310239,42.8153,41.5516,43.9798,140.004,240.002,139.997
14:18:48,2024-07-14,435.897544,35813.3,0.349618,2.07197,22.072,0.319379,42.8152,41.5521,43.9796,139.997,240.002,140.02
14:18:49,2024-07-14,432.171513,35813.3,0.353214,2.07197,22.072,0.322723,42.8152,41.5521,43.9796,139.998,240.002,139.999
14:18:50,2024-07-14,431.696333,35836.4,0.34926,2.078,21.5687,0.325582,42.8154,41.5523,43.9801,140.002,239.998,139.98
14:18:51,2024-07-14,429.469185,35828.5,0.3501,2.07171,21.9423,0.327074,42.8156,41.5520,43.9803,139.993,240.012,139.966
14:18:51,2024-07-14,429.513604,35849.9,0.350639,2.06514,21.9338,0.324716,42.8153,41.5521,43.9803,140.008,239.992,139.988
14:18:52,2024-07-14,434.646581,35842.0,0.348845,2.06822,21.9046,0.32112,42.8152,41.5520,43.9806,139.993,240.009,139.989
14:18:53,2024-07-14,434.646581,35837.1,0.348845,2.07066,21.5896,0.314575,42.8152,41.5515,43.9807,139.993,239.998,140.025
14:18:54,2024-07-14,434.604228,35798.5,0.352157,2.06638,21.7049,0.314575,42.8153,41.5511,43.9807,140.004,240.003,140.025
14:18:55,2024-07-14,432.445258,35781.1,0.351814,2.07421,21.7193,0.300735,42.8147,41.5512,43.9806,140,240.006,140.03
14:18:56,2024-07-14,437.554476,35742.6,0.34848,2.07107,21.5966,0.286011,42.8150,41.5512,43.9803,140.002,240.001,139.997
14:18:57,2024-07-14,437.812726,35720.5,0.351385,2.06693,21.708,0.276349,42.8145,41.5508,43.9798,139.899,240.011,140.01
14:18:58,2024-07-14,436.959468,35720.5,0.348993,2.06693,21.708,0.268125,42.8146,41.5508,43.9796,140.001,240.011,139.999
14:18:59,2024-07-14,437.357173,35702.7,0.353048,2.06877,21.2017,0.262199,42.8141,41.5507,43.9795,140.002,239.995,139.992
14:19:00,2024-07-14,451.541296,35686.3,0.348439,2.06647,20.719,0.258063,42.8142,41.5503,43.9796,139.997,239.984,140.021
14:19:01,2024-07-14,458.967533,35677.5,0.352353,2.06426,20.7632,0.256403,42.8140,41.5503,43.9793,139.999,240.014,139.977
14:19:01,2024-07-14,461.155427,35685.1,0.352369,2.06493,21.0345,0.254795,42.8138,41.5501,43.9791,139.995,239.998,139.996
14:19:02,2024-07-14,465.269866,35667.2,0.349843,2.06779,20.9863,0.253846,42.8141,41.5494,43.9796,139.994,240.016,140.014
14:19:03,2024-07-14,465.269866,35669.1,0.349843,2.06572,20.9269,0.253401,42.8141,41.5489,43.9801,139.994,239.996,139.987
14:19:04,2024-07-14,469.832627,35680.9,0.349037,2.07028,20.454,0.253401,42.8140,41.5488,43.9801,140.005,239.991,139.987
14:19:05,2024-07-14,474.992462,35670.4,0.348211,2.06597,21.0147,0.253468,42.8137,41.5488,43.9803,140.007,239.997,139.971
14:19:06,2024-07-14,480.131637,35663.2,0.352257,2.06519,21.2021,0.253375,42.8136,41.5492,43.9807,140.001,239.998,139.988
14:19:07,2024-07-14,489.669326,35659.2,0.349696,2.06988,21.1604,0.254658,42.8136,41.5492,43.981,140.004,240.005,140.016
14:19:08,2024-07-14,493.573033,35659.2,0.35214,2.06988,21.1604,0.256212,42.8139,41.5492,43.9811,139.995,240.005,140.024
14:19:09,2024-07-14,495.346694,35639.1,0.352014,2.06626,21.1906,0.259102,42.8140,41.5494,43.9806,139.998,239.995,139.994
14:19:10,2024-07-14,498.785551,35573.2,0.352688,2.07322,20.9806,0.26069,42.8143,41.5494,43.9803,139.996,239.995,140.004
14:19:10,2024-07-14,504.85236,35519.7,0.35162,2.07469,21.3508,0.263133,42.8143,41.5494,43.98,140.007,239.999,140.026
14:19:11,2024-07-14,504.85236,35455.6,0.35162,2.07827,21.7842,0.26517,42.8143,41.5498,43.9801,140.007,240.007,139.991
14:19:12,2024-07-14,506.244844,35391.4,0.350666,2.08289,21.1183,0.266549,42.8144,41.5496,43.9803,140.001,240.001,139.961
14:19:13,2024-07-14,498.386813,35327.0,0.348594,2.07442,21.0021,0.266549,42.8144,41.5499,43.9803,139.997,240.005,139.961
14:19:14,2024-07-14,485.188172,35247.6,0.349404,2.07896,20.9385,0.264973,42.8145,41.5504,43.9803,140.003,239.996,140.011
14:19:15,2024-07-14,473.807611,35152.4,0.35003,2.08515,21.4253,0.262505,42.8143,41.5502,43.9807,139.994,240.009,139.999
14:19:16,2024-07-14,467.76766,35152.4,0.351347,2.08515,21.4253,0.260015,42.8143,41.5502,43.9812,140.004,240.009,140.002
14:19:17,2024-07-14,466.648921,35062.5,0.347706,2.08335,21.1911,0.257309,42.8139,41.5498,43.9814,140.01,239.991,140.013
14:19:18,2024-07-14,473.209504,34930.3,0.351223,2.08583,21.3081,0.254293,42.8139,41.5491,43.9821,139.993,240.01,140.011
14:19:19,2024-07-14,475.884974,34831.1,0.348069,2.08676,21.0492,0.252326,42.8140,41.5485,43.9823,140.003,239.998,139.975
14:19:20,2024-07-14,468.788264,34732.1,0.349253,2.08773,21.3896,0.251383,42.8141,41.5481,43.9825,139.998,239.999,139.996
14:19:20,2024-07-14,468.788264,34613.2,0.349253,2.08959,20.5401,0.250239,42.8141,41.5476,43.9826,139.998,240,139.996
14:19:21,2024-07-14,461.106876,34525.4,0.351753,2.08888,21.6762,0.250239,42.8142,41.5475,43.9826,139.994,240.003,139.996
14:19:22,2024-07-14,459.725755,34441.0,0.352161,2.08997,20.7382,0.249229,42.8143,41.5472,43.9827,139.992,240,139.996
14:19:23,2024-07-14,458.568795,34388.9,0.349559,2.08905,21.2433,0.248005,42.8141,41.5474,43.9828,140.005,240.004,139.983
14:19:24,2024-07-14,450.415326,34327.2,0.352562,2.08906,21.1718,0.247868,42.8143,41.5473,43.983,140.004,239.994,139.992
14:19:25,2024-07-14,449.661236,34327.2,0.347974,2.08906,21.1718,0.247176,42.8144,41.5473,43.9831,139.992,239.994,140.05
14:19:26,2024-07-14,444.464213,34260.0,0.352714,2.09232,20.196,0.246228,42.8141,41.5472,43.9831,140.013,240.004,140.017
14:19:27,2024-07-14,444.454916,34187.1,0.349309,2.09452,20.4671,0.244912,42.8146,41.5472,43.9827,140.008,240.013,139.988
14:19:28,2024-07-14,443.379563,34141.1,0.349502,2.09219,21.0203,0.244536,42.8147,41.5477,43.9825,140.003,239.99,139.998
14:19:29,2024-07-14,443.379563,34071.7,0.349502,2.09694,21.0427,0.243867,42.8147,41.5478,43.9822,140.003,239.999,139.995
14:19:29,2024-07-14,440.35184,34010.0,0.350257,2.0966,20.6358,0.243448,42.8146,41.5478,43.9818,139.996,240.005,139.987
14:19:30,2024-07-14,436.012207,33962.5,0.352649,2.09972,21.2792,0.242927,42.8149,41.5475,43.9813,140.011,240.004,139.979
14:19:31,2024-07-14,439.006874,33915.4,0.347888,2.103,21.3422,0.241908,42.8150,41.5477,43.9808,140,239.982,140.023
14:19:32,2024-07-14,433.735475,33850.7,0.35272,2.10009,20.0558,0.241908,42.8149,41.5476,43.9808,140.012,240.023,140.023
14:19:33,2024-07-14,437.731119,33800.5,0.348338,2.10484,21.2907,0.241055,42.8150,41.5477,43.9803,139.993,239.986,140.015
14:19:34,2024-07-14,434.826323,33761.5,0.352666,2.10337,20.0687,0.240768,42.8147,41.5477,43.9799,140.002,239.992,139.992
14:19:35,2024-07-14,436.189883,33761.5,0.351043,2.10337,20.0687,0.240463,42.8153,41.5477,43.9799,140,239.992,140.01
14:19:36,2024-07-14,440.311553,33717.1,0.349524,2.10589,20.9862,0.240407,42.8150,41.5479,43.9797,140.002,240.011,140.005
14:19:37,2024-07-14,448.284247,33686.3,0.348471,2.10437,21.3395,0.240331,42.8153,41.5478,43.9795,139.992,239.992,139.991
14:19:38,2024-07-14,448.284247,33627.6,0.348471,2.10697,20.6916,0.240201,42.8153,41.5482,43.9795,139.992,240.003,139.989
14:19:39,2024-07-14,461.664696,33629.2,0.352786,2.11091,21.2339,0.240444,42.8148,41.5482,43.9795,140.002,239.994,139.984
14:19:39,2024-07-14,490.909959,33606.0,0.349041,2.11417,20.3837,0.240444,42.8147,41.5480,43.9795,140.004,240.003,139.984
14:19:40,2024-07-14,505.307913,33626.4,0.352115,2.10922,20.4631,0.24135,42.8145,41.5480,43.9795,140.003,240.004,140.014
14:19:41,2024-07-14,520.978523,33652.6,0.348152,2.11215,21.5248,0.242476,42.8146,41.5479,43.9789,140.008,239.996,140.016
14:19:42,2024-07-14,530.108177,33672.4,0.349903,2.11344,20.3321,0.24374,42.8149,41.5476,43.9786,139.984,239.998,140.023
14:19:43,2024-07-14,523.45669,33725.6,0.348719,2.11519,21.322,0.244989,42.8146,41.5476,43.9788,140.004,240.005,139.968
14:19:44,2024-07-14,509.81076,33725.6,0.350479,2.11519,21.322,0.245729,42.8147,41.5476,43.979,139.993,240.005,139.999
14:19:45,2024-07-14,496.524314,33742.8,0.348386,2.1133,20.8504,0.245176,42.8145,41.5475,43.9795,139.998,239.99,139.986
14:19:46,2024-07-14,481.511725,33749.6,0.352035,2.11394,20.8102,0.244124,42.8143,41.5472,43.9799,139.991,240.003,139.99
14:19:47,2024-07-14,481.511725,33738.7,0.352035,2.11604,21.4026,0.242889,42.8143,41.5472,43.9801,139.991,240.006,139.995
14:19:48,2024-07-14,477.22994,33734.8,0.350696,2.12028,22.0311,0.241863,42.8142,41.5468,43.9803,140.01,239.997,140.001
14:19:48,2024-07-14,470.392513,33716.9,0.348983,2.11923,21.34,0.241877,42.8139,41.5469,43.9806,140.001,239.995,140.016
14:19:49,2024-07-14,469.772713,33689.1,0.350609,2.11305,21.4902,0.241877,42.8135,41.5468,43.9806,139.993,240.01,140.016
14:19:50,2024-07-14,463.947626,33658.6,0.349774,2.11409,20.8453,0.24175,42.8136,41.5467,43.9809,140.008,240,140.046
14:19:51,2024-07-14,466.276008,33675.0,0.348875,2.11092,20.2408,0.241675,42.8133,41.5468,43.9812,139.996,239.984,140.006
14:19:52,2024-07-14,460.165813,33675.0,0.351758,2.11092,20.2408,0.241449,42.8133,41.5468,43.9816,140.017,239.984,139.983
14:19:53,2024-07-14,463.648056,33668.6,0.348164,2.10871,21.0333,0.241082,42.8135,41.5473,43.9818,140,240.006,140.018
14:19:54,2024-07-14,457.3137,33664.1,0.352142,2.11172,20.0505,0.241575,42.8134,41.5473,43.9817,139.988,240.011,139.99
14:19:55,2024-07-14,458.826012,33674.8,0.348108,2.11136,20.5449,0.241934,42.8133,41.5476,43.982,139.998,239.987,139.995
14:19:56,2024-07-14,450.687005,33655.9,0.352838,2.1131,20.3722,0.241542,42.8131,41.5476,43.982,139.99,240.006,140
14:19:57,2024-07-14,450.275871,33639.9,0.349716,2.11055,20.487,0.242002,42.8133,41.5475,43.982,140.007,240.001,139.986
14:19:58,2024-07-14,450.275871,33638.8,0.349716,2.10854,20.9561,0.241599,42.8133,41.5474,43.9815,140.007,239.999,139.99
14:19:58,2024-07-14,452.052631,33634.6,0.350346,2.11341,19.8379,0.241587,42.8132,41.5475,43.9812,140.009,240.001,139.989
14:19:59,2024-07-14,449.517649,33605.4,0.348895,2.11037,20.7018,0.241587,42.8128,41.5478,43.9812,140.009,240.01,139.989
14:20:00,2024-07-14,450.620893,33611.0,0.352114,2.1104,20.1966,0.241344,42.8130,41.5474,43.9807,139.988,239.994,140.009
14:20:01,2024-07-14,451.925572,33625.4,0.34857,2.10992,19.3063,0.241232,42.8132,41.5471,43.9806,139.994,239.981,139.997
14:20:02,2024-07-14,454.08041,33625.4,0.348714,2.10992,19.3063,0.241246,42.8132,41.5471,43.9805,140.001,239.981,139.971
14:20:03,2024-07-14,453.407927,33622.0,0.350867,2.11082,20.1458,0.241444,42.8133,41.5472,43.9806,139.991,239.995,139.99
14:20:04,2024-07-14,449.071393,33600.4,0.351199,2.11061,20.5516,0.241206,42.8132,41.5468,43.9802,139.997,240,140.018
14:20:05,2024-07-14,452.005113,33593.5,0.350291,2.11282,20.3312,0.240669,42.8131,41.5468,43.9798,140.008,240.006,140.019
14:20:06,2024-07-14,449.385425,33593.6,0.352622,2.10896,20.2514,0.240342,42.8130,41.5467,43.9795,140.009,240.011,139.985
14:20:07,2024-07-14,449.385425,33564.8,0.352622,2.11116,20.4204,0.24077,42.8130,41.5462,43.9792,140.009,240.004,140.017
14:20:08,2024-07-14,452.816018,33597.3,0.348312,2.1127,20.8576,0.24077,42.8131,41.5459,43.9792,140.001,239.994,140.017
14:20:08,2024-07-14,454.651659,33570.5,0.352661,2.1073,19.6575,0.240438,42.8130,41.5462,43.9787,139.993,240.006,139.996
14:20:09,2024-07-14,467.228434,33580.9,0.348994,2.11063,20.979,0.240289,42.8132,41.5466,43.9785,140.004,239.995,139.983
14:20:10,2024-07-14,482.513735,33605.6,0.350005,2.10578,21.1434,0.240441,42.8130,41.5467,43.9786,140.001,239.998,139.999
14:20:11,2024-07-14,502.171725,33605.6,0.347608,2.10578,21.1434,0.24005,42.8127,41.5467,43.9786,139.993,239.998,139.949
14:20:12,2024-07-14,523.802745,33612.3,0.350117,2.10522,20.3877,0.240001,42.8127,41.5470,43.9786,140,240.013,139.981
14:20:13,2024-07-14,562.4731,33663.6,0.351035,2.10306,20.8725,0.240456,42.8125,41.5475,43.9786,140.012,239.991,139.998
14:20:14,2024-07-14,609.509722,33708.9,0.349587,2.10221,20.5434,0.240482,42.8124,41.5480,43.9789,140.004,240.004,140.02
14:20:15,2024-07-14,627.695687,33775.1,0.350722,2.10079,20.8235,0.240779,42.8121,41.5482,43.9784,139.996,240.006,140.004
14:20:16,2024-07-14,627.695687,33835.1,0.350722,2.09508,20.7589,0.240779,42.8121,41.5483,43.9784,139.996,240.012,140.004
14:20:17,2024-07-14,617.52167,33927.8,0.350554,2.09696,20.6231,0.240815,42.8120,41.5485,43.9786,139.994,239.988,140.014
14:20:17,2024-07-14,603.201191,34018.1,0.348273,2.09159,20.7847,0.241125,42.8118,41.5483,43.9782,139.992,240,140.012
14:20:18,2024-07-14,585.428426,34083.5,0.347865,2.09542,20.8197,0.240778,42.8116,41.5485,43.9784,139.999,239.987,139.987
14:20:19,2024-07-14,564.717809,34135.3,0.348288,2.09213,21.3539,0.240877,42.8117,41.5486,43.9782,140.015,239.993,139.985
14:20:20,2024-07-14,552.404449,34203.7,0.350581,2.09479,21.0313,0.241132,42.8120,41.5484,43.9786,140.003,239.988,140
14:20:21,2024-07-14,543.131208,34249.1,0.347018,2.08973,20.5054,0.241526,42.8121,41.5478,43.9788,139.999,240.003,140.029
14:20:22,2024-07-14,535.949792,34249.1,0.347208,2.08973,20.5054,0.241784,42.8119,41.5478,43.9791,139.998,240.003,139.984
14:20:23,2024-07-14,531.837419,34299.2,0.347066,2.08987,20.4698,0.241389,42.8117,41.5480,43.9796,139.994,240.015,139.988
14:20:24,2024-07-14,527.837643,34349.1,0.3474,2.08848,21.2934,0.241323,42.8116,41.5485,43.9801,140.004,239.997,140.001
14:20:25,2024-07-14,527.415146,34423.5,0.349208,2.08958,20.4664,0.241323,42.8114,41.5485,43.9801,140,240.006,140.001
14:20:26,2024-07-14,527.415146,34474.7,0.349208,2.0881,21.4896,0.241817,42.8114,41.5486,43.9804,140,239.996,140.006
14:20:26,2024-07-14,532.488209,34537.6,0.350658,2.0862,20.3472,0.240784,42.8114,41.5490,43.9807,140.004,240.01,140.009
14:20:27,2024-07-14,539.907215,34558.9,0.351486,2.08225,20.3128,0.240726,42.8112,41.5488,43.9805,140,240.009,139.988
14:20:28,2024-07-14,533.77636,34600.7,0.351343,2.08484,20.8793,0.24005,42.8114,41.5486,43.9806,140.002,239.993,139.974
14:20:29,2024-07-14,518.199753,34593.6,0.350122,2.07717,20.6139,0.239497,42.8110,41.5484,43.9803,140.002,239.996,139.998
14:20:30,2024-07-14,520.752296,34617.3,0.348122,2.08533,20.6558,0.239676,42.8108,41.5479,43.9801,139.986,239.998,140.019
14:20:31,2024-07-14,517.975592,34617.3,0.347194,2.08533,20.6558,0.239072,42.8104,41.5479,43.98,140.005,239.998,140.004
14:20:32,2024-07-14,514.432402,34611.1,0.349335,2.08124,20.7757,0.238619,42.8102,41.5477,43.98,140.002,240.008,140.033
14:20:33,2024-07-14,506.948317,34632.9,0.351782,2.08721,20.6199,0.238408,42.8101,41.5473,43.9802,139.998,240.01,139.986
14:20:34,2024-07-14,503.84002,34647.2,0.348688,2.08214,20.6873,0.238408,42.8100,41.5479,43.9802,140.002,239.995,139.986
14:20:35,2024-07-14,503.84002,34677.8,0.348688,2.0828,20.5253,0.238932,42.8100,41.5481,43.9805,140.002,240.01,139.999
14:20:36,2024-07-14,499.069626,34663.8,0.34785,2.07959,20.4215,0.239141,42.8099,41.5482,43.9806,139.998,239.992,140.033
14:20:36,2024-07-14,482.969288,34659.5,0.351197,2.08207,21.4492,0.239146,42.8099,41.5481,43.9807,140,239.986,139.978
14:20:37,2024-07-14,476.565721,34666.4,0.351503,2.07818,20.0035,0.239033,42.8099,41.5481,43.9806,140.011,240.001,139.976
14:20:38,2024-07-14,471.513318,34671.1,0.349097,2.08026,19.9375,0.238557,42.8099,41.5486,43.9807,139.992,240.013,139.996
14:20:39,2024-07-14,459.93752,34703.1,0.351053,2.08332,20.3955,0.239215,42.8096,41.5489,43.981,139.998,240.008,139.989
14:20:40,2024-07-14,452.329475,34718.6,0.351481,2.08196,20.8719,0.239105,42.8092,41.5485,43.9809,140.011,239.998,140.004
14:20:41,2024-07-14,447.165508,34718.6,0.350773,2.08196,20.8719,0.238886,42.8093,41.5485,43.9808,139.988,239.998,140.009
14:20:42,2024-07-14,445.447629,34770.0,0.349091,2.08248,20.8605,0.239018,42.8090,41.5485,43.9805,140.001,239.998,139.973
14:20:43,2024-07-14,444.915634,34797.6,0.352609,2.07502,20.9858,0.239018,42.8090,41.5481,43.9805,139.992,240.015,139.973
14:20:44,2024-07-14,454.610339,34865.6,0.349134,2.0733,19.7001,0.238623,42.8089,41.5483,43.9804,140.007,239.998,140.018
14:20:45,2024-07-14,454.610339,34914.5,0.349134,2.07752,21.2258,0.237594,42.8089,41.5480,43.9801,140.007,239.99,140.011
14:20:46,2024-07-14,470.653862,34952.8,0.348433,2.07758,21.1114,0.237713,42.8089,41.5486,43.9795,139.989,239.992,140.023
14:20:46,2024-07-14,483.859734,35010.5,0.348068,2.07863,21.0865,0.237019,42.8088,41.5484,43.9791,139.977,239.987,140.027
14:20:47,2024-07-14,485.797642,35045.1,0.350015,2.0777,20.5852,0.237262,42.8092,41.5484,43.9786,140.008,239.987,139.985
14:20:48,2024-07-14,486.222205,35084.7,0.350272,2.07854,20.5593,0.23701,42.8094,41.5483,43.9781,140.002,240.011,139.999
14:20:49,2024-07-14,491.277707,35127.3,0.350053,2.0759,20.3669,0.236425,42.8097,41.5487,43.9779,140.001,240.006,139.986
14:20:50,2024-07-14,490.715755,35182.3,0.350176,2.07509,20.9987,0.23635,42.8101,41.5484,43.9777,140.003,240.007,139.992
14:20:51,2024-07-14,491.427492,35182.3,0.348089,2.07509,20.9987,0.23635,42.8101,41.5484,43.9777,140.014,240.007,139.992
14:20:52,2024-07-14,493.648442,35235.7,0.347974,2.08158,20.175,0.235245,42.8109,41.5482,43.9777,140.01,240.01,140.009
14:20:53,2024-07-14,489.227202,35264.6,0.351734,2.08267,20.328,0.235204,42.8110,41.5480,43.9778,139.985,239.996,139.995
14:20:54,2024-07-14,510.094835,35259.3,0.347739,2.07846,21.4993,0.234974,42.8111,41.5480,43.9779,140.014,239.988,139.969
14:20:55,2024-07-14,510.094835,35260.8,0.347739,2.09135,21.6975,0.234397,42.8111,41.5480,43.9777,140.014,240.007,140.003
14:20:56,2024-07-14,522.385469,35233.9,0.349606,2.09252,20.7682,0.234055,42.8117,41.5487,43.9781,139.998,239.999,140.011
14:20:56,2024-07-14,514.808414,35262.6,0.352399,2.09402,20.7665,0.234731,42.8119,41.5495,43.9779,139.993,239.993,140.018
14:20:57,2024-07-14,512.761008,35252.4,0.349483,2.10055,21.0146,0.234397,42.8120,41.5497,43.9781,139.994,239.978,139.999
14:20:58,2024-07-14,511.880892,35216.4,0.34864,2.11335,21.0501,0.233864,42.8120,41.5498,43.9781,140.002,240.005,140.007
14:20:59,2024-07-14,506.518589,35203.0,0.34758,2.11004,20.8266,0.233283,42.8125,41.5493,43.978,140.011,240,140.016
14:21:00,2024-07-14,484.242977,35203.0,0.351813,2.11004,20.8266,0.233506,42.8124,41.5493,43.9781,139.995,240,139.999
14:21:01,2024-07-14,458.673128,35161.2,0.351819,2.12005,20.7784,0.233542,42.8128,41.5491,43.9779,140.002,240.014,139.999
14:21:02,2024-07-14,446.885565,35074.7,0.348927,2.12383,20.9581,0.233542,42.8130,41.5483,43.9779,140.002,239.996,139.999
14:21:03,2024-07-14,446.885565,34998.8,0.348927,2.14159,21.2594,0.233303,42.8130,41.5481,43.9779,140.002,239.998,140.008
14:21:04,2024-07-14,434.523654,34883.5,0.349174,2.14256,21.0161,0.233058,42.8131,41.5477,43.978,140.015,240.004,140.027
14:21:05,2024-07-14,426.934203,34817.1,0.350493,2.14826,20.6831,0.232453,42.8133,41.5472,43.9783,140,239.997,139.981
14:21:05,2024-07-14,427.30505,34739.7,0.348653,2.15609,21.3719,0.232466,42.8137,41.5469,43.9784,139.996,239.994,140.021
14:21:06,2024-07-14,425.981777,34620.2,0.348638,2.16272,21.1103,0.23235,42.8138,41.5468,43.9784,139.997,240.004,139.964
14:21:07,2024-07-14,424.29902,34539.1,0.348888,2.16788,21.6762,0.232635,42.8140,41.5466,43.9785,140.011,239.998,140.003
14:21:08,2024-07-14,421.598758,34478.2,0.348441,2.16623,20.4255,0.233108,42.8138,41.5467,43.9789,140.006,239.993,139.992
14:21:09,2024-07-14,420.858097,34385.4,0.350456,2.16486,20.8772,0.232955,42.8140,41.5469,43.9793,140.002,240.004,139.989
14:21:10,2024-07-14,420.974826,34385.4,0.351015,2.16486,20.8772,0.232955,42.8143,41.5469,43.9793,140.016,240.004,139.989
14:21:11,2024-07-14,422.183436,34339.1,0.351538,2.16566,21.1603,0.233082,42.8140,41.5466,43.9797,140.002,240.004,140.031
14:21:12,2024-07-14,421.422115,34277.4,0.348562,2.16169,20.9739,0.233076,42.8143,41.5466,43.9801,140.004,239.996,139.988
14:21:13,2024-07-14,421.422115,34256.3,0.348562,2.15833,20.9683,0.232968,42.8143,41.5464,43.9804,140.004,239.994,139.979
14:21:14,2024-07-14,423.357957,34196.5,0.350042,2.15878,21.0589,0.233465,42.8143,41.5459,43.9809,139.999,240.008,140.006
14:21:15,2024-07-14,419.420161,34176.9,0.352828,2.1517,20.558,0.235369,42.8148,41.5462,43.9813,140.01,239.996,139.964
14:21:15,2024-07-14,419.39227,34158.4,0.350812,2.15104,19.7232,0.25218,42.8150,41.5465,43.9817,139.982,239.995,139.995
14:21:16,2024-07-14,420.663893,34116.1,0.349333,2.14391,21.4501,0.275045,42.8152,41.5467,43.9821,140.004,239.999,140.025
14:21:17,2024-07-14,418.43158,34101.8,0.349629,2.14055,21.0289,0.283054,42.8156,41.5470,43.9824,139.996,239.982,140.001
14:21:18,2024-07-14,417.606213,34078.2,0.349592,2.13558,20.9453,0.276626,42.8157,41.5471,43.9827,140,239.977,139.996
14:21:19,2024-07-14,420.731038,34063.1,0.348895,2.1399,20.5977,0.268018,42.8159,41.5469,43.983,139.993,239.993,140.019
14:21:20,2024-07-14,421.193822,34063.1,0.349293,2.1399,20.5977,0.261433,42.8166,41.5469,43.9829,140.005,239.993,139.984
14:21:21,2024-07-14,421.193822,34041.2,0.349293,2.13855,21.5023,0.261433,42.8166,41.5465,43.9829,140.005,239.994,139.984
14:21:22,2024-07-14,419.633992,34026.3,0.349486,2.13531,20.5827,0.258562,42.8169,41.5460,43.9828,140.009,240.007,140.007
14:21:23,2024-07-14,421.828084,34019.1,0.351104,2.13561,22.3487,0.260837,42.8169,41.5454,43.9829,140,240.01,140.001
14:21:24,2024-07-14,423.974658,34014.6,0.34834,2.13696,21.0801,0.282918,42.8168,41.5450,43.9828,139.997,239.999,139.994
14:21:24,2024-07-14,422.504699,34002.1,0.352348,2.13725,20.8216,0.320662,42.8169,41.5442,43.9831,139.999,240.005,140.003
14:21:25,2024-07-14,428.645884,33983.4,0.351326,2.12679,20.2647,0.347899,42.8167,41.5436,43.983,139.981,240.011,139.984
14:21:26,2024-07-14,425.970414,34031.0,0.353049,2.12904,21.0166,0.36684,42.8167,41.5438,43.983,140.009,240.001,140.001
14:21:27,2024-07-14,427.122209,34085.8,0.353582,2.18652,22.0068,0.384378,42.8165,41.5436,43.9829,139.996,240.005,139.981
14:21:28,2024-07-14,430.849273,34193.9,0.351305,2.39526,22.3986,0.414399,42.8167,41.5439,43.9828,140.001,240.009,139.993
14:21:29,2024-07-14,434.846983,34304.3,0.350096,2.5452,22.9996,0.440004,42.8166,41.5442,43.9821,140.005,240.003,140.03
14:21:30,2024-07-14,432.775818,34304.3,0.35319,2.5452,22.9996,0.440349,42.8168,41.5442,43.9813,139.994,240.003,139.99
14:21:31,2024-07-14,432.775818,34439.4,0.35319,2.5604,23.425,0.440349,42.8168,41.5448,43.9813,139.994,239.991,139.99
14:21:32,2024-07-14,434.431717,34515.4,0.348936,2.52491,22.1544,0.420024,42.8166,41.5445,43.9807,139.987,240.006,139.998
14:21:33,2024-07-14,435.732264,34559.9,0.349235,2.48317,22.9211,0.391783,42.8165,41.5441,43.9799,139.995,239.998,140.006
14:21:34,2024-07-14,436.076253,34606.0,0.350993,2.44726,22.5156,0.363335,42.8163,41.5443,43.9793,139.988,240.013,140.019
14:21:34,2024-07-14,437.817891,34620.0,0.351708,2.42294,23.089,0.340889,42.8164,41.5441,43.979,139.991,240.005,139.968
14:21:35,2024-07-14,436.780759,34655.0,0.349795,2.38865,22.5087,0.328877,42.8166,41.5443,43.9786,139.995,239.998,140.013
14:21:36,2024-07-14,437.280731,34715.7,0.353361,2.34735,22.1551,0.319028,42.8166,41.5444,43.978,139.992,240.001,139.983
14:21:37,2024-07-14,438.59574,34735.2,0.352008,2.29448,21.8628,0.306657,42.8166,41.5441,43.9775,140,239.999,140.026
14:21:38,2024-07-14,440.027478,34758.8,0.351797,2.25177,21.481,0.294986,42.8167,41.5438,43.9768,140,240.011,140.014
14:21:39,2024-07-14,440.027478,34798.6,0.351797,2.22287,21.2722,0.295563,42.8167,41.5442,43.9758,140,240.007,140.001
14:21:40,2024-07-14,437.205322,34798.6,0.351426,2.22287,21.2722,0.295563,42.8167,41.5442,43.9758,139.993,240.007,140.001
14:21:41,2024-07-14,439.263058,34819.9,0.352749,2.19403,21.9192,0.299865,42.8167,41.5447,43.975,139.984,239.993,140.006
14:21:42,2024-07-14,437.031778,34778.3,0.352667,2.17447,20.633,0.300023,42.8170,41.5445,43.9742,140.007,240.006,139.997
14:21:43,2024-07-14,436.568994,34748.4,0.352973,2.15657,20.983,0.29619,42.8169,41.5443,43.9739,139.99,239.998,140.018
14:21:43,2024-07-14,439.993389,34698.5,0.348855,2.14076,21.3109,0.292629,42.8168,41.5445,43.9738,140.001,239.992,139.978
14:21:44,2024-07-14,439.158725,34628.3,0.348941,2.12594,20.7778,0.295065,42.8165,41.5449,43.9738,140.002,240.006,140
14:21:45,2024-07-14,437.933587,34586.0,0.352069,2.11843,20.9964,0.293516,42.8164,41.5451,43.9736,140.007,240.009,139.964
14:21:46,2024-07-14,441.377609,34518.0,0.351819,2.10323,20.4127,0.288938,42.8156,41.5451,43.9738,140.002,240.016,140.03
14:21:47,2024-07-14,445.154257,34478.9,0.3489,2.10324,20.3766,0.286627,42.8158,41.5447,43.9739,140.004,239.986,139.966
14:21:48,2024-07-14,438.033788,34444.5,0.353541,2.10303,20.6486,0.285194,42.8155,41.5449,43.9739,139.993,240.007,140.028
14:21:49,2024-07-14,434.900699,34444.5,0.350722,2.10303,20.6486,0.285742,42.8154,41.5449,43.9743,140.002,240.007,140.012
14:21:50,2024-07-14,434.900699,34394.6,0.350722,2.0933,20.4018,0.285742,42.8154,41.5450,43.9743,140.002,240.01,140.012
14:21:51,2024-07-14,433.444169,34376.3,0.348951,2.08975,20.8887,0.284862,42.8156,41.5448,43.9744,139.902,240,140.006
14:21:52,2024-07-14,432.873953,34359.0,0.348969,2.0863,21.0564,0.283629,42.8153,41.5445,43.9747,140.001,240.007,139.987
14:21:53,2024-07-14,425.346482,34342.9,0.352357,2.08607,20.5416,0.287072,42.8154,41.5448,43.9747,140.013,240.008,140.026
14:21:53,2024-07-14,427.739943,34290.8,0.350464,2.08869,20.4973,0.285274,42.8153,41.5449,43.9753,140.005,240.013,139.981
14:21:54,2024-07-14,423.040826,34262.7,0.351185,2.09613,21.5926,0.277191,42.8155,41.5452,43.976,140.005,240.002,140.033
14:21:55,2024-07-14,423.145159,34228.4,0.350296,2.10382,20.8705,0.272395,42.8153,41.5453,43.9763,140,240.003,140.005
14:21:56,2024-07-14,421.895229,34212.7,0.350736,2.10484,20.7457,0.277571,42.8152,41.5455,43.9768,139.999,239.999,139.973
14:21:57,2024-07-14,422.916866,34178.5,0.349759,2.10892,20.2847,0.284427,42.8147,41.5456,43.977,140.004,240,140.011
14:21:58,2024-07-14,420.774424,34163.2,0.351499,2.09894,19.9086,0.27912,42.8144,41.5461,43.9771,140.005,239.998,139.979
14:21:59,2024-07-14,420.021367,34163.2,0.35191,2.09894,19.9086,0.27912,42.8143,41.5461,43.9771,140.007,239.998,139.979
14:22:00,2024-07-14,420.021367,34115.1,0.35191,2.10128,21.0987,0.267796,42.8143,41.5463,43.977,140.007,240.004,140.002
14:22:01,2024-07-14,423.7412,34063.4,0.349308,2.10472,21.0832,0.25963,42.8142,41.5466,43.9772,140.008,239.992,139.967
14:22:02,2024-07-14,423.604844,34016.8,0.352779,2.10026,20.5529,0.256855,42.8143,41.5471,43.9776,139.998,240.002,139.983
14:22:03,2024-07-14,421.761972,34002.2,0.350453,2.09942,21.4373,0.260324,42.8139,41.5476,43.9777,140.007,239.993,140.025
14:22:03,2024-07-14,421.152502,33981.2,0.352903,2.09761,20.8656,0.260751,42.8141,41.5479,43.9779,139.997,239.996,139.996
14:22:04,2024-07-14,418.821021,33978.1,0.350747,2.10014,20.6896,0.256797,42.8138,41.5484,43.978,140.01,239.985,139.986
14:22:05,2024-07-14,418.96874,33973.1,0.349109,2.0971,20.0275,0.251564,42.8140,41.5485,43.9781,140.004,239.999,139.985
14:22:06,2024-07-14,415.286095,33957.2,0.351754,2.10258,20.6608,0.246972,42.8138,41.5479,43.9784,139.992,240.001,140.016
14:22:07,2024-07-14,415.172465,33971.1,0.352389,2.09552,21.4029,0.244469,42.8140,41.5476,43.9787,139.995,239.989,139.99
14:22:08,2024-07-14,415.571203,33971.1,0.350537,2.09552,21.4029,0.242181,42.8139,41.5476,43.9789,140.002,239.989,139.999
14:22:09,2024-07-14,415.571203,33984.6,0.350537,2.0991,20.8106,0.242181,42.8139,41.5468,43.9789,140.002,239.981,139.999
14:22:10,2024-07-14,414.270656,33996.2,0.353351,2.09446,20.1241,0.240713,42.8140,41.5468,43.9795,140.004,239.987,140.047
14:22:11,2024-07-14,414.122937,34005.3,0.353582,2.08933,20.8461,0.240073,42.8141,41.5469,43.98,140.012,239.996,140.003
14:22:12,2024-07-14,418.009083,34048.0,0.348991,2.08801,20.4542,0.239441,42.8141,41.5473,43.9801,140,240.01,140.002
14:22:12,2024-07-14,414.290283,34106.2,0.351,2.08787,20.7557,0.240093,42.8139,41.5468,43.9804,140.002,240.018,139.981
14:22:13,2024-07-14,414.70245,34172.7,0.353801,2.08517,21.0078,0.239469,42.8138,41.5466,43.9804,139.998,239.99,140.023
14:22:14,2024-07-14,415.134244,34271.6,0.352153,2.08728,19.3442,0.240124,42.8138,41.5470,43.9805,140.001,239.998,139.988
14:22:15,2024-07-14,418.977004,34366.9,0.351704,2.08723,20.7126,0.240841,42.8134,41.5469,43.9804,140,240.013,139.969
14:22:16,2024-07-14,424.387858,34428.3,0.351392,2.08309,19.9842,0.241883,42.8136,41.5469,43.9801,140.022,239.992,140.014
14:22:17,2024-07-14,425.274172,34428.3,0.353275,2.08309,19.9842,0.241883,42.8140,41.5469,43.9801,139.998,239.992,140.014
14:22:18,2024-07-14,424.976668,34472.4,0.35181,2.08839,21.5012,0.242569,42.8142,41.5466,43.9799,140.01,240.007,139.971
14:22:19,2024-07-14,424.976668,34506.4,0.35181,2.08949,19.8551,0.243574,42.8142,41.5462,43.9797,140.01,240.002,139.988
14:22:20,2024-07-14,422.878645,34503.5,0.351732,2.08753,20.5096,0.244104,42.8142,41.5466,43.9795,139.998,240.007,140.006
14:22:21,2024-07-14,421.188657,34483.1,0.35094,2.08613,20.6373,0.243941,42.8143,41.5473,43.9791,140,240.003,140.002
14:22:21,2024-07-14,419.045182,34454.5,0.349161,2.08041,21.2347,0.242977,42.8142,41.5477,43.9791,139.993,240.004,139.986
14:22:22,2024-07-14,417.111406,34402.5,0.353186,2.07421,20.619,0.242977,42.8144,41.5477,43.9791,139.988,239.998,139.986
14:22:23,2024-07-14,419.256947,34348.9,0.349964,2.068,20.0995,0.241192,42.8148,41.5478,43.9791,140.012,240,140.016
14:22:24,2024-07-14,418.635081,34302.7,0.348567,2.0691,20.744,0.240749,42.8148,41.5475,43.9791,140.012,240.013,139.985
14:22:25,2024-07-14,414.903885,34267.8,0.352176,2.06914,20.2803,0.240626,42.8150,41.5474,43.9789,139.995,239.993,140.001
14:22:26,2024-07-14,418.754909,34267.8,0.350173,2.06914,20.2803,0.240137,42.8151,41.5474,43.979,140,239.993,140.033
14:22:27,2024-07-14,417.131033,34206.7,0.352118,2.06824,20.7365,0.239562,42.8151,41.5475,43.9786,140.005,239.993,139.989
14:22:28,2024-07-14,417.131033,34171.0,0.352118,2.06919,20.563,0.239109,42.8151,41.5470,43.9784,140.005,240.007,140.018
14:22:29,2024-07-14,414.855334,34126.0,0.350822,2.0716,20.7658,0.238389,42.8152,41.5456,43.9777,140.009,239.997,139.984
14:22:30,2024-07-14,416.751922,34082.3,0.352466,2.06978,20.3138,0.237883,42.8147,41.5452,43.9773,139.997,239.997,139.999
14:22:31,2024-07-14,419.436689,34024.8,0.34872,2.067,19.88,0.237016,42.8147,41.5446,43.9767,140.015,240.009,139.978
14:22:31,2024-07-14,418.138208,33975.5,0.351421,2.06439,20.035,0.237016,42.8142,41.5444,43.9767,140.005,240.005,139.978
14:22:32,2024-07-14,421.359102,33944.3,0.352203,2.06269,21.0888,0.23652,42.8140,41.5446,43.9764,140.004,240.01,139.984
14:22:33,2024-07-14,422.598702,33933.2,0.351866,2.06558,20.2602,0.236696,42.8139,41.5453,43.9759,139.996,240.01,139.999
14:22:34,2024-07-14,425.883642,33905.4,0.349992,2.06166,21.1567,0.236962,42.8136,41.5459,43.9757,140.003,240,140.013
14:22:35,2024-07-14,424.463267,33905.4,0.350238,2.06166,21.1567,0.237155,42.8136,41.5459,43.975,139.999,240,139.994
14:22:36,2024-07-14,429.758425,33917.1,0.350891,2.05552,19.9263,0.237349,42.8136,41.5462,43.9744,140.005,240.001,140.022
14:22:37,2024-07-14,428.772943,33910.0,0.352471,2.0607,20.5997,0.237931,42.8138,41.5463,43.9742,139.996,240.001,140.015
14:22:38,2024-07-14,428.772943,33906.0,0.352471,2.05661,20.6562,0.238998,42.8138,41.5463,43.974,139.996,239.991,139.99
14:22:39,2024-07-14,432.953494,33929.3,0.351533,2.05635,21.0447,0.238998,42.8139,41.5460,43.974,139.997,239.997,139.99
14:22:40,2024-07-14,431.207724,33946.1,0.352186,2.0585,20.6544,0.239953,42.8142,41.5458,43.9735,139.999,239.997,140.039
14:22:41,2024-07-14,430.267694,33905.8,0.349149,2.05535,20.8111,0.2402,42.8140,41.5459,43.9732,140.007,240.002,140
14:22:41,2024-07-14,429.456789,33890.1,0.352389,2.05539,20.8445,0.240448,42.8141,41.5464,43.9728,139.991,239.98,140.004
14:22:42,2024-07-14,430.289387,33859.1,0.352073,2.05548,21.0374,0.240616,42.8145,41.5464,43.9725,139.995,239.995,140.015
14:22:43,2024-07-14,428.938223,33808.9,0.349429,2.05015,20.9924,0.239998,42.8143,41.5467,43.9719,140.001,240.008,140.008
14:22:44,2024-07-14,428.44135,33783.4,0.352198,2.05232,21.4861,0.23921,42.8146,41.5466,43.9712,139.994,240,140.019
14:22:45,2024-07-14,426.65426,33783.4,0.350109,2.05232,21.4861,0.238988,42.8144,41.5466,43.9709,140.002,240,139.964
14:22:46,2024-07-14,424.424013,33729.4,0.351988,2.05088,20.9873,0.238054,42.8144,41.5462,43.971,140,240.005,140.015
14:22:47,2024-07-14,424.424013,33704.2,0.351988,2.05545,20.0854,0.237907,42.8144,41.5464,43.9713,140,239.992,140.009
14:22:48,2024-07-14,425.512795,33660.2,0.352492,2.05557,21.0606,0.237907,42.8149,41.5465,43.9713,140.01,240.005,140.009
14:22:49,2024-07-14,426.188377,33602.7,0.351856,2.05101,20.3431,0.237079,42.8150,41.5462,43.9713,139.994,239.995,140.004
14:22:50,2024-07-14,424.374429,33551.9,0.349705,2.06054,20.5631,0.236889,42.8153,41.5462,43.9713,140,239.989,140.007
14:22:50,2024-07-14,426.26172,33535.0,0.348768,2.06657,20.6162,0.236742,42.8153,41.5460,43.9712,140.001,239.995,139.992
14:22:51,2024-07-14,428.828725,33485.5,0.349742,2.06969,20.5539,0.237565,42.8153,41.5463,43.9712,140.008,240.01,139.968
14:22:52,2024-07-14,433.175589,33501.2,0.349074,2.07318,20.5877,0.237565,42.8156,41.5464,43.9712,139.992,239.975,139.968
14:22:53,2024-07-14,435.056682,33493.5,0.348427,2.07756,20.1875,0.241057,42.8156,41.5458,43.9717,139.99,240.007,139.942
14:22:54,2024-07-14,431.012487,33493.5,0.352541,2.07756,20.1875,0.242225,42.8157,41.5458,43.9721,139.994,240.007,140.005
14:22:55,2024-07-14,431.906032,33485.0,0.350673,2.0713,20.7593,0.242528,42.8159,41.5458,43.9725,140.001,240.002,140.019
14:22:56,2024-07-14,430.035269,33500.6,0.34867,2.07319,20.5179,0.24247,42.8155,41.5454,43.9726,140.006,240.009,139.996
14:22:57,2024-07-14,430.035269,33497.6,0.34867,2.06558,21.3931,0.241339,42.8155,41.5451,43.9731,140.006,239.992,139.982
14:22:58,2024-07-14,427.85254,33514.5,0.34986,2.06942,20.3906,0.240112,42.8158,41.5451,43.9732,139.996,239.995,140.008
14:22:59,2024-07-14,423.103839,33523.3,0.352695,2.06165,20.8343,0.240112,42.8160,41.5453,43.9732,139.992,240,140.008
14:23:00,2024-07-14,423.69988,33521.3,0.352215,2.05703,20.1219,0.23895,42.8160,41.5452,43.9735,139.997,240.002,139.989
14:23:00,2024-07-14,424.669867,33520.5,0.352118,2.05611,20.7303,0.238703,42.8159,41.5451,43.9737,140.015,239.999,140.016
14:23:01,2024-07-14,427.519914,33556.0,0.35056,2.05345,20.3112,0.238159,42.8161,41.5444,43.9739,139.999,240.009,140.003
14:23:02,2024-07-14,429.585914,33605.3,0.349612,2.05362,20.7858,0.238082,42.8160,41.5433,43.9742,140.001,239.986,139.996
14:23:03,2024-07-14,427.702755,33605.3,0.352017,2.05362,20.7858,0.237874,42.8159,41.5433,43.9744,139.991,239.986,139.99
14:23:04,2024-07-14,429.725369,33627.6,0.350855,2.05617,20.4852,0.237302,42.8158,41.5427,43.9745,139.992,239.99,140.02
14:23:05,2024-07-14,431.33375,33655.3,0.352341,2.05167,20.5884,0.268306,42.8156,41.5426,43.9746,140.005,240.009,140.017
14:23:06,2024-07-14,431.33375,33663.8,0.352341,2.06074,20.3398,0.636221,42.8156,41.5422,43.9749,140.005,240.016,140.01
14:23:07,2024-07-14,431.824425,33697.0,0.353267,2.06303,21.3375,1.21564,42.8156,41.5418,43.9754,139.995,239.99,139.964
14:23:08,2024-07-14,429.9392,33724.3,0.352146,2.07661,21.9251,1.21564,42.8154,41.5417,43.9754,140.003,239.993,139.964
14:23:09,2024-07-14,430.667465,33739.6,0.3505,2.08142,21.3552,1.37581,42.8155,41.5415,43.9755,140.006,239.996,140.012
14:23:10,2024-07-14,428.657247,33741.9,0.351294,2.09461,20.5853,1.18932,42.8153,41.5415,43.9757,139.991,239.985,140.034
14:23:10,2024-07-14,428.70993,33739.5,0.351066,2.10118,20.5471,0.936666,42.8151,41.5416,43.9761,139.999,240.001,139.988
14:23:11,2024-07-14,430.080721,33727.5,0.352964,2.11874,21.0674,0.753949,42.8150,41.5418,43.9761,140.002,240,140.006
14:23:12,2024-07-14,433.295417,33721.0,0.354015,2.14577,21.0128,0.666129,42.8149,41.5424,43.9759,139.991,240.008,140.001
14:23:13,2024-07-14,437.362338,33727.5,0.350924,2.16298,21.0614,0.70112,42.8152,41.5427,43.9759,140.003,239.994,139.989
14:23:14,2024-07-14,432.86259,33727.5,0.352942,2.16298,21.0614,0.821288,42.8154,41.5427,43.976,140.015,239.994,139.989
14:23:15,2024-07-14,431.386433,33724.5,0.352908,2.17435,20.7123,0.821288,42.8156,41.5428,43.976,139.988,240.001,139.989
14:23:16,2024-07-14,426.719339,33712.9,0.352059,2.16565,20.703,0.799023,42.8157,41.5426,43.976,140.003,239.999,140.005
14:23:17,2024-07-14,426.719339,33692.4,0.352059,2.15406,20.8276,0.736506,42.8157,41.5431,43.9761,140.003,240.003,140.011
14:23:18,2024-07-14,427.452769,33684.3,0.351681,2.14677,20.9297,0.635895,42.8155,41.5437,43.9761,139.987,239.99,140.006
14:23:19,2024-07-14,426.122265,33642.3,0.349522,2.13326,20.5355,0.518585,42.8154,41.5441,43.9763,140.001,240.008,139.997
14:23:19,2024-07-14,423.464356,33615.6,0.349201,2.12481,21.0271,0.426782,42.8158,41.5440,43.9767,140.006,240.008,140.019
14:23:20,2024-07-14,422.126621,33601.6,0.348964,2.11612,21.5494,0.364551,42.8159,41.5442,43.9768,139.999,239.982,139.989
14:23:21,2024-07-14,419.117492,33557.7,0.35254,2.10406,21.5044,0.333079,42.8160,41.5440,43.9769,140.002,240.017,140.002
14:23:22,2024-07-14,419.130921,33523.3,0.351717,2.0991,20.6118,0.33481,42.8161,41.5435,43.9767,139.999,240,139.983
14:23:23,2024-07-14,419.428425,33523.3,0.351363,2.0991,20.6118,0.367054,42.8164,41.5435,43.9767,139.996,240,139.989
14:23:24,2024-07-14,419.079271,33505.0,0.352606,2.10063,20.4028,0.39941,42.8165,41.5430,43.9763,139.998,239.997,139.996
14:23:25,2024-07-14,419.545154,33514.6,0.352555,2.10151,20.9213,0.39941,42.8164,41.5431,43.9763,140.017,239.998,139.996
14:23:26,2024-07-14,419.545154,33494.6,0.352555,2.09648,21.0768,0.409743,42.8164,41.5436,43.9761,140.017,240.032,140.023
14:23:27,2024-07-14,421.14837,33491.5,0.352707,2.09672,21.0202,0.394917,42.8162,41.5439,43.9755,140.009,240.012,139.986
14:23:28,2024-07-14,427.920718,33489.1,0.351585,2.0921,20.9305,0.357438,42.8163,41.5441,43.9751,140.005,239.985,139.935
14:23:29,2024-07-14,432.855359,33469.0,0.349475,2.09613,20.6634,0.339195,42.8162,41.5438,43.9749,139.993,239.997,140.013
14:23:29,2024-07-14,432.192173,33481.2,0.350201,2.10339,21.026,0.421035,42.8160,41.5438,43.9745,139.998,239.989,140.003
14:23:30,2024-07-14,434.717858,33492.0,0.353444,2.11607,20.8577,0.518904,42.8154,41.5437,43.9741,139.99,240.005,140.039
14:23:31,2024-07-14,437.000788,33490.9,0.349441,2.12327,22.2265,0.584772,42.8159,41.5442,43.9739,140.003,240.015,140.007
14:23:32,2024-07-14,436.700185,33510.2,0.353393,2.1226,21.1762,0.585728,42.8157,41.5448,43.9739,139.998,239.996,139.992
14:23:33,2024-07-14,446.489926,33510.2,0.350062,2.1226,21.1762,0.581739,42.8155,41.5448,43.9743,139.997,239.996,139.991
14:23:34,2024-07-14,447.98571,33505.0,0.349177,2.11915,21.2235,0.578802,42.8152,41.5449,43.9744,139.989,240.005,139.999
14:23:35,2024-07-14,444.389837,33468.6,0.34892,2.11958,21.8335,0.544073,42.8149,41.5451,43.9747,139.996,240.011,140.021
14:23:36,2024-07-14,444.389837,33467.9,0.34892,2.1113,21.9298,0.544073,42.8149,41.5446,43.9747,139.996,239.99,140.021
14:23:37,2024-07-14,436.123771,33438.9,0.35283,2.11276,21.1442,0.481006,42.8145,41.5448,43.9749,140.01,240.017,140.001
14:23:38,2024-07-14,433.782993,33408.2,0.349461,2.10733,20.9765,0.421302,42.8146,41.5453,43.9746,140.007,239.999,139.996
14:23:38,2024-07-14,431.569274,33383.4,0.349397,2.10923,21.5549,0.376283,42.8143,41.5457,43.9748,139.996,240.009,139.997
14:23:39,2024-07-14,427.919685,33368.6,0.351137,2.10577,21.1755,0.345475,42.8144,41.5465,43.9745,140.001,239.994,140.036
14:23:40,2024-07-14,427.22241,33329.3,0.349922,2.09915,20.8011,0.323949,42.8139,41.5468,43.9742,140.002,239.986,139.989
14:23:41,2024-07-14,424.899193,33339.8,0.34943,2.09971,20.9803,0.308432,42.8140,41.5471,43.974,140.005,239.996,139.99
14:23:42,2024-07-14,425.927028,33321.4,0.350049,2.09703,21.3349,0.298051,42.8139,41.5469,43.9735,139.999,239.999,140.028
14:23:43,2024-07-14,424.884731,33321.4,0.350108,2.09703,21.3349,0.288636,42.8135,41.5469,43.9726,140.018,239.999,139.972
14:23:44,2024-07-14,424.884731,33282.3,0.350108,2.09676,20.8035,0.288636,42.8135,41.5468,43.9726,140.018,239.984,139.972
14:23:45,2024-07-14,424.996295,33278.5,0.349371,2.08774,21.3006,0.27787,42.8131,41.5471,43.9714,139.995,240.001,139.98
14:23:46,2024-07-14,425.963183,33242.8,0.34931,2.08797,20.8664,0.279909,42.8129,41.5469,43.9703,140.006,239.998,139.982
14:23:47,2024-07-14,429.088008,33218.9,0.349833,2.09188,21.1155,0.307249,42.8130,41.5472,43.9692,140.004,240,139.992
14:23:47,2024-07-14,429.233661,33193.8,0.352835,2.09196,21.5791,0.34291,42.8127,41.5470,43.9687,139.989,240,139.983
14:23:48,2024-07-14,432.240724,33195.0,0.350935,2.09299,21.0385,0.446528,42.8126,41.5468,43.9683,139.997,240.002,140.002
14:23:49,2024-07-14,436.606182,33205.5,0.351285,2.09159,20.5945,0.551096,42.8127,41.5466,43.9685,140.011,239.99,139.997
14:23:50,2024-07-14,435.921303,33205.5,0.352201,2.09159,20.5945,0.588888,42.8125,41.5466,43.9686,139.99,239.99,140.015
14:23:51,2024-07-14,437.81066,33201.7,0.349431,2.09286,21.4484,0.582042,42.8125,41.5467,43.9686,140.005,239.991,140.007
14:23:52,2024-07-14,433.739607,33201.3,0.349866,2.09968,20.9613,0.543965,42.8124,41.5463,43.9689,139.991,240.002,139.977
14:23:53,2024-07-14,429.733633,33232.3,0.352248,2.10713,21.0529,0.487207,42.8125,41.5469,43.9694,139.996,239.991,140.007
14:23:54,2024-07-14,429.733633,33255.9,0.352248,2.12046,21.6239,0.487207,42.8125,41.5468,43.9694,139.996,240.021,140.007
14:23:55,2024-07-14,429.27808,33252.8,0.352687,2.13382,21.3051,0.447236,42.8126,41.5469,43.9698,140.003,240.008,140.006
14:23:56,2024-07-14,431.944253,33260.0,0.352739,2.13784,21.2468,0.425257,42.8129,41.5467,43.9701,139.998,239.997,140.004
14:23:57,2024-07-14,432.022761,33280.2,0.350713,2.13982,21.2745,0.417232,42.8125,41.5467,43.9705,139.998,239.989,140.009
14:23:57,2024-07-14,426.511706,33283.9,0.351177,2.14609,21.4212,0.409613,42.8127,41.5463,43.9706,140.006,240.008,139.992
14:23:58,2024-07-14,428.828725,33283.9,0.35207,2.14609,21.4212,0.384831,42.8130,41.5463,43.971,139.999,240.008,139.984
14:23:59,2024-07-14,425.861949,33283.2,0.350318,2.14774,20.5891,0.355733,42.8133,41.5459,43.971,139.999,239.998,139.991
14:24:00,2024-07-14,427.434175,33277.1,0.350399,2.14856,21.6126,0.333219,42.8131,41.5454,43.9709,139.992,239.993,140.038
14:24:01,2024-07-14,427.434175,33270.0,0.350399,2.14754,20.7383,0.327716,42.8131,41.5457,43.971,139.992,240.007,140.024
14:24:02,2024-07-14,433.615647,33269.0,0.349605,2.15395,21.5919,0.395101,42.8128,41.5457,43.9712,139.968,240.003,139.985
14:24:03,2024-07-14,436.910917,33262.4,0.352874,2.16017,22.0917,0.395101,42.8128,41.5457,43.9712,139.995,239.988,139.985
14:24:04,2024-07-14,443.15127,33280.3,0.354181,2.19627,21.2187,0.537379,42.8128,41.5457,43.9713,139.997,239.996,140.006
14:24:05,2024-07-14,451.631167,33285.0,0.352766,2.24808,21.4225,0.756409,42.8128,41.5456,43.9718,140.009,240.008,139.995
14:24:06,2024-07-14,455.026638,33294.8,0.353228,2.28041,20.6676,0.835741,42.8130,41.5454,43.9719,140.001,239.988,140.012
14:24:07,2024-07-14,453.083565,33301.7,0.355958,2.3062,21.4271,0.834667,42.8126,41.5453,43.9719,139.989,239.994,139.987
14:24:07,2024-07-14,459.140044,33312.1,0.354003,2.32328,21.3997,0.890556,42.8131,41.5449,43.9719,139.991,240.008,140.014
14:24:08,2024-07-14,458.229971,33304.1,0.355036,2.32139,21.8715,1.0221,42.8130,41.5451,43.9722,140.011,240.005,140.005
14:24:09,2024-07-14,459.34871,33304.1,0.353623,2.32139,21.8715,1.27916,42.8130,41.5451,43.9722,140.002,240.005,140.008
14:24:10,2024-07-14,460.726732,33333.5,0.351202,2.30303,22.1788,1.69313,42.8131,41.5446,43.9725,140.004,239.995,139.995
14:24:11,2024-07-14,456.20839,33337.7,0.351807,2.27575,22.0803,1.88332,42.8133,41.5440,43.973,140.015,239.995,140.012
14:24:12,2024-07-14,456.20839,33347.5,0.351807,2.25077,22.4137,1.84104,42.8133,41.5439,43.9733,140.015,240.016,139.988
14:24:13,2024-07-14,454.104169,33351.0,0.349532,2.2208,21.4542,1.84104,42.8133,41.5429,43.9733,140.016,240.004,139.988
14:24:14,2024-07-14,445.94037,33355.4,0.351378,2.19987,21.2299,1.59724,42.8133,41.5434,43.9734,140.001,239.981,140.015
14:24:15,2024-07-14,437.949082,33341.3,0.352346,2.17836,21.0752,1.24673,42.8133,41.5432,43.973,140.006,239.995,139.974
14:24:16,2024-07-14,433.150797,33328.1,0.351561,2.15993,21.224,0.936897,42.8131,41.5425,43.9725,140.003,240.014,139.983
14:24:17,2024-07-14,430.888527,33306.4,0.35062,2.14311,21.8423,0.708068,42.8130,41.5422,43.972,140.011,240.011,140.023
14:24:17,2024-07-14,433.791257,33299.0,0.349527,2.13624,20.2695,0.553193,42.8128,41.5423,43.9716,140.002,240.002,139.964
14:24:18,2024-07-14,430.661267,33259.8,0.351074,2.12768,20.6347,0.45302,42.8130,41.5426,43.9711,140.005,240.006,139.977
14:24:19,2024-07-14,436.470859,33259.8,0.351636,2.12768,20.6347,0.387752,42.8125,41.5426,43.9706,139.996,240.006,140.002
14:24:20,2024-07-14,436.470859,33245.7,0.351636,2.12649,21.4313,0.346525,42.8125,41.5427,43.9706,139.996,240.001,139.986
14:24:21,2024-07-14,437.935653,33230.3,0.349995,2.12482,20.3837,0.347097,42.8128,41.5428,43.9702,140.003,239.992,140.021
14:24:22,2024-07-14,440.702027,33228.8,0.349559,2.13534,21.2449,0.436448,42.8128,41.5430,43.9701,139.972,239.987,140.04
14:24:23,2024-07-14,439.817779,33246.3,0.352827,2.14575,20.5669,0.436448,42.8129,41.5427,43.9701,139.991,239.974,140.04
14:24:24,2024-07-14,448.4299,33244.1,0.350154,2.15416,20.1568,0.597164,42.8131,41.5429,43.9699,139.996,240.005,139.995
14:24:25,2024-07-14,451.222099,33264.4,0.351677,2.16762,21.3682,0.763479,42.8131,41.5430,43.9697,139.991,240.006,139.983
14:24:26,2024-07-14,450.559946,33288.5,0.35386,2.18464,20.8747,0.931395,42.8128,41.5430,43.9699,139.999,240.008,140.011
14:24:26,2024-07-14,448.800747,33322.0,0.351669,2.20005,21.4067,1.13889,42.8126,41.5432,43.9696,139.991,239.998,139.993
14:24:27,2024-07-14,442.669892,33360.1,0.352894,2.20376,21.025,1.36076,42.8127,41.5439,43.9698,139.995,239.998,140.026
14:24:28,2024-07-14,442.669892,33360.1,0.352894,2.20376,21.025,1.55215,42.8127,41.5439,43.9701,139.995,239.998,140.024
14:24:29,2024-07-14,445.946568,33386.3,0.351215,2.2199,21.2855,1.63666,42.8124,41.5438,43.9706,139.996,240.004,139.996
14:24:30,2024-07-14,451.397709,33406.2,0.350868,2.25019,21.1179,1.58571,42.8125,41.5433,43.9713,139.997,240.016,140.018
14:24:31,2024-07-14,463.533393,33427.6,0.35065,2.27662,21.3792,1.49183,42.8123,41.5432,43.9724,139.997,240,139.99
14:24:32,2024-07-14,473.031828,33472.8,0.351434,2.31325,21.5197,1.49183,42.8129,41.5433,43.9724,139.997,240.002,139.99
14:24:33,2024-07-14,470.421437,33498.8,0.353105,2.33107,21.5424,1.36774,42.8131,41.5436,43.9733,139.983,240,139.989
14:24:34,2024-07-14,461.477723,33545.4,0.352254,2.32814,21.1286,1.24371,42.8133,41.5437,43.974,139.986,240.009,140.019
14:24:35,2024-07-14,454.935734,33574.0,0.353035,2.31634,21.8187,1.12807,42.8136,41.5438,43.9741,139.984,239.987,140.003
14:24:36,2024-07-14,449.965971,33580.7,0.350589,2.3093,21.0061,1.00102,42.8139,41.5437,43.9744,139.995,240.011,140.002
14:24:36,2024-07-14,449.544507,33589.0,0.352022,2.30043,21.7568,0.858096,42.8141,41.5436,43.9746,139.995,240.002,139.99
14:24:37,2024-07-14,446.944446,33571.2,0.351059,2.30168,21.4247,0.735747,42.8143,41.5435,43.9749,139.988,240.016,140
14:24:38,2024-07-14,446.944446,33571.2,0.351059,2.30168,21.4247,0.636592,42.8143,41.5435,43.9752,139.988,240.016,140.021
14:24:39,2024-07-14,449.093086,33569.8,0.351233,2.29832,21.988,0.556347,42.8143,41.5436,43.9757,140.001,240.008,140.003
14:24:40,2024-07-14,444.686308,33566.6,0.350759,2.28685,20.7603,0.493388,42.8141,41.5435,43.9759,139.994,239.998,140.007
14:24:41,2024-07-14,439.26719,33573.0,0.353142,2.26954,21.2719,0.443843,42.8141,41.5434,43.9763,139.989,240.004,140.008
14:24:42,2024-07-14,434.868676,33567.3,0.353007,2.26336,20.6669,0.443843,42.8133,41.5433,43.9763,139.997,240.016,140.008
14:24:43,2024-07-14,435.512235,33561.4,0.349023,2.25134,20.3044,0.40261,42.8136,41.5439,43.9765,140.007,239.997,140.006
14:24:44,2024-07-14,433.620812,33532.0,0.349811,2.23636,20.8347,0.375356,42.8133,41.5440,43.9767,139.997,239.995,139.995
14:24:45,2024-07-14,435.615535,33562.9,0.352224,2.22954,21.2863,0.355071,42.8130,41.5444,43.977,139.993,240,139.997
14:24:45,2024-07-14,439.367391,33539.4,0.350605,2.21626,21.3237,0.34092,42.8130,41.5445,43.9771,139.989,240.005,140.002
14:24:46,2024-07-14,442.201943,33535.4,0.349772,2.21041,21.0545,0.336835,42.8129,41.5445,43.977,139.994,240.005,140.013
14:24:47,2024-07-14,442.201943,33543.8,0.349772,2.20722,20.7859,0.338455,42.8129,41.5445,43.9766,139.994,239.995,139.995
14:24:48,2024-07-14,443.137841,33543.8,0.353252,2.20722,20.7859,0.341604,42.8127,41.5445,43.9762,139.999,239.995,140.001
14:24:49,2024-07-14,446.044703,33536.0,0.350381,2.21122,20.7339,0.353235,42.8128,41.5444,43.9759,140.006,240.001,140.032
14:24:50,2024-07-14,447.828694,33562.7,0.35107,2.21521,20.6796,0.353235,42.8127,41.5446,43.9759,139.999,239.999,140.032
14:24:51,2024-07-14,441.924066,33573.5,0.353298,2.22517,20.7924,0.362938,42.8124,41.5447,43.9757,140.019,239.998,140.004
14:24:52,2024-07-14,440.918957,33593.9,0.349458,2.22007,21.1974,0.359147,42.8125,41.5445,43.9756,140.012,240.011,139.998
14:24:53,2024-07-14,432.994814,33613.4,0.35212,2.20944,20.7826,0.34456,42.8127,41.5450,43.9754,140.006,240.007,139.974
14:24:54,2024-07-14,431.072401,33654.7,0.350212,2.18369,20.5736,0.325248,42.8126,41.5456,43.9753,139.992,239.968,140.037
14:24:55,2024-07-14,430.626145,33681.3,0.349032,2.15999,21.1137,0.308912,42.8126,41.5458,43.9751,140.006,240.011,139.993
14:24:55,2024-07-14,430.499086,33680.6,0.350796,2.14982,20.7266,0.301293,42.8123,41.5464,43.975,139.998,240.023,139.974
14:24:56,2024-07-14,430.287321,33675.3,0.350476,2.14359,20.6657,0.299694,42.8124,41.5469,43.975,140.002,239.997,140.004
14:24:57,2024-07-14,430.287321,33663.0,0.350476,2.14057,20.5798,0.302344,42.8124,41.5473,43.9747,140.002,240.016,140.005
14:24:58,2024-07-14,431.347179,33663.0,0.349166,2.14057,20.5798,0.304095,42.8128,41.5473,43.9744,140.008,240.016,140.014
14:24:59,2024-07-14,433.711716,33648.4,0.349984,2.16917,21.4096,0.315399,42.8125,41.5470,43.9744,140.001,239.991,140.009
14:25:00,2024-07-14,437.105121,33613.0,0.350377,2.22016,20.1254,0.327688,42.8126,41.5467,43.9747,139.986,240,139.998
14:25:01,2024-07-14,436.778693,33601.4,0.352201,2.2666,20.8658,0.327688,42.8124,41.5467,43.9747,140.009,239.997,139.998
14:25:02,2024-07-14,437.29416,33584.6,0.352467,2.27815,20.4492,0.333403,42.8122,41.5463,43.9746,139.997,240.002,140.023
14:25:03,2024-07-14,438.906673,33577.4,0.35081,2.27069,19.8629,0.337094,42.8119,41.5457,43.9748,139.988,239.989,139.995
14:25:04,2024-07-14,438.975884,33593.2,0.35347,2.2664,21.1258,0.353987,42.8117,41.5451,43.9749,139.994,239.992,139.997
14:25:04,2024-07-14,440.980937,33570.7,0.352346,2.25657,21.473,0.377336,42.8117,41.5448,43.9745,140.003,240.009,140.014
14:25:05,2024-07-14,440.980937,33603.2,0.352346,2.23885,21.2765,0.403962,42.8117,41.5443,43.9748,140.003,239.98,140.003
14:25:06,2024-07-14,442.167854,33639.8,0.350163,2.21649,21.5182,0.485552,42.8117,41.5442,43.9748,140.002,239.993,140.002
14:25:07,2024-07-14,440.048138,33656.9,0.353241,2.19653,20.8,0.760907,42.8118,41.5444,43.9747,139.994,240.015,139.987
14:25:08,2024-07-14,448.666457,33656.9,0.351425,2.19653,20.8,1.0709,42.8113,41.5444,43.9746,139.999,240.015,139.99
14:25:09,2024-07-14,457.887015,33685.5,0.351997,2.18138,21.0299,1.0709,42.8114,41.5448,43.9746,140.002,239.985,139.99
14:25:10,2024-07-14,463.203866,33703.7,0.352823,2.16798,21.535,1.42849,42.8111,41.5446,43.9742,139.991,240.008,139.988
14:25:11,2024-07-14,455.172291,33754.4,0.353501,2.16215,21.7602,1.72675,42.8114,41.5447,43.9739,139.992,240.005,139.998
14:25:12,2024-07-14,445.244128,33815.1,0.352525,2.15899,21.7995,1.68731,42.8113,41.5446,43.9735,139.996,239.994,140.031
14:25:13,2024-07-14,446.530213,33852.2,0.352048,2.16526,21.6604,1.52742,42.8112,41.5452,43.9735,140.002,240.007,140.004
14:25:14,2024-07-14,441.377609,33903.2,0.351826,2.1564,21.8767,1.56674,42.8113,41.5455,43.9734,140.003,239.986,140.009
14:25:14,2024-07-14,437.193959,33971.7,0.349524,2.14955,20.9728,1.66064,42.8113,41.5452,43.9732,140.008,239.998,139.979
14:25:15,2024-07-14,431.014553,34008.0,0.350443,2.1308,21.3643,1.43636,42.8112,41.5456,43.9732,140.001,240.011,139.995
14:25:16,2024-07-14,431.014553,34008.0,0.350443,2.1308,21.3643,1.09505,42.8112,41.5456,43.9731,140.001,240.011,139.998
14:25:17,2024-07-14,423.538732,34063.1,0.350639,2.12551,21.0914,0.80693,42.8113,41.5455,43.9733,139.989,240.005,139.993
14:25:18,2024-07-14,421.617352,34082.6,0.352509,2.11216,21.3571,0.605488,42.8115,41.5458,43.9735,139.997,240.009,139.99
14:25:19,2024-07-14,422.004727,34075.1,0.349524,2.10469,20.6207,0.605488,42.8109,41.5461,43.9735,140.003,240.008,139.99
14:25:20,2024-07-14,420.966562,34039.5,0.351367,2.09356,21.1488,0.475107,42.8107,41.5465,43.9737,140.003,239.992,140.005
14:25:21,2024-07-14,425.694603,33993.2,0.350062,2.0897,20.448,0.398931,42.8109,41.5465,43.9738,140.002,240.003,140.02
14:25:22,2024-07-14,427.938279,33944.2,0.350942,2.08695,21.9985,0.376234,42.8109,41.5465,43.9741,140.011,240.006,139.996
14:25:23,2024-07-14,434.7943,33855.6,0.349686,2.0848,21.2737,0.480736,42.8110,41.5464,43.974,140.004,240.022,139.971
14:25:24,2024-07-14,441.578011,33797.3,0.349434,2.08536,21.5658,0.742453,42.8110,41.5464,43.9741,140.006,239.994,139.989
14:25:24,2024-07-14,444.484873,33759.5,0.349531,2.08075,20.9606,0.896262,42.8110,41.5464,43.9744,139.997,240.001,139.994
14:25:25,2024-07-14,444.484873,33759.2,0.349531,2.0844,21.7833,0.984482,42.8110,41.5461,43.9744,139.997,240.003,139.994
14:25:26,2024-07-14,443.893997,33757.2,0.349712,2.08454,20.6932,1.01869,42.8112,41.5461,43.9739,139.997,239.997,139.994
14:25:27,2024-07-14,446.582896,33757.2,0.350179,2.08454,20.6932,1.1403,42.8113,41.5461,43.9733,139.993,239.997,140.026
14:25:28,2024-07-14,452.20035,33777.1,0.349763,2.07502,21.1473,1.1403,42.8111,41.5462,43.9733,140.005,239.999,140.026
14:25:29,2024-07-14,456.460442,33820.3,0.350851,2.07514,21.1582,1.38549,42.8115,41.5455,43.9725,139.999,239.992,140.019
14:25:30,2024-07-14,448.920575,33870.1,0.350944,2.07547,22.2172,1.61433,42.8120,41.5451,43.9718,140.007,240.011,140.015
14:25:31,2024-07-14,442.462259,33901.4,0.350256,2.07367,21.6603,1.67358,42.8120,41.5449,43.9712,140.005,239.999,139.989
14:25:32,2024-07-14,431.837854,33924.4,0.351927,2.06687,21.5079,1.4546,42.8120,41.5451,43.9709,140.004,239.999,139.99
14:25:33,2024-07-14,433.335704,33945.4,0.348686,2.07037,20.3159,1.12656,42.8123,41.5449,43.9711,139.975,239.99,139.99
14:25:33,2024-07-14,435.993613,33964.6,0.350539,2.06375,21.1174,0.892438,42.8121,41.5451,43.9711,139.984,239.984,140.011
14:25:34,2024-07-14,435.993613,33983.7,0.350539,2.06442,20.7361,0.794476,42.8121,41.5453,43.9711,139.984,239.985,140.025
14:25:35,2024-07-14,435.761188,33983.7,0.352191,2.06442,20.7361,0.767272,42.8122,41.5453,43.9714,139.992,239.985,140.022
14:25:36,2024-07-14,436.989425,33989.5,0.352755,2.06513,21.0354,0.7439,42.8120,41.5453,43.9714,140.001,240.005,139.982
14:25:37,2024-07-14,434.633152,34016.9,0.352298,2.06628,21.1721,0.695049,42.8122,41.5451,43.9716,139.995,239.999,140.005
14:25:38,2024-07-14,441.083204,34058.7,0.349432,2.07261,20.7185,0.695049,42.8123,41.5450,43.9716,140.011,239.995,140.005
14:25:39,2024-07-14,465.903095,34091.4,0.351656,2.06819,21.1731,0.660787,42.8119,41.5449,43.9719,139.994,240,140.001
14:25:40,2024-07-14,484.059103,34139.5,0.352544,2.07267,21.6616,0.704385,42.8119,41.5450,43.9719,140.004,240.008,139.982
14:25:41,2024-07-14,491.491538,34189.8,0.352311,2.07046,21.6904,0.813107,42.8119,41.5450,43.9719,139.991,239.998,140.009
14:25:42,2024-07-14,491.354149,34227.4,0.35142,2.06823,21.7168,0.971222,42.8119,41.5446,43.972,140.006,239.988,140.034
14:25:43,2024-07-14,476.161818,34239.7,0.349088,2.06566,21.9449,1.11563,42.8118,41.5446,43.9715,139.996,239.997,139.99
14:25:43,2024-07-14,476.161818,34244.0,0.349088,2.06003,21.007,1.10469,42.8118,41.5446,43.9709,139.996,240.017,140.005
14:25:44,2024-07-14,465.18516,34244.0,0.350972,2.06003,21.007,0.964657,42.8118,41.5446,43.9709,140.008,240.017,139.994
14:25:45,2024-07-14,458.743372,34255.1,0.352162,2.0593,20.7788,0.844844,42.8119,41.5448,43.9707,140.008,240.003,140.004
14:25:46,2024-07-14,459.662742,34261.5,0.350809,2.06283,20.8925,0.808557,42.8119,41.5449,43.9705,140.001,240.005,139.976
14:25:47,2024-07-14,457.773385,34241.5,0.351585,2.05876,20.9688,0.817526,42.8119,41.5452,43.9703,139.995,239.995,139.99
14:25:48,2024-07-14,455.066925,34240.4,0.352363,2.06452,21.3434,0.817526,42.8119,41.5451,43.9703,139.996,240.004,139.99
14:25:49,2024-07-14,449.616817,34222.0,0.352772,2.06326,21.7543,0.855151,42.8121,41.5449,43.9704,140.005,240.005,140.021
14:25:50,2024-07-14,454.077311,34203.4,0.34985,2.05861,20.6848,0.86888,42.8121,41.5449,43.9703,140,240.006,139.97
14:25:51,2024-07-14,454.436795,34177.9,0.349543,2.05534,21.6837,0.785913,42.8124,41.5444,43.9705,139.986,240.002,139.982
14:25:52,2024-07-14,452.410049,34152.5,0.349664,2.05341,20.6024,0.694282,42.8127,41.5444,43.9708,140.005,240.005,140.002
14:25:53,2024-07-14,440.893132,34136.8,0.351633,2.05332,20.2786,0.614186,42.8127,41.5448,43.9708,140.009,239.986,139.991
14:25:53,2024-07-14,440.893132,34124.8,0.351633,2.05176,20.4896,0.543147,42.8127,41.5448,43.9707,140.009,240.002,140.032
14:25:54,2024-07-14,434.423453,34124.8,0.35187,2.05176,20.4896,0.469277,42.8125,41.5448,43.9708,139.984,240.002,140.002
14:25:55,2024-07-14,430.572429,34147.3,0.349488,2.05345,20.8276,0.400327,42.8126,41.5448,43.9707,140.007,239.993,139.996
14:25:56,2024-07-14,424.976668,34155.2,0.351331,2.05232,20.6843,0.355219,42.8127,41.5445,43.9711,139.987,239.994,139.99
14:25:57,2024-07-14,426.072681,34139.4,0.351074,2.05629,20.1003,0.32538,42.8130,41.5446,43.9711,140.007,240.017,140.009
14:25:58,2024-07-14,423.310439,34151.9,0.352391,2.05544,21.3243,0.30978,42.8129,41.5449,43.971,140.009,240.007,140.021
14:25:59,2024-07-14,425.715263,34173.8,0.349639,2.05782,20.315,0.29751,42.8129,41.5454,43.9708,140.002,240,139.977
14:26:00,2024-07-14,425.441518,34209.4,0.352468,2.056,20.4319,0.29751,42.8127,41.5457,43.9708,139.998,240.008,139.977
14:26:01,2024-07-14,426.265852,34293.0,0.351639,2.05528,21.1409,0.289339,42.8129,41.5455,43.9706,140.009,240,140.012
14:26:02,2024-07-14,432.622934,34369.2,0.350016,2.05382,21.1024,0.305533,42.8129,41.5453,43.9705,140.004,239.999,140.002
14:26:03,2024-07-14,432.622934,34408.6,0.350016,2.04188,20.2031,0.369003,42.8129,41.5454,43.9707,140.004,239.986,139.98
14:26:03,2024-07-14,431.484568,34457.6,0.35242,2.05098,20.1035,0.419963,42.8125,41.5458,43.971,139.991,240.004,139.997
14:26:04,2024-07-14,431.993837,34457.6,0.349247,2.05098,20.1035,0.417698,42.8125,41.5458,43.9708,139.994,240.004,140.002
14:26:05,2024-07-14,426.467287,34479.6,0.352153,2.04755,20.4795,0.384775,42.8123,41.5463,43.9708,140.006,239.995,139.985
14:26:06,2024-07-14,424.259766,34460.5,0.352198,2.04304,20.9245,0.336782,42.8126,41.5461,43.9705,139.987,239.991,140.005
14:26:07,2024-07-14,423.693682,34384.5,0.352129,2.03991,21.2272,0.336782,42.8127,41.5463,43.9705,140.006,239.999,140.005
14:26:08,2024-07-14,428.551881,34344.7,0.349101,2.04185,20.1288,0.316601,42.8129,41.5459,43.9707,140.001,239.989,139.998
14:26:09,2024-07-14,429.951596,34295.8,0.349788,2.03958,21.133,0.377888,42.8127,41.5456,43.9708,140.007,240.003,140.018
14:26:10,2024-07-14,429.213001,34254.8,0.34884,2.04408,20.543,0.457435,42.8125,41.5450,43.9711,139.995,239.994,139.999
14:26:11,2024-07-14,427.78023,34213.1,0.348849,2.0385,20.7388,0.446052,42.8125,41.5448,43.9717,140.004,239.99,140.028
14:26:12,2024-07-14,426.676986,34173.1,0.350115,2.04161,20.6002,0.39263,42.8125,41.5443,43.972,140,240.002,139.964
14:26:12,2024-07-14,431.374037,34110.6,0.351312,2.04125,20.7013,0.345699,42.8127,41.5441,43.9719,139.999,240.007,139.996
14:26:13,2024-07-14,436.888191,34064.1,0.348576,2.04951,21.2832,0.324304,42.8126,41.5443,43.972,139.991,240.015,139.991
14:26:14,2024-07-14,436.888191,34064.1,0.348576,2.04951,21.2832,0.323748,42.8126,41.5443,43.972,139.991,240.015,140.03
14:26:15,2024-07-14,437.933587,34005.9,0.351549,2.04136,20.4107,0.326737,42.8127,41.5437,43.9724,139.999,239.997,140.021
14:26:16,2024-07-14,436.533872,33995.3,0.349646,2.04471,20.4755,0.326737,42.8126,41.5437,43.9724,140.014,240.009,140.021
14:26:17,2024-07-14,437.266269,33970.4,0.348427,2.04088,20.22,0.343075,42.8124,41.5436,43.9725,139.996,240,139.981
14:26:18,2024-07-14,438.267246,33981.5,0.352088,2.04172,20.2107,0.393855,42.8126,41.5437,43.9726,139.993,240.007,139.995
14:26:19,2024-07-14,438.857089,34025.4,0.350056,2.04269,21.0429,0.489374,42.8125,41.5439,43.9726,140,239.993,140
14:26:20,2024-07-14,437.667073,34034.1,0.352222,2.04441,20.5137,0.600829,42.8123,41.5435,43.9726,140,240,140.004
14:26:21,2024-07-14,439.4428,34078.3,0.349973,2.04327,20.8738,0.65115,42.8123,41.5431,43.9728,140.009,240.005,139.981
14:26:22,2024-07-14,437.958379,34111.5,0.349911,2.04656,21.1275,0.697507,42.8123,41.5426,43.973,139.991,240.014,139.997
14:26:22,2024-07-14,440.612156,34130.0,0.351483,2.04632,20.7475,0.749808,42.8126,41.5425,43.9732,140.016,240,140.028
14:26:23,2024-07-14,447.352481,34130.0,0.351039,2.04632,20.7475,0.777187,42.8124,41.5425,43.9735,139.996,240,139.98
14:26:24,2024-07-14,447.352481,34176.9,0.351039,2.04502,21.5528,0.855334,42.8124,41.5425,43.9737,139.996,240.002,139.987
14:26:25,2024-07-14,449.908123,34200.2,0.349216,2.04309,20.7502,0.855334,42.8125,41.5426,43.9737,139.996,240.001,139.987
14:26:26,2024-07-14,444.429091,34216.5,0.349491,2.04276,20.6738,0.903803,42.8122,41.5428,43.9737,139.982,239.995,140.03
14:26:27,2024-07-14,438.934564,34242.8,0.349808,2.04018,20.549,0.876674,42.8122,41.5430,43.9735,139.997,239.979,140.041
14:26:28,2024-07-14,437.536915,34230.2,0.35128,2.04061,20.2649,0.786435,42.8123,41.5431,43.973,140.002,240.009,139.97
14:26:29,2024-07-14,438.640159,34212.4,0.351823,2.04531,20.9061,0.702433,42.8123,41.5427,43.9726,140.01,240.003,140.025
14:26:30,2024-07-14,438.787878,34190.3,0.350732,2.04037,20.5255,0.646772,42.8120,41.5423,43.9723,140.002,240,139.988
14:26:31,2024-07-14,435.089738,34156.9,0.351236,2.04122,20.4478,0.638999,42.8120,41.5421,43.9722,140.002,240.019,139.992
14:26:31,2024-07-14,436.974963,34176.0,0.349406,2.03948,21.3439,0.678514,42.8115,41.5420,43.972,139.998,240.002,139.999
14:26:32,2024-07-14,436.154761,34176.0,0.349423,2.03948,21.3439,0.737945,42.8116,41.5420,43.9719,139.991,240.002,140.019
14:26:33,2024-07-14,436.154761,34192.9,0.349423,2.04326,21.2102,0.846197,42.8116,41.5419,43.972,139.991,239.987,139.995
14:26:34,2024-07-14,434.761244,34200.5,0.350983,2.04307,20.6654,0.922728,42.8117,41.5419,43.9722,139.999,239.982,139.988
14:26:35,2024-07-14,436.535938,34233.3,0.351812,2.04034,20.8913,0.922728,42.8119,41.5422,43.9722,140.009,239.992,139.988
14:26:36,2024-07-14,437.305523,34257.5,0.351561,2.04607,21.3512,0.92657,42.8117,41.5425,43.9722,139.987,240.001,139.986
14:26:37,2024-07-14,437.09789,34259.3,0.350558,2.04389,20.232,0.866038,42.8118,41.5430,43.9721,140.026,240.028,139.969
14:26:38,2024-07-14,438.287906,34258.2,0.351256,2.04487,20.6278,0.765792,42.8117,41.5433,43.9717,140,240.011,139.987
14:26:39,2024-07-14,436.731175,34266.7,0.349491,2.04314,21.1996,0.666859,42.8117,41.5434,43.9716,140.009,239.998,139.994
14:26:40,2024-07-14,432.705574,34239.7,0.351911,2.04527,20.5532,0.599669,42.8113,41.5435,43.9717,139.99,239.995,139.927
14:26:41,2024-07-14,431.182932,34181.6,0.349419,2.04632,20.9694,0.52529,42.8115,41.5429,43.971,140.002,240.005,140.032
14:26:41,2024-07-14,426.96416,34144.2,0.350283,2.049,21.146,0.447601,42.8111,41.5431,43.971,140.003,240,140.033
14:26:42,2024-07-14,426.96416,34111.4,0.350283,2.05722,20.247,0.387186,42.8111,41.5431,43.9709,140.003,239.996,139.998
14:26:43,2024-07-14,423.700913,34111.4,0.351182,2.05722,20.247,0.343647,42.8108,41.5431,43.9711,139.987,239.996,139.991
14:26:44,2024-07-14,424.496323,34081.5,0.349444,2.05496,21.1415,0.314072,42.8107,41.5428,43.9711,139.987,239.99,140.01
14:26:45,2024-07-14,422.359046,34072.3,0.349415,2.05815,20.2678,0.314072,42.8104,41.5422,43.9711,139.998,239.987,140.01
14:26:46,2024-07-14,421.532646,34040.1,0.349633,2.05337,21.2707,0.292043,42.8102,41.5421,43.9709,139.982,239.992,140.007
14:26:47,2024-07-14,420.05339,34018.0,0.351513,2.05423,20.0528,0.276108,42.8102,41.5417,43.9711,140.012,239.998,139.967
14:26:48,2024-07-14,426.682151,33960.0,0.349206,2.04597,20.8833,0.261307,42.8103,41.5410,43.9707,140.011,239.996,140.021
14:26:49,2024-07-14,428.130417,33913.1,0.351126,2.0516,20.7241,0.252881,42.8102,41.5404,43.9708,140.014,240.033,140.017
14:26:50,2024-07-14,428.326687,33877.5,0.348976,2.04887,21.5793,0.24972,42.8102,41.5403,43.971,139.998,240.002,139.961
14:26:50,2024-07-14,424.128575,33804.5,0.351626,2.04835,20.9803,0.24794,42.8105,41.5400,43.971,139.999,240.013,139.982
14:26:51,2024-07-14,421.852876,33759.2,0.350494,2.04666,21.3559,0.246366,42.8101,41.5403,43.9708,140.002,239.997,139.994
14:26:52,2024-07-14,421.852876,33759.2,0.350494,2.04666,21.3559,0.244067,42.8101,41.5403,43.9705,140.002,239.997,139.998
14:26:53,2024-07-14,421.159733,33699.7,0.350205,2.05254,20.8691,0.241659,42.8102,41.5403,43.9705,139.978,239.985,140.037
14:26:54,2024-07-14,420.390148,33623.2,0.350253,2.04755,20.5621,0.241659,42.8101,41.5405,43.9705,139.996,239.993,140.037
14:26:55,2024-07-14,419.809602,33560.8,0.350433,2.0524,20.4968,0.239973,42.8101,41.5406,43.9704,139.996,239.993,140.029
14:26:56,2024-07-14,421.403521,33506.6,0.348858,2.05229,20.3634,0.238663,42.8103,41.5405,43.9704,139.997,239.986,139.997
14:26:57,2024-07-14,421.307452,33444.9,0.349216,2.05071,20.1873,0.2394,42.8101,41.5402,43.9703,140.003,239.999,140.011
14:26:58,2024-07-14,433.026837,33398.7,0.350693,2.05911,20.8102,0.240925,42.8105,41.5404,43.9697,140.008,240.007,140.001
14:26:59,2024-07-14,460.613102,33380.5,0.35165,2.08379,21.1023,0.254601,42.8100,41.5405,43.9692,139.992,239.996,139.978
14:27:00,2024-07-14,466.645822,33363.6,0.350718,2.10743,20.936,0.290236,42.8101,41.5409,43.9691,139.996,240.002,139.995
14:27:00,2024-07-14,456.703197,33376.4,0.351457,2.11231,20.6591,0.33727,42.8100,41.5413,43.9688,140.011,239.991,139.999
14:27:01,2024-07-14,456.703197,33376.4,0.351457,2.11231,20.6591,0.381733,42.8100,41.5413,43.9684,140.011,239.991,140.024
14:27:02,2024-07-14,443.720453,33403.9,0.352098,2.10961,20.8693,0.385301,42.8101,41.5414,43.9684,140.01,240.003,140.004
14:27:03,2024-07-14,438.319929,33429.7,0.350432,2.10253,20.2979,0.374018,42.8100,41.5416,43.9687,140.003,239.986,139.964
14:27:04,2024-07-14,431.222186,33489.9,0.351619,2.11081,20.7767,0.374018,42.8102,41.5419,43.9687,140.009,239.991,139.964
14:27:05,2024-07-14,428.572541,33500.8,0.351888,2.11489,21.3149,0.369797,42.8102,41.5419,43.9685,139.998,240.003,140.026
14:27:06,2024-07-14,429.798712,33542.9,0.350137,2.12392,20.2206,0.35713,42.8105,41.5420,43.9684,140.008,240.008,139.992
14:27:07,2024-07-14,429.148955,33558.7,0.350439,2.11911,20.9236,0.348922,42.8104,41.5422,43.9684,140.007,240.005,139.979
14:27:08,2024-07-14,430.844108,33580.5,0.349511,2.11145,21.3273,0.336568,42.8108,41.5417,43.9685,140.008,239.995,140.014
14:27:09,2024-07-14,430.006345,33596.5,0.349906,2.10131,20.2329,0.324404,42.8108,41.5417,43.9687,140.005,240.008,139.989
14:27:10,2024-07-14,427.632511,33627.9,0.349696,2.09377,19.8392,0.314079,42.8106,41.5418,43.9687,140.005,240.008,139.981
14:27:10,2024-07-14,427.632511,33648.0,0.349696,2.09004,20.1835,0.297881,42.8106,41.5421,43.9687,140.005,240.005,139.982
14:27:11,2024-07-14,425.142981,33646.9,0.350177,2.08799,20.8223,0.280347,42.8108,41.5420,43.969,140.004,239.996,140.021
14:27:12,2024-07-14,424.621316,33646.9,0.350528,2.08799,20.8223,0.266819,42.8109,41.5420,43.9693,139.986,239.996,139.994
14:27:13,2024-07-14,421.062631,33652.4,0.351495,2.08231,21.1314,0.257903,42.8111,41.5424,43.9695,140.013,240.002,139.987
14:27:14,2024-07-14,420.302343,33614.0,0.35134,2.08127,21.063,0.250627,42.8111,41.5420,43.9696,139.994,239.994,139.998
14:27:15,2024-07-14,421.095687,33594.8,0.349764,2.07446,20.8413,0.246947,42.8113,41.5417,43.9694,140.005,239.999,140.012
14:27:16,2024-07-14,421.907625,33583.8,0.349595,2.07139,21.5225,0.24424,42.8110,41.5416,43.9693,140.002,239.996,139.984
14:27:17,2024-07-14,422.990209,33571.0,0.3514,2.07327,20.6578,0.242299,42.8107,41.5411,43.9694,140.005,240.002,140.004
14:27:18,2024-07-14,421.89213,33562.2,0.351343,2.07531,21.0855,0.242299,42.8108,41.5416,43.9694,140.015,240.012,140.004
14:27:19,2024-07-14,423.055288,33545.8,0.350574,2.06865,20.6321,0.243597,42.8100,41.5416,43.9692,140.003,239.992,140.025
14:27:19,2024-07-14,426.861893,33538.5,0.349956,2.06643,20.5129,0.251313,42.8102,41.5417,43.9695,139.995,240.004,139.991
14:27:20,2024-07-14,426.861893,33540.0,0.349956,2.07316,20.3139,0.258385,42.8102,41.5416,43.9696,139.995,240.002,140.01
14:27:21,2024-07-14,431.628155,33562.7,0.351225,2.07036,21.443,0.279206,42.8101,41.5413,43.9696,139.989,239.996,139.996
14:27:22,2024-07-14,436.617545,33562.7,0.350183,2.07036,21.443,0.310097,42.8096,41.5413,43.9691,139.987,239.996,139.98
14:27:23,2024-07-14,436.477057,33593.9,0.351398,2.07243,20.5543,0.332662,42.8094,41.5410,43.969,139.985,239.992,139.975
14:27:24,2024-07-14,437.065867,33599.0,0.349688,2.06632,20.4122,0.335667,42.8090,41.5409,43.9686,140.013,239.998,140.022
14:27:25,2024-07-14,436.879927,33627.6,0.349546,2.07201,20.2126,0.332615,42.8090,41.5406,43.9684,140.003,239.992,139.993
14:27:26,2024-07-14,432.733465,33666.4,0.351239,2.07142,20.7737,0.332615,42.8090,41.5404,43.9684,140.001,240.008,139.993
14:27:27,2024-07-14,430.118942,33680.0,0.351821,2.07877,21.1558,0.339918,42.8091,41.5395,43.9685,139.994,239.996,140.016
14:27:28,2024-07-14,430.363763,33707.3,0.351176,2.07737,20.5091,0.352982,42.8092,41.5393,43.9684,139.996,239.991,140.013
14:27:29,2024-07-14,432.081642,33748.8,0.350816,2.08165,20.7848,0.352846,42.8090,41.5393,43.9686,140.005,240.01,140.001
14:27:29,2024-07-14,433.760267,33780.9,0.351659,2.09121,21.3926,0.386048,42.8090,41.5392,43.9687,139.994,239.988,139.986
14:27:30,2024-07-14,439.431437,33824.9,0.351246,2.09276,21.2978,0.46753,42.8091,41.5392,43.9692,140.003,240.009,140.013
14:27:31,2024-07-14,439.431437,33849.5,0.351246,2.0985,21.5223,0.662544,42.8091,41.5397,43.9692,140.003,239.997,140.011
14:27:32,2024-07-14,440.36217,33849.5,0.351302,2.0985,21.5223,0.893979,42.8089,41.5397,43.9694,139.999,239.997,139.972
14:27:33,2024-07-14,437.479067,33893.5,0.351409,2.09955,21.2596,0.970157,42.8085,41.5401,43.9696,140.004,240.001,139.997
14:27:34,2024-07-14,433.511314,33898.0,0.350815,2.10191,20.5122,0.899554,42.8087,41.5401,43.97,139.995,240.003,139.982
14:27:35,2024-07-14,434.08153,33936.5,0.350536,2.09979,21.724,0.794493,42.8088,41.5400,43.9703,140.004,239.991,140.031
14:27:36,2024-07-14,432.486578,33912.2,0.351089,2.10522,21.5286,0.794493,42.8088,41.5400,43.9703,139.99,240.009,140.031
14:27:37,2024-07-14,433.584657,33931.5,0.351986,2.11009,21.8067,0.781902,42.8090,41.5404,43.9704,140.001,239.994,140.018
14:27:38,2024-07-14,434.065002,33939.9,0.350406,2.12279,21.3836,1.02743,42.8090,41.5410,43.9704,140.011,240.005,139.988
14:27:38,2024-07-14,432.926636,33960.2,0.350802,2.1283,21.4256,1.52828,42.8091,41.5414,43.9703,140.003,240.004,139.962
14:27:39,2024-07-14,432.926636,33957.2,0.350802,2.1274,21.8655,1.72129,42.8091,41.5414,43.9702,140.003,240.006,139.985
14:27:40,2024-07-14,431.373004,33982.2,0.350661,2.1179,21.1482,1.49272,42.8087,41.5414,43.9698,140.004,240.007,140.005
14:27:41,2024-07-14,427.825682,33968.4,0.351898,2.11706,20.7691,1.18722,42.8088,41.5413,43.9695,139.994,239.999,140.022
14:27:42,2024-07-14,426.178047,33951.6,0.35022,2.11216,21.3789,0.892584,42.8087,41.5419,43.9692,140.007,239.995,139.999
14:27:43,2024-07-14,426.98482,33951.6,0.351559,2.11216,21.3789,0.669698,42.8089,41.5419,43.969,139.994,239.995,139.998
14:27:44,2024-07-14,429.054952,33917.8,0.350742,2.10475,20.863,0.528922,42.8094,41.5421,43.9687,140.002,239.998,139.991
14:27:45,2024-07-14,428.969213,33873.0,0.351239,2.10867,20.8726,0.528922,42.8096,41.5425,43.9687,139.999,239.999,139.991
14:27:46,2024-07-14,431.672574,33839.1,0.350185,2.10577,21.0592,0.439418,42.8097,41.5423,43.9684,139.999,239.999,139.991
14:27:47,2024-07-14,434.767442,33817.9,0.350447,2.12479,20.5872,0.389735,42.8103,41.5418,43.9682,139.995,239.998,140.017
14:27:48,2024-07-14,432.886349,33807.9,0.352019,2.14967,21.5206,0.355691,42.8105,41.5410,43.9682,139.994,239.992,139.992
14:27:48,2024-07-14,432.466951,33801.5,0.352205,2.18169,20.8166,0.329762,42.8106,41.5411,43.9681,140.011,239.992,140.034
14:27:49,2024-07-14,432.466951,33799.7,0.352205,2.20918,20.4244,0.310601,42.8106,41.5407,43.9674,140.011,239.997,139.995
14:27:50,2024-07-14,433.167325,33825.4,0.350405,2.22149,20.7054,0.308416,42.8110,41.5404,43.9672,139.995,240.002,139.986
14:27:51,2024-07-14,429.692313,33831.8,0.351862,2.22171,20.8862,0.306831,42.8112,41.5401,43.9672,139.996,240.003,140.009
14:27:52,2024-07-14,428.257476,33823.0,0.351812,2.20751,19.8973,0.297522,42.8112,41.5401,43.9677,139.992,240.002,139.996
14:27:53,2024-07-14,426.822639,33823.0,0.350284,2.20751,19.8973,0.283292,42.8112,41.5401,43.9678,140.004,240.002,139.995
14:27:54,2024-07-14,424.85684,33798.8,0.350279,2.18869,19.9964,0.283292,42.8114,41.5403,43.9678,139.996,240.003,139.995
14:27:55,2024-07-14,423.930239,33756.7,0.35087,2.17882,20.8574,0.270616,42.8114,41.5407,43.9682,140.008,239.996,140.031
14:27:56,2024-07-14,426.962094,33716.3,0.350738,2.1647,20.3611,0.265103,42.8118,41.5409,43.9683,139.99,239.997,140.02
14:27:57,2024-07-14,426.112968,33682.7,0.351406,2.16029,20.3168,0.265929,42.8113,41.5417,43.9686,140.003,240.001,139.98
14:27:57,2024-07-14,427.634577,33596.7,0.349864,2.14718,20.0561,0.273433,42.8116,41.5423,43.9687,139.992,240.016,139.983
14:27:58,2024-07-14,427.634577,33554.4,0.349864,2.13916,20.8723,0.279923,42.8116,41.5419,43.9687,139.992,240.004,140.005
14:27:59,2024-07-14,427.085021,33524.0,0.352075,2.12508,21.1185,0.358738,42.8116,41.5417,43.9688,140.02,239.995,139.997
14:28:00,2024-07-14,431.24078,33524.5,0.349925,2.12897,20.3405,0.633028,42.8116,41.5416,43.969,140.008,240.002,140.013
14:28:01,2024-07-14,433.963768,33526.9,0.35001,2.12401,21.4638,0.902656,42.8114,41.5412,43.9689,139.998,239.999,139.982
14:28:02,2024-07-14,432.997913,33526.9,0.351946,2.12401,21.4638,1.02044,42.8113,41.5412,43.9688,140.004,239.999,139.979
14:28:03,2024-07-14,434.243711,33541.8,0.350694,2.1241,20.6746,1.02044,42.8113,41.5408,43.9688,139.999,240.007,139.979
14:28:04,2024-07-14,433.3481,33551.9,0.350135,2.12355,21.8627,0.932745,42.8113,41.5403,43.9683,139.994,240.003,139.97
14:28:05,2024-07-14,431.542416,33562.0,0.350157,2.11217,21.6097,0.781916,42.8111,41.5403,43.968,139.993,239.998,140
14:28:06,2024-07-14,427.435208,33569.5,0.351803,2.11444,21.0428,0.663519,42.8108,41.5404,43.9676,140.017,240,140.013
14:28:07,2024-07-14,426.321634,33572.3,0.351702,2.11006,21.3186,0.584658,42.8104,41.5398,43.9673,140,240,139.98
14:28:07,2024-07-14,426.321634,33576.3,0.351702,2.11199,20.4147,0.541769,42.8104,41.5400,43.9669,140,240.008,140.009
14:28:08,2024-07-14,426.744131,33587.6,0.350243,2.11149,21.0966,0.527177,42.8105,41.5405,43.967,139.996,239.988,140.008
14:28:09,2024-07-14,425.952853,33621.2,0.351524,2.10501,21.6936,0.508295,42.8101,41.5407,43.9669,139.999,239.983,140.011
14:28:10,2024-07-14,424.717385,33646.5,0.351354,2.10155,20.8717,0.472343,42.8099,41.5415,43.967,139.997,239.992,140.036
14:28:11,2024-07-14,423.604844,33704.1,0.352354,2.09704,20.5347,0.472343,42.8096,41.5416,43.967,139.997,239.989,140.036
14:28:12,2024-07-14,422.46028,33704.1,0.351819,2.09704,20.5347,0.431713,42.8095,41.5416,43.967,139.996,239.989,139.984
14:28:13,2024-07-14,424.162664,33757.1,0.351419,2.09449,19.7767,0.386859,42.8092,41.5418,43.9667,139.994,240.015,140.014
14:28:14,2024-07-14,424.301086,33828.9,0.351191,2.09507,20.9727,0.352575,42.8090,41.5421,43.9665,140.014,240.016,139.993
14:28:15,2024-07-14,424.787629,33852.9,0.349861,2.09097,20.73,0.33262,42.8092,41.5423,43.9662,140.003,240.011,139.986
14:28:16,2024-07-14,425.109925,33870.6,0.350726,2.08892,20.9647,0.32562,42.8096,41.5426,43.9657,139.999,239.999,140.005
14:28:17,2024-07-14,431.919461,33910.2,0.35114,2.0867,20.3171,0.339919,42.8096,41.5428,43.9656,139.995,239.991,140.014
14:28:17,2024-07-14,431.919461,33921.6,0.35114,2.08718,21.1441,0.369495,42.8096,41.5431,43.9657,139.995,239.996,140.013
14:28:18,2024-07-14,435.856224,33899.2,0.351416,2.08334,20.7498,0.38236,42.8095,41.5432,43.9659,140.001,240.004,140.004
14:28:19,2024-07-14,438.335424,33894.4,0.35138,2.08558,20.376,0.367212,42.8094,41.5431,43.9662,139.993,240.006,139.991
14:28:20,2024-07-14,443.529348,33881.9,0.35043,2.08582,20.8095,0.35942,42.8092,41.5426,43.9662,140.013,239.992,140.002
14:28:21,2024-07-14,446.388692,33851.0,0.350089,2.0821,20.5166,0.35942,42.8091,41.5424,43.9662,139.995,240.003,140.002
14:28:22,2024-07-14,441.447853,33851.0,0.351136,2.0821,20.5166,0.379143,42.8088,41.5424,43.9665,139.988,240.003,140.043
14:28:23,2024-07-14,440.490262,33821.9,0.351306,2.08348,21.1129,0.407507,42.8087,41.5423,43.9666,139.999,240.002,140.009
14:28:24,2024-07-14,436.783858,33823.2,0.350348,2.08208,21.1307,0.428404,42.8084,41.5426,43.967,139.99,239.986,140.061
14:28:25,2024-07-14,431.759346,33778.8,0.350773,2.07984,20.3369,0.433582,42.8082,41.5427,43.9673,139.998,240.003,139.983
14:28:26,2024-07-14,427.612884,33732.7,0.350209,2.07914,20.2432,0.427406,42.8084,41.5435,43.9677,140.003,240.006,139.979
14:28:26,2024-07-14,425.837157,33728.8,0.350269,2.08439,20.8562,0.417313,42.8082,41.5430,43.968,139.98,239.995,139.982
14:28:27,2024-07-14,426.281347,33689.6,0.350936,2.08117,20.2557,0.407518,42.8083,41.5426,43.9682,139.995,239.999,139.984
14:28:28,2024-07-14,426.281347,33671.3,0.350936,2.08028,20.7719,0.399246,42.8083,41.5426,43.9685,139.995,240.002,140.002
14:28:29,2024-07-14,425.015922,33651.1,0.350741,2.07909,20.4527,0.380924,42.8084,41.5423,43.9688,140.101,240.002,139.988
14:28:30,2024-07-14,424.465333,33626.9,0.350924,2.08095,20.5858,0.380924,42.8086,41.5428,43.9688,140.008,240.001,139.988
14:28:31,2024-07-14,423.432333,33616.5,0.351714,2.08107,20.6628,0.355025,42.8086,41.5430,43.9691,140.003,239.999,139.961
14:28:32,2024-07-14,424.409551,33616.5,0.351068,2.08107,20.6628,0.333356,42.8084,41.5430,43.9692,140.006,239.999,140.031
14:28:33,2024-07-14,431.432918,33567.9,0.3497,2.0843,20.6137,0.321931,42.8084,41.5430,43.9694,140.002,240.002,140.028
14:28:34,2024-07-14,432.817138,33529.1,0.349929,2.07925,19.6612,0.322211,42.8085,41.5427,43.9694,139.997,240.003,139.969
14:28:35,2024-07-14,430.481525,33492.6,0.352004,2.07597,20.9692,0.336805,42.8085,41.5428,43.9694,139.995,239.998,140.016
14:28:35,2024-07-14,432.137424,33485.8,0.350633,2.08167,20.8243,0.37533,42.8084,41.5431,43.9688,140.016,240.008,139.987
14:28:36,2024-07-14,433.46173,33483.9,0.350823,2.08374,21.0495,0.423972,42.8084,41.5431,43.9683,140,239.994,140.002
14:28:37,2024-07-14,435.32113,33492.5,0.351085,2.09221,20.6732,0.453182,42.8085,41.5432,43.9681,139.998,240.012,139.981
14:28:38,2024-07-14,435.32113,33508.5,0.351085,2.09352,20.3423,0.460033,42.8085,41.5435,43.968,139.998,240.008,140.028
14:28:39,2024-07-14,436.098979,33532.2,0.352525,2.09678,20.0541,0.444041,42.8086,41.5433,43.9676,140,239.979,139.998
14:28:40,2024-07-14,433.330539,33532.2,0.354424,2.09678,20.0541,0.422383,42.8087,41.5433,43.9675,139.997,239.979,140.002
14:28:41,2024-07-14,430.866834,33557.3,0.353109,2.10371,20.6573,0.422383,42.8087,41.5435,43.9675,140.004,240.013,140.002
14:28:42,2024-07-14,429.837966,33606.2,0.350647,2.10479,20.8643,0.395385,42.8087,41.5437,43.9672,140.01,240.001,140.001
14:28:43,2024-07-14,429.250189,33632.5,0.349673,2.09834,19.6483,0.377101,42.8087,41.5433,43.9668,140.001,240.003,140.01
14:28:44,2024-07-14,426.471419,33654.7,0.352525,2.10217,21.1528,0.368766,42.8085,41.5432,43.9667,140.005,240.003,139.979
14:28:45,2024-07-14,425.033483,33674.5,0.352222,2.09806,20.4398,0.36104,42.8085,41.5435,43.9666,139.995,240,140.01
14:28:45,2024-07-14,426.569554,33684.4,0.350124,2.09943,20.5389,0.359316,42.8084,41.5435,43.9668,140.005,240.004,140.003
14:28:46,2024-07-14,424.138905,33712.0,0.351889,2.09867,20.2254,0.359732,42.8085,41.5434,43.9667,140.007,239.995,139.994
14:28:47,2024-07-14,424.138905,33736.8,0.351889,2.0939,20.1302,0.3691,42.8085,41.5429,43.9668,140.007,240.002,139.975
14:28:48,2024-07-14,426.327832,33797.1,0.353053,2.10125,20.9088,0.385156,42.8088,41.5431,43.9668,139.996,239.991,140.022
14:28:49,2024-07-14,428.150044,33824.0,0.351123,2.09786,20.4345,0.385156,42.8093,41.5433,43.9668,140.001,240.007,140.022
14:28:50,2024-07-14,431.82959,33868.0,0.350386,2.10046,21.3087,0.380967,42.8091,41.5435,43.9668,139.981,240,139.972
14:28:51,2024-07-14,433.249965,33868.0,0.349569,2.10046,21.3087,0.358751,42.8092,41.5435,43.9668,140.011,240,140.024
14:28:52,2024-07-14,431.269704,33893.1,0.350733,2.09571,20.4032,0.337181,42.8092,41.5440,43.9668,139.992,239.99,140.017
14:28:53,2024-07-14,433.871831,33899.1,0.350252,2.09511,20.5413,0.326808,42.8093,41.5439,43.9667,139.993,240.003,139.995
14:28:54,2024-07-14,439.965498,33913.5,0.352259,2.09777,21.5477,0.326934,42.8089,41.5435,43.9661,139.999,239.996,139.981
14:28:55,2024-07-14,446.259567,33923.8,0.351008,2.09756,20.2219,0.336347,42.8094,41.5438,43.9659,139.999,240.005,139.995
14:28:55,2024-07-14,443.199821,33930.9,0.349924,2.09523,20.7279,0.3537,42.8096,41.5435,43.9655,139.991,240.003,140.01
14:28:56,2024-07-14,436.80865,33954.1,0.35249,2.09248,19.8019,0.366408,42.8096,41.5436,43.9655,140.015,240.008,140.005
14:28:57,2024-07-14,436.80865,33976.6,0.35249,2.09054,20.7753,0.378139,42.8096,41.5435,43.9653,140.015,239.994,140.011
14:28:58,2024-07-14,435.727099,33965.0,0.35093,2.08862,20.5083,0.397184,42.8095,41.5433,43.9652,139.997,240.007,139.96
14:28:59,2024-07-14,433.333638,33965.0,0.352025,2.08862,20.5083,0.397184,42.8095,41.5433,43.9652,140.005,240.007,139.96
14:29:00,2024-07-14,432.385344,33969.6,0.349657,2.09427,21.0072,0.435364,42.8096,41.5432,43.9647,140.112,240.005,139.998
14:29:01,2024-07-14,433.856336,33944.2,0.351061,2.09027,20.6563,0.486445,42.8094,41.5435,43.9644,139.988,240,140.007
14:29:02,2024-07-14,436.586555,33925.9,0.349345,2.08903,21.5092,0.513342,42.8097,41.5439,43.9642,139.997,240.001,140.017
14:29:03,2024-07-14,439.727908,33913.0,0.349967,2.09156,21.1006,0.512899,42.8097,41.5438,43.9644,139.995,240.007,139.993
14:29:04,2024-07-14,440.061567,33898.3,0.348858,2.09246,20.2051,0.506758,42.8095,41.5434,43.9644,140.002,239.998,139.984
14:29:04,2024-07-14,438.299269,33909.9,0.350917,2.08998,20.6084,0.509001,42.8093,41.5433,43.9649,139.998,239.996,140
14:29:05,2024-07-14,435.900643,33912.5,0.352146,2.08985,20.7728,0.529705,42.8092,41.5433,43.9654,139.99,239.987,140.047
14:29:06,2024-07-14,438.127791,33926.3,0.351171,2.08551,21.5025,0.584114,42.8089,41.5427,43.9662,140,239.966,139.976
14:29:07,2024-07-14,438.127791,33938.7,0.351171,2.09171,20.7878,0.667539,42.8089,41.5426,43.9665,140,239.983,139.973
14:29:08,2024-07-14,443.181227,33943.7,0.351343,2.09181,20.5244,0.667539,42.8089,41.5426,43.9665,139.997,240.007,139.973
14:29:09,2024-07-14,444.800971,33943.7,0.349968,2.09181,20.5244,0.728602,42.8088,41.5426,43.967,140.003,240.007,140.018
14:29:10,2024-07-14,441.456117,33987.4,0.35122,2.0904,20.4721,0.735792,42.8090,41.5426,43.9674,139.992,239.999,140.013
14:29:11,2024-07-14,438.159814,33988.8,0.351586,2.08838,20.9522,0.686732,42.8086,41.5429,43.9677,140,240.006,140
14:29:12,2024-07-14,438.818868,34011.1,0.3514,2.08795,20.7953,0.616189,42.8088,41.5431,43.9679,140.007,240.001,140.014
14:29:13,2024-07-14,443.297956,34016.7,0.350271,2.08966,20.7054,0.546748,42.8091,41.5432,43.9679,139.997,240.009,139.991
14:29:14,2024-07-14,441.623463,34022.4,0.351945,2.09503,20.6316,0.481233,42.8091,41.5435,43.9677,140.01,239.997,139.962
14:29:14,2024-07-14,443.222547,34036.4,0.351312,2.09725,21.2507,0.417457,42.8090,41.5435,43.9674,139.998,240.001,140.001
14:29:15,2024-07-14,444.54582,34071.0,0.353509,2.10727,20.4555,0.379049,42.8091,41.5438,43.9671,139.986,240.016,140.007
14:29:16,2024-07-14,444.54582,34135.6,0.353509,2.10773,20.6725,0.354415,42.8091,41.5434,43.9669,139.986,239.999,140.037
14:29:17,2024-07-14,442.440566,34154.0,0.350463,2.11064,20.6559,0.354415,42.8091,41.5431,43.9669,140.006,239.999,140.037
14:29:18,2024-07-14,442.329002,34141.1,0.350586,2.11078,20.4965,0.328753,42.8092,41.5428,43.9665,139.997,240.012,140.005
14:29:19,2024-07-14,437.595796,34141.1,0.352759,2.11078,20.4965,0.305116,42.8094,41.5428,43.9668,140.004,240.012,139.958
14:29:20,2024-07-14,432.670452,34139.6,0.349864,2.10579,20.3082,0.288537,42.8093,41.5423,43.9666,140.015,239.999,139.994
14:29:21,2024-07-14,429.863791,34115.0,0.349392,2.1031,21.0449,0.278261,42.8096,41.5422,43.9667,139.991,240.01,140.045
14:29:22,2024-07-14,428.405195,34095.4,0.349507,2.10245,21.0056,0.275015,42.8094,41.5418,43.9665,139.995,240,140.004
14:29:23,2024-07-14,430.544538,34064.3,0.350449,2.10317,20.0569,0.275786,42.8094,41.5417,43.9661,140.005,239.992,140.003
14:29:24,2024-07-14,432.798544,34064.1,0.35226,2.10141,20.2584,0.279217,42.8093,41.5414,43.9661,139.995,239.997,139.997
14:29:24,2024-07-14,437.31482,34042.0,0.35225,2.10055,21.0664,0.293285,42.8092,41.5417,43.9657,140.039,240.013,139.999
14:29:25,2024-07-14,437.31482,34054.0,0.35225,2.09655,20.6156,0.326329,42.8092,41.5416,43.9657,140.039,240.002,139.963
14:29:26,2024-07-14,441.039818,34079.3,0.350142,2.09179,20.2139,0.370359,42.8092,41.5420,43.9654,140.012,240.012,139.991
14:29:27,2024-07-14,442.2319,34094.9,0.351748,2.09205,21.0936,0.370359,42.8096,41.5422,43.9654,140.007,240.006,139.991
14:29:28,2024-07-14,444.162577,34122.3,0.350854,2.08952,21.252,0.416826,42.8096,41.5425,43.9655,139.988,240.008,139.998
14:29:29,2024-07-14,444.857786,34122.3,0.349596,2.08952,21.252,0.435977,42.8098,41.5425,43.9653,139.996,240.008,139.971
14:29:30,2024-07-14,444.732793,34126.8,0.350199,2.08855,21.2697,0.420352,42.8100,41.5424,43.9652,139.985,239.999,140.013
14:29:31,2024-07-14,446.744044,34104.1,0.349698,2.09218,20.496,0.415106,42.8102,41.5425,43.9653,139.982,239.995,140.015
14:29:32,2024-07-14,437.969742,34084.0,0.352279,2.08453,20.5859,0.435449,42.8102,41.5427,43.9658,139.985,239.999,140.017
14:29:33,2024-07-14,433.551601,34098.9,0.349851,2.08327,20.1662,0.446056,42.8101,41.5426,43.9663,139.992,239.985,140.019
14:29:33,2024-07-14,426.018965,34086.5,0.350013,2.08517,20.1464,0.414491,42.8098,41.5420,43.9666,139.997,239.991,139.967
14:29:34,2024-07-14,424.5676,34034.7,0.350324,2.08491,20.5734,0.36377,42.8097,41.5415,43.9667,139.987,240.005,140.034
14:29:35,2024-07-14,424.5676,34031.8,0.350324,2.07892,20.2288,0.321377,42.8097,41.5412,43.9668,139.987,239.988,140.028
14:29:36,2024-07-14,423.89615,33982.8,0.349428,2.07821,20.1671,0.29232,42.8096,41.5412,43.9669,139.991,239.995,140.003
14:29:37,2024-07-14,423.447828,33949.4,0.351676,2.08329,20.6077,0.274657,42.8095,41.5415,43.9667,140,240.01,139.967
14:29:38,2024-07-14,428.363875,33949.4,0.349299,2.08329,20.6077,0.274657,42.8087,41.5415,43.9667,139.998,240.01,139.967
14:29:39,2024-07-14,432.250021,33904.9,0.351476,2.07791,20.2973,0.269933,42.8085,41.5418,43.9665,140.02,239.998,139.993
14:29:40,2024-07-14,441.338355,33859.4,0.3497,2.08233,20.1251,0.272589,42.8081,41.5421,43.9664,139.996,240.006,139.995
14:29:41,2024-07-14,446.656239,33838.7,0.351938,2.0785,20.6717,0.274669,42.8079,41.5427,43.966,139.994,239.998,139.983
14:29:42,2024-07-14,456.231116,33836.1,0.349634,2.07695,19.8898,0.275928,42.8074,41.5428,43.9662,140.005,239.997,140.007
14:29:42,2024-07-14,457.139123,33833.9,0.351592,2.08489,21.2244,0.282545,42.8070,41.5433,43.966,139.995,240,140.034
14:29:43,2024-07-14,450.954552,33836.5,0.351908,2.08157,20.9845,0.340583,42.8065,41.5435,43.9659,139.997,240.004,140.031
14:29:44,2024-07-14,450.954552,33834.1,0.351908,2.08473,20.4924,0.453718,42.8065,41.5437,43.9652,139.997,240.007,140.007
14:29:45,2024-07-14,454.711573,33840.7,0.349484,2.08196,20.612,0.555884,42.8061,41.5437,43.9651,140.011,240,139.957
14:29:46,2024-07-14,457.187674,33833.1,0.351295,2.08362,20.0422,0.784494,42.8058,41.5429,43.9648,139.993,239.996,140
14:29:47,2024-07-14,465.703726,33849.9,0.350853,2.08157,20.9077,0.784494,42.8050,41.5422,43.9648,139.994,239.999,140
14:29:48,2024-07-14,469.866716,33849.9,0.349294,2.08157,20.9077,0.860511,42.8050,41.5422,43.9647,140.007,239.999,139.994
14:29:49,2024-07-14,469.622928,33841.7,0.350249,2.08544,20.2615,0.836374,42.8046,41.5421,43.9647,140.011,240.003,139.996
14:29:50,2024-07-14,463.942461,33827.0,0.350226,2.08673,21.1125,1.05563,42.8048,41.5420,43.9646,140.006,240.012,139.986
14:29:51,2024-07-14,454.86549,33813.1,0.350437,2.08434,21.47,1.7265,42.8047,41.5415,43.9647,139.993,240.005,139.971
14:29:52,2024-07-14,444.629493,33818.7,0.350907,2.09141,20.7544,2.07069,42.8047,41.5408,43.9647,139.997,240,140.01
14:29:52,2024-07-14,435.307701,33810.2,0.351162,2.08903,20.6699,2.15512,42.8044,41.5408,43.9645,139.999,239.994,140.01
14:29:53,2024-07-14,433.548502,33793.9,0.350343,2.09171,20.8291,2.10955,42.8045,41.5402,43.9644,139.995,239.999,139.991
14:29:54,2024-07-14,437.032811,33743.4,0.349508,2.09259,19.7219,2.12835,42.8040,41.5399,43.9642,140.006,239.992,140.027
14:29:55,2024-07-14,437.032811,33732.6,0.349508,2.0935,21.1581,2.65926,42.8040,41.5394,43.9642,140.006,240.007,139.985
14:29:56,2024-07-14,437.466671,33717.3,0.349426,2.10294,20.8157,2.65926,42.8041,41.5393,43.9642,140,239.992,139.985
14:29:57,2024-07-14,434.653812,33723.1,0.349779,2.11077,21.0567,3.31198,42.8044,41.5398,43.9643,140.005,240,139.987
14:29:58,2024-07-14,432.957626,33723.1,0.351087,2.11077,21.0567,3.63286,42.8046,41.5398,43.9642,139.995,240,139.996
14:29:59,2024-07-14,439.257893,33730.8,0.349997,2.11584,20.7596,3.52469,42.8048,41.5402,43.9637,139.996,240.004,140.01
14:30:00,2024-07-14,441.441655,33718.7,0.349267,2.1119,20.7092,3.19876,42.8048,41.5407,43.9632,140,239.994,140.014
14:30:01,2024-07-14,439.125669,33715.9,0.349461,2.11702,21.4131,2.8868,42.8045,41.5408,43.9627,140.001,240.012,139.993
14:30:02,2024-07-14,439.093646,33735.6,0.352154,2.11429,21.1285,2.36699,42.8046,41.5408,43.9624,139.984,239.988,140.007
14:30:02,2024-07-14,437.9966,33723.1,0.350217,2.10948,21.0217,1.90261,42.8049,41.5401,43.9622,140.007,239.995,140.021
14:30:03,2024-07-14,434.627987,33728.8,0.350148,2.10425,20.9277,1.52575,42.8050,41.5399,43.962,140,240.011,139.975
14:30:04,2024-07-14,434.627987,33699.8,0.350148,2.10463,20.9942,1.23863,42.8050,41.5401,43.9619,140,240.013,139.999
14:30:05,2024-07-14,432.927669,33640.0,0.351236,2.10522,20.2696,1.06691,42.8049,41.5398,43.9621,140.014,239.996,140.009
14:30:06,2024-07-14,430.944309,33593.9,0.349674,2.0999,21.0112,0.940614,42.8049,41.5393,43.9621,139.999,240.008,139.951
14:30:07,2024-07-14,428.733689,33593.9,0.351089,2.0999,21.0112,0.940614,42.8047,41.5393,43.9621,139.995,240.008,139.951
14:30:08,2024-07-14,430.865801,33552.7,0.350242,2.10467,20.8137,0.981605,42.8051,41.5392,43.9625,140.001,239.993,140.031
14:30:09,2024-07-14,431.174668,33523.4,0.34966,2.10477,21.3949,1.11242,42.8049,41.5390,43.9629,139.992,240.007,140.008
14:30:10,2024-07-14,431.08583,33494.1,0.351902,2.10231,21.2771,1.31939,42.8048,41.5387,43.9633,140,239.991,139.971
14:30:11,2024-07-14,434.382133,33508.6,0.349789,2.10351,20.4108,1.56539,42.8049,41.5387,43.9638,139.997,239.995,139.995
14:30:11,2024-07-14,432.320265,33522.7,0.352058,2.10224,20.6893,1.76643,42.8051,41.5391,43.9642,140.005,239.996,140.008
14:30:12,2024-07-14,434.12285,33571.6,0.350796,2.10223,21.3117,1.86432,42.8048,41.5396,43.9645,139.993,239.999,139.995
14:30:13,2024-07-14,431.916362,33586.7,0.350697,2.10012,20.7879,1.91608,42.8050,41.5401,43.965,139.992,240.006,139.983
14:30:14,2024-07-14,431.916362,33627.0,0.350697,2.095,20.3523,1.8542,42.8050,41.5406,43.9653,139.992,239.985,140.017
14:30:15,2024-07-14,431.250077,33639.6,0.351493,2.09725,21.3724,1.8542,42.8054,41.5407,43.9653,140.013,240.019,140.017
14:30:16,2024-07-14,433.18282,33657.6,0.350853,2.10009,21.1167,1.8087,42.8056,41.5404,43.9656,140.002,239.998,139.998
14:30:17,2024-07-14,429.323532,33657.6,0.352555,2.10009,21.1167,1.8211,42.8057,41.5404,43.9658,140.006,239.998,139.992
14:30:18,2024-07-14,426.818507,33665.0,0.351781,2.09039,21.5799,1.65184,42.8059,41.5405,43.9661,140.016,239.996,139.965
14:30:19,2024-07-14,427.317446,33656.9,0.352508,2.0876,20.8334,1.39736,42.8063,41.5411,43.9663,140.008,239.99,140.019
14:30:20,2024-07-14,429.777019,33627.9,0.352277,2.08471,21.3741,1.26557,42.8062,41.5412,43.9668,139.999,240.013,140.002
14:30:21,2024-07-14,430.887494,33627.6,0.352439,2.08595,21.2028,1.33368,42.8063,41.5413,43.967,140.01,240.007,139.985
14:30:21,2024-07-14,432.24279,33606.1,0.35236,2.08336,20.8874,1.50121,42.8064,41.5410,43.9669,139.996,239.999,140.035
14:30:22,2024-07-14,432.24279,33602.9,0.35236,2.08282,20.8474,1.69733,42.8064,41.5407,43.9671,139.996,240.008,139.992
14:30:23,2024-07-14,435.565951,33609.5,0.351102,2.07937,20.7432,1.81908,42.8065,41.5395,43.9668,139.998,239.995,139.998
14:30:24,2024-07-14,437.202223,33617.1,0.352483,2.08026,20.6928,1.85207,42.8065,41.5393,43.9666,140.021,239.993,140.02
14:30:25,2024-07-14,439.669027,33613.2,0.350696,2.07889,21.0887,1.85207,42.8065,41.5390,43.9666,140.004,239.999,140.02
14:30:26,2024-07-14,438.670116,33628.4,0.350842,2.08046,20.936,1.83681,42.8066,41.5385,43.9666,140,240.005,139.976
14:30:27,2024-07-14,437.600961,33628.4,0.350884,2.08046,20.936,1.76302,42.8068,41.5385,43.9664,139.991,240.005,139.989
14:30:28,2024-07-14,436.859267,33632.7,0.35157,2.08145,20.7305,1.67138,42.8070,41.5382,43.9663,139.992,239.992,140.037
14:30:29,2024-07-14,434.196193,33659.5,0.35154,2.08913,21.6919,1.64675,42.8071,41.5381,43.9664,140.002,240.008,140.004
14:30:30,2024-07-14,433.301615,33703.3,0.351396,2.08915,21.2308,1.56715,42.8073,41.5382,43.9659,140.006,239.995,139.989
14:30:30,2024-07-14,433.301615,33742.3,0.351396,2.08167,20.533,1.50968,42.8073,41.5388,43.9659,140.006,240.001,139.986
14:30:31,2024-07-14,432.135358,33790.1,0.35159,2.07855,20.7717,1.47181,42.8074,41.5388,43.9656,140.005,239.992,139.985
14:30:32,2024-07-14,432.618802,33846.6,0.352331,2.07962,20.6947,1.48283,42.8074,41.5392,43.9654,139.995,240.014,139.966
14:30:33,2024-07-14,429.067348,33900.8,0.35365,2.0789,21.8948,1.53243,42.8076,41.5398,43.9651,140.016,240.007,140.009
14:30:34,2024-07-14,431.019718,33915.2,0.352745,2.07822,20.8598,1.53243,42.8079,41.5399,43.9651,140.005,240,140.009
14:30:35,2024-07-14,432.094038,33964.0,0.351978,2.08163,21.3971,1.58865,42.8078,41.5402,43.9651,140.005,240.016,140.015
14:30:36,2024-07-14,431.31309,34022.1,0.351686,2.07442,21.7881,1.729,42.8077,41.5406,43.9652,139.995,239.989,139.983
14:30:37,2024-07-14,431.780006,34022.1,0.353744,2.07442,21.7881,1.89123,42.8075,41.5406,43.9647,139.997,239.989,140.005
14:30:38,2024-07-14,435.39344,34044.5,0.353042,2.08079,21.8771,1.99946,42.8078,41.5404,43.9648,140.006,240.007,140.013
14:30:39,2024-07-14,435.789079,34060.0,0.351829,2.07609,21.1693,2.00468,42.8075,41.5406,43.9646,139.998,240.009,140.011
14:30:40,2024-07-14,434.378001,34120.0,0.352808,2.0763,21.1611,1.94182,42.8075,41.5407,43.9646,140.001,239.997,139.998
14:30:40,2024-07-14,434.378001,34148.5,0.352808,2.07145,20.9106,1.81731,42.8075,41.5411,43.9645,140.001,239.983,139.978
14:30:41,2024-07-14,430.584825,34184.9,0.351726,2.08013,21.1914,1.73956,42.8074,41.5407,43.964,139.99,239.999,139.998
14:30:42,2024-07-14,426.662524,34224.9,0.35238,2.07433,21.2141,1.7691,42.8074,41.5403,43.9635,139.982,239.98,139.989
14:30:43,2024-07-14,423.532534,34236.1,0.353102,2.07326,20.5829,1.88231,42.8069,41.5394,43.9633,139.994,239.986,140.022
14:30:44,2024-07-14,422.48094,34260.9,0.352845,2.07199,21.7334,1.88231,42.8070,41.5394,43.9633,140.005,240.006,140.022
14:30:45,2024-07-14,424.31968,34280.6,0.353673,2.0756,21.035,2.00516,42.8067,41.5390,43.963,139.998,239.989,140.011
14:30:46,2024-07-14,445.120168,34289.6,0.352541,2.07238,21.2395,2.10044,42.8065,41.5390,43.9629,139.991,239.989,140.006
14:30:47,2024-07-14,472.384137,34289.6,0.351514,2.07238,21.2395,2.13816,42.8064,41.5390,43.9632,139.999,239.989,139.987
14:30:48,2024-07-14,480.84544,34290.8,0.35148,2.07327,20.0589,2.11041,42.8064,41.5392,43.9633,139.994,239.999,140.036
14:30:49,2024-07-14,476.617371,34271.9,0.352178,2.07553,21.0159,2.03098,42.8061,41.5390,43.9635,140.004,240.007,140.012
14:30:49,2024-07-14,467.947402,34283.3,0.352282,2.07362,21.1043,1.90699,42.8060,41.5389,43.9636,140.017,239.988,140.012
14:30:50,2024-07-14,467.947402,34259.5,0.352282,2.07306,20.6277,1.79463,42.8060,41.5389,43.9638,140.017,240.006,140.026
14:30:51,2024-07-14,461.326905,34261.3,0.352628,2.07226,20.5442,1.68673,42.8061,41.5388,43.9638,139.994,239.995,139.97
14:30:52,2024-07-14,451.287178,34283.1,0.353765,2.06245,21.1328,1.57441,42.8056,41.5395,43.9639,140.012,240.013,139.985
14:30:53,2024-07-14,448.713975,34311.5,0.352358,2.07021,20.6008,1.57441,42.8051,41.5399,43.9639,139.992,239.988,139.985
14:30:54,2024-07-14,444.24625,34311.6,0.35128,2.07101,20.6136,1.50193,42.8051,41.5400,43.9639,139.996,240.008,140.004
14:30:55,2024-07-14,441.764984,34327.7,0.351866,2.06982,20.9574,1.46441,42.8050,41.5402,43.9641,140.002,240.008,140.008
14:30:56,2024-07-14,437.560674,34342.9,0.353335,2.07154,20.7757,1.44369,42.8050,41.5409,43.9644,139.989,239.999,140.013
14:30:57,2024-07-14,435.695076,34342.9,0.352449,2.07154,20.7757,1.39951,42.8055,41.5409,43.9643,140.011,239.999,139.982
14:30:58,2024-07-14,436.050428,34355.4,0.351272,2.06993,20.6679,1.34263,42.8054,41.5409,43.9645,139.979,240.002,140.003
14:30:59,2024-07-14,435.698175,34364.1,0.352688,2.06849,20.4794,1.28888,42.8056,41.5410,43.9645,139.997,239.994,140.008
14:30:59,2024-07-14,434.801531,34381.7,0.353577,2.06307,20.8805,1.2608,42.8053,41.5404,43.9643,139.991,240.003,140.004
14:31:00,2024-07-14,437.518321,34404.7,0.351496,2.06465,21.0246,1.29115,42.8055,41.5403,43.9645,140.001,240.01,139.982
14:31:01,2024-07-14,437.518321,34399.0,0.351496,2.06356,20.6132,1.35519,42.8055,41.5401,43.9645,140.001,240.011,139.991
14:31:02,2024-07-14,443.212217,34399.3,0.352391,2.07107,20.8471,1.35519,42.8057,41.5402,43.9645,140.008,240.023,139.991
14:31:03,2024-07-14,446.350471,34357.5,0.353164,2.0708,21.7485,1.41894,42.8059,41.5404,43.9653,140.012,240.012,140.003
14:31:04,2024-07-14,444.48384,34327.4,0.351976,2.06972,20.5139,1.46995,42.8059,41.5407,43.9661,139.985,239.993,140.013
14:31:05,2024-07-14,443.973538,34327.4,0.354094,2.06972,20.5139,1.48782,42.8062,41.5407,43.967,140.008,239.993,140.024
14:31:06,2024-07-14,443.788631,34258.7,0.351705,2.0716,21.0584,1.46559,42.8065,41.5412,43.968,139.987,240.003,139.976
14:31:07,2024-07-14,434.776739,34202.4,0.353256,2.06989,21.1988,1.38619,42.8067,41.5415,43.9687,139.998,240.004,140.004
14:31:08,2024-07-14,427.848408,34202.4,0.35297,2.07298,20.8806,1.24432,42.8069,41.5424,43.9692,140.005,239.994,140.016
14:31:08,2024-07-14,427.848408,34187.8,0.35297,2.0697,21.4485,1.08464,42.8069,41.5430,43.9697,140.005,240,140.01
14:31:09,2024-07-14,428.773976,34205.7,0.351978,2.06542,21.0301,0.98252,42.8073,41.5428,43.9701,140.005,239.995,140.004
14:31:10,2024-07-14,433.340869,34187.3,0.353257,2.06573,21.0207,0.98252,42.8074,41.5430,43.9701,139.998,240.011,140.004
14:31:11,2024-07-14,444.671846,34182.5,0.351729,2.0726,20.4148,0.899468,42.8077,41.5431,43.9704,140.004,240.002,140.015
14:31:12,2024-07-14,445.752364,34126.3,0.353469,2.06744,21.4133,0.860036,42.8079,41.5434,43.9706,139.995,239.996,139.967
14:31:13,2024-07-14,444.007627,34043.1,0.352971,2.07162,20.7324,0.838253,42.8081,41.5431,43.9703,140.001,240.009,140.017
14:31:14,2024-07-14,436.654733,34001.8,0.352296,2.07088,20.7891,0.812445,42.8084,41.5431,43.9704,140.005,240.001,140.029
14:31:15,2024-07-14,435.795277,34001.8,0.351117,2.07088,20.7891,0.777683,42.8082,41.5431,43.9705,140,240.001,140.001
14:31:16,2024-07-14,430.557967,33977.4,0.352734,2.07907,20.6959,0.742314,42.8088,41.5432,43.9705,140,240.008,140.016
14:31:17,2024-07-14,429.271882,33968.6,0.353534,2.07537,19.7177,0.721759,42.8090,41.5433,43.9705,140,239.988,139.984
14:31:18,2024-07-14,428.686171,33972.0,0.351441,2.0742,20.8546,0.70291,42.8093,41.5429,43.9704,140.012,240.005,140.002
14:31:18,2024-07-14,429.862758,33974.1,0.35174,2.07476,20.5952,0.683985,42.8095,41.5427,43.9705,140.009,240.008,139.99
14:31:19,2024-07-14,429.862758,33992.6,0.35174,2.07135,21.6402,0.662189,42.8095,41.5424,43.9707,140.009,239.992,139.996
14:31:20,2024-07-14,434.83562,34036.6,0.35135,2.08346,20.4071,0.662189,42.8095,41.5420,43.9707,140.004,240.004,139.996
14:31:21,2024-07-14,444.071673,34085.3,0.352988,2.07523,21.5777,0.646931,42.8096,41.5421,43.9712,139.999,239.979,139.981
14:31:22,2024-07-14,460.545957,34132.2,0.351791,2.07396,21.0932,0.638588,42.8100,41.5418,43.9712,139.998,239.981,139.991
14:31:23,2024-07-14,472.913033,34156.6,0.352841,2.07538,20.6389,0.660648,42.8100,41.5418,43.9716,140.009,239.991,139.999
14:31:24,2024-07-14,480.995225,34156.6,0.351236,2.07538,20.6389,0.807888,42.8101,41.5418,43.9719,140.015,239.991,140.036
14:31:25,2024-07-14,479.624434,34157.8,0.353953,2.07455,20.018,0.971247,42.8101,41.5415,43.9727,139.99,239.985,139.993
14:31:26,2024-07-14,478.106957,34128.4,0.351264,2.07478,20.6905,0.976868,42.8100,41.5410,43.9729,140.008,240.01,139.956
14:31:27,2024-07-14,470.388381,34099.8,0.353039,2.07779,20.5617,0.906404,42.8098,41.5409,43.9729,139.999,240.005,139.992
14:31:27,2024-07-14,470.388381,34051.8,0.353039,2.07596,21.0988,0.837801,42.8098,41.5411,43.9728,139.999,240.001,140.022
14:31:28,2024-07-14,462.48903,34003.8,0.353932,2.08122,21.0365,0.80477,42.8099,41.5413,43.9727,140.006,240.016,140.015
14:31:29,2024-07-14,455.166093,33968.3,0.353464,2.07927,19.642,0.80477,42.8103,41.5410,43.9727,139.995,239.994,140.015
14:31:30,2024-07-14,452.115644,33959.8,0.354597,2.07918,21.0405,0.815643,42.8105,41.5406,43.9726,139.999,239.987,139.997
14:31:31,2024-07-14,453.58457,33984.2,0.352718,2.08072,19.6209,0.841205,42.8103,41.5399,43.9721,140.01,239.997,140.003
14:31:32,2024-07-14,452.760236,33990.8,0.351498,2.07906,21.1123,0.833603,42.8105,41.5400,43.9716,140.01,239.993,140.001
14:31:33,2024-07-14,450.494867,33990.8,0.35222,2.07906,21.1123,0.785036,42.8104,41.5400,43.9712,139.997,239.993,140.001
14:31:34,2024-07-14,445.214171,34008.8,0.352085,2.07611,21.006,0.725386,42.8109,41.5400,43.9711,140.014,239.993,139.996
14:31:35,2024-07-14,439.127735,33985.5,0.351001,2.07261,20.024,0.65796,42.8108,41.5398,43.971,139.992,239.993,140.006
14:31:36,2024-07-14,434.342879,33984.1,0.350616,2.07806,21.6709,0.582457,42.8107,41.5399,43.9711,140.01,240.012,139.956
14:31:37,2024-07-14,434.342879,33933.7,0.350616,2.07073,21.2804,0.512578,42.8107,41.5398,43.9708,140.01,239.99,140.006
14:31:37,2024-07-14,429.741897,33924.2,0.35039,2.07555,21.0075,0.460308,42.8105,41.5394,43.9702,140.013,239.999,139.99
14:31:38,2024-07-14,426.604676,33878.5,0.351658,2.06985,20.4277,0.42692,42.8102,41.5396,43.9695,140.007,240,139.988
14:31:39,2024-07-14,427.99716,33841.7,0.350488,2.06724,20.3102,0.42692,42.8103,41.5404,43.9695,139.994,240.003,139.988
14:31:40,2024-07-14,439.7527,33806.3,0.351235,2.06836,19.5457,0.412322,42.8100,41.5410,43.969,140.004,240,139.998
14:31:41,2024-07-14,454.732233,33787.7,0.350874,2.06942,20.4595,0.406269,42.8100,41.5412,43.9688,139.991,239.996,139.977
14:31:42,2024-07-14,449.286257,33804.3,0.354428,2.0767,20.7844,0.401609,42.8101,41.5415,43.9686,140.108,240.009,140.022
14:31:43,2024-07-14,441.791842,33807.1,0.356822,2.07969,21.1662,0.396419,42.8097,41.5414,43.9685,140.008,240.016,139.99
14:31:44,2024-07-14,435.344889,33807.1,0.356846,2.07969,21.1662,0.387418,42.8098,41.5414,43.9684,139.997,240.016,140.001
14:31:45,2024-07-14,438.455252,33851.8,0.354781,2.07437,20.6848,0.375446,42.8094,41.5414,43.9683,139.995,239.993,140.008
14:31:46,2024-07-14,442.713278,33888.0,0.353459,2.07931,20.3836,0.359246,42.8095,41.5411,43.968,139.994,240,139.986
14:31:47,2024-07-14,442.713278,33938.7,0.353459,2.07646,20.4921,0.351388,42.8095,41.5409,43.9677,139.994,239.995,139.998
14:31:47,2024-07-14,442.213306,33978.3,0.351942,2.07175,19.7928,0.354454,42.8096,41.5402,43.9673,139.998,239.995,140.017
14:31:48,2024-07-14,438.99861,34020.7,0.351781,2.06769,20.6334,0.354454,42.8095,41.5395,43.9673,139.998,239.99,140.017
14:31:49,2024-07-14,437.744548,34045.2,0.351442,2.07441,20.309,0.359448,42.8093,41.5394,43.9669,140.019,240.007,140.011
14:31:50,2024-07-14,439.274421,34047.5,0.351911,2.06254,20.5018,0.374238,42.8093,41.5393,43.9669,139.986,239.999,139.965
14:31:51,2024-07-14,437.361305,34057.0,0.352939,2.06645,19.9703,0.393336,42.8093,41.5393,43.9667,140.003,239.998,140.002
14:31:52,2024-07-14,436.588621,34051.3,0.350893,2.06451,20.0311,0.407128,42.8095,41.5398,43.9665,140.009,240.007,139.988
14:31:53,2024-07-14,436.588621,34051.3,0.350893,2.06451,20.0311,0.409963,42.8095,41.5398,43.9666,140.009,240.007,140.025
14:31:54,2024-07-14,431.2821,34011.4,0.352672,2.06447,20.6651,0.402077,42.8091,41.5400,43.9666,139.998,240.006,140.02
14:31:55,2024-07-14,429.467119,34011.6,0.35185,2.06651,20.7194,0.386383,42.8096,41.5400,43.9666,139.997,239.999,140.005
14:31:56,2024-07-14,428.324621,33991.7,0.352228,2.0645,20.3744,0.369169,42.8095,41.5403,43.9667,140.012,239.993,139.995
14:31:56,2024-07-14,429.138625,34004.3,0.352388,2.06861,20.0336,0.372372,42.8100,41.5408,43.9669,140.008,239.995,139.996
14:31:57,2024-07-14,432.276879,34013.1,0.351502,2.06555,20.948,0.372372,42.8098,41.5411,43.9669,139.996,239.997,139.996
14:31:58,2024-07-14,434.509192,33985.6,0.351299,2.06475,20.5468,0.394781,42.8099,41.5415,43.9665,140,240.009,140.026
14:31:59,2024-07-14,435.835564,33986.9,0.35318,2.06627,21.0688,0.408972,42.8099,41.5410,43.9665,139.98,239.991,139.995
14:32:00,2024-07-14,434.539149,33962.0,0.353005,2.06298,20.4925,0.415328,42.8098,41.5409,43.9667,140.008,239.986,139.983
14:32:01,2024-07-14,432.758257,33941.3,0.353376,2.06651,20.811,0.42031,42.8101,41.5405,43.967,140.024,240.01,139.991
14:32:02,2024-07-14,432.974154,33917.9,0.352114,2.06684,20.7936,0.420657,42.8098,41.5400,43.967,140.009,240.021,140.013
14:32:03,2024-07-14,433.73031,33917.9,0.3517,2.06684,20.7936,0.414968,42.8095,41.5400,43.967,140.003,240.021,139.985
14:32:04,2024-07-14,432.33576,33884.6,0.351831,2.068,20.8833,0.398918,42.8097,41.5401,43.9672,139.997,240.022,139.974
14:32:05,2024-07-14,432.04652,33889.0,0.351894,2.06501,20.0983,0.373069,42.8098,41.5399,43.9671,140.004,239.991,139.971
14:32:06,2024-07-14,432.04652,33867.7,0.351894,2.069,20.8473,0.347094,42.8098,41.5399,43.9667,140.004,240.007,140.008
14:32:06,2024-07-14,431.82959,33848.2,0.352064,2.06276,20.1969,0.330026,42.8101,41.5396,43.9661,140.017,239.999,140.029
14:32:07,2024-07-14,430.892659,33835.1,0.351514,2.0604,20.2706,0.330026,42.8100,41.5394,43.9661,140.007,240.005,140.029
14:32:08,2024-07-14,430.68296,33835.9,0.351139,2.06307,20.8824,0.319838,42.8100,41.5394,43.9657,140.001,240.017,139.969
14:32:09,2024-07-14,428.909299,33825.0,0.351255,2.06342,21.1936,0.313251,42.8097,41.5399,43.9657,139.998,239.993,139.99
14:32:10,2024-07-14,428.427921,33792.0,0.352216,2.06183,20.6679,0.309182,42.8095,41.5400,43.9655,139.986,239.999,139.997
14:32:11,2024-07-14,429.151021,33787.5,0.351834,2.0621,20.8554,0.304576,42.8092,41.5401,43.9651,139.986,239.984,140.016
14:32:12,2024-07-14,430.47636,33787.5,0.351184,2.0621,20.8554,0.298588,42.8089,41.5401,43.9643,139.979,239.984,140.049
14:32:13,2024-07-14,432.735531,33776.3,0.350377,2.06119,20.3603,0.2998,42.8087,41.5399,43.9634,139.966,239.998,140.023
14:32:14,2024-07-14,432.735531,33751.9,0.350377,2.06655,20.7084,0.318457,42.8087,41.5397,43.9623,139.966,239.995,140.009
14:32:15,2024-07-14,430.565198,33749.2,0.352688,2.06621,20.2884,0.330719,42.8082,41.5398,43.9613,139.977,239.993,140.016
14:32:15,2024-07-14,433.020639,33729.9,0.350582,2.06702,20.7695,0.344146,42.8079,41.5399,43.9604,139.987,239.998,140.009
14:32:16,2024-07-14,431.702531,33735.0,0.35343,2.06721,21.0104,0.344146,42.8077,41.5400,43.9604,139.965,240.005,140.009
14:32:17,2024-07-14,433.156995,33733.5,0.351567,2.06652,21.231,0.359484,42.8073,41.5399,43.9596,139.979,239.994,140.049
14:32:18,2024-07-14,431.114754,33742.6,0.353068,2.06902,20.7696,0.369082,42.8069,41.5395,43.9583,139.994,240.003,139.998
14:32:19,2024-07-14,429.462987,33737.7,0.351586,2.07094,20.8146,0.370688,42.8069,41.5399,43.9573,140.002,240.004,139.994
14:32:20,2024-07-14,428.6996,33745.8,0.351828,2.06412,20.8612,0.365969,42.8068,41.5402,43.9569,139.992,239.998,140.016
14:32:21,2024-07-14,429.281179,33738.5,0.352547,2.06225,19.8898,0.355842,42.8069,41.5398,43.9566,139.994,240.005,139.998
14:32:22,2024-07-14,430.606518,33738.5,0.352007,2.06225,19.8898,0.335535,42.8070,41.5398,43.9565,140.007,240.005,140.031
14:32:23,2024-07-14,431.928758,33744.4,0.35144,2.06691,20.6793,0.322071,42.8069,41.5397,43.9564,139.99,239.988,139.986
14:32:24,2024-07-14,431.928758,33748.8,0.35144,2.07058,20.115,0.322906,42.8069,41.5390,43.9568,139.99,240.001,139.979
14:32:25,2024-07-14,433.706551,33739.4,0.350743,2.07499,19.9686,0.330924,42.8073,41.5388,43.9571,139.997,240.011,139.99
14:32:25,2024-07-14,436.17852,33716.9,0.35079,2.07112,20.0898,0.328054,42.8073,41.5385,43.9574,139.998,240.003,139.986
14:32:26,2024-07-14,434.842851,33703.4,0.350967,2.07047,20.7082,0.328054,42.8076,41.5377,43.9574,140.012,240.008,139.986
14:32:27,2024-07-14,431.455644,33703.6,0.350008,2.07125,20.6753,0.319058,42.8079,41.5373,43.9579,139.992,239.996,140.01
14:32:28,2024-07-14,429.68095,33700.7,0.350906,2.07469,20.5589,0.312803,42.8081,41.5373,43.9581,140.016,239.989,140.023
14:32:29,2024-07-14,439.51511,33690.5,0.350323,2.07219,20.403,0.307056,42.8087,41.5375,43.9585,140.001,240.011,140
14:32:30,2024-07-14,442.077983,33701.4,0.350285,2.07727,20.3166,0.301318,42.8086,41.5380,43.9589,140.008,240.002,139.994
14:32:31,2024-07-14,437.815825,33701.4,0.351065,2.07727,20.3166,0.298337,42.8084,41.5380,43.9594,139.988,240.002,139.979
14:32:32,2024-07-14,437.815825,33740.3,0.351065,2.07454,20.466,0.302458,42.8084,41.5383,43.9598,139.988,239.992,140.019
14:32:33,2024-07-14,436.634073,33822.7,0.351938,2.07273,20.3233,0.31107,42.8084,41.5379,43.9598,140.006,240.003,140.012
14:32:34,2024-07-14,440.407622,33931.2,0.352717,2.07011,20.0803,0.318935,42.8086,41.5377,43.96,139.994,240.011,139.966
14:32:34,2024-07-14,439.988224,34045.3,0.351265,2.06935,20.279,0.324609,42.8081,41.5375,43.96,140,239.988,140.002
14:32:35,2024-07-14,446.10565,34146.9,0.350782,2.07428,20.1812,0.326565,42.8081,41.5372,43.9601,139.993,239.972,140.033
14:32:36,2024-07-14,450.370907,34235.8,0.352046,2.07282,20.0139,0.326565,42.8078,41.5367,43.9601,139.981,239.996,140.033
14:32:37,2024-07-14,453.716794,34284.8,0.349763,2.07699,20.478,0.326952,42.8077,41.5364,43.9598,140.011,239.993,139.985
14:32:38,2024-07-14,450.231452,34358.7,0.350784,2.06755,20.5599,0.325302,42.8079,41.5367,43.9601,139.991,239.986,140.009
14:32:39,2024-07-14,441.429259,34385.0,0.351758,2.07126,20.6254,0.322284,42.8079,41.5368,43.9606,139.976,239.998,140.011
14:32:40,2024-07-14,434.755046,34382.6,0.351895,2.06885,19.3289,0.317439,42.8079,41.5371,43.9606,139.994,240.006,139.983
14:32:41,2024-07-14,430.63131,34367.6,0.349554,2.07219,20.3212,0.309877,42.8079,41.5372,43.9607,139.999,239.999,140.011
14:32:42,2024-07-14,430.63131,34367.6,0.349554,2.07219,20.3212,0.30232,42.8079,41.5372,43.9609,139.999,239.999,140.008
14:32:43,2024-07-14,427.944477,34357.5,0.35033,2.07233,20.2015,0.296957,42.8077,41.5377,43.9614,139.989,240.005,139.987
14:32:44,2024-07-14,425.563412,34318.6,0.351997,2.07087,20.7435,0.295427,42.8077,41.5376,43.9621,140.002,240.003,140.005
14:32:44,2024-07-14,429.240892,34281.9,0.352353,2.07177,20.1722,0.297016,42.8076,41.5374,43.9623,140.003,239.998,140.008
14:32:45,2024-07-14,452.709619,34244.4,0.352327,2.07635,20.2848,0.297016,42.8076,41.5376,43.9623,140.001,240.021,140.008
14:32:46,2024-07-14,470.600146,34243.8,0.350469,2.07499,20.3858,0.301204,42.8074,41.5381,43.9626,140.004,240,140.028
14:32:47,2024-07-14,469.346084,34261.0,0.35081,2.07464,20.7459,0.311582,42.8074,41.5381,43.9627,140.008,240.007,140.006
14:32:48,2024-07-14,465.995032,34296.9,0.349879,2.08118,20.6013,0.320463,42.8072,41.5381,43.9625,139.993,240.001,139.966
14:32:49,2024-07-14,459.147275,34365.3,0.350759,2.07636,19.9699,0.326299,42.8074,41.5380,43.9625,139.99,239.998,139.989
14:32:50,2024-07-14,453.77051,34384.7,0.351652,2.0748,20.7201,0.329616,42.8071,41.5385,43.9625,140.019,240.002,139.991
14:32:51,2024-07-14,450.948354,34433.1,0.351402,2.07395,19.6936,0.326325,42.8072,41.5387,43.9627,139.997,240.011,139.991
14:32:52,2024-07-14,450.948354,34433.1,0.351402,2.07395,19.6936,0.31958,42.8072,41.5387,43.9632,139.997,240.011,140.016
14:32:53,2024-07-14,453.456478,34465.8,0.350643,2.07205,19.2999,0.305692,42.8070,41.5387,43.964,139.996,239.988,140.018
14:32:53,2024-07-14,450.438052,34485.8,0.349817,2.07537,20.5782,0.295898,42.8070,41.5388,43.9646,140.006,239.993,139.973
14:32:54,2024-07-14,439.097778,34484.2,0.351414,2.0761,20.6338,0.295898,42.8070,41.5394,43.9646,140.018,239.988,139.973
14:32:55,2024-07-14,430.151998,34480.1,0.351483,2.07689,20.4975,0.28494,42.8075,41.5402,43.9652,140.002,240.004,140.005
14:32:56,2024-07-14,426.061318,34466.0,0.350949,2.08117,20.1969,0.272815,42.8077,41.5408,43.9656,140.004,240.015,140.009
14:32:57,2024-07-14,425.853685,34471.9,0.35215,2.0775,20.8533,0.262149,42.8075,41.5408,43.966,140.01,240.002,139.991
14:32:58,2024-07-14,429.801811,34473.4,0.351206,2.08204,19.5227,0.254826,42.8079,41.5411,43.9661,140.013,240.013,139.985
14:32:59,2024-07-14,429.801811,34498.8,0.351206,2.08267,20.6501,0.250599,42.8079,41.5410,43.9663,140.013,240.008,139.988
14:33:00,2024-07-14,429.220232,34507.1,0.352412,2.07964,20.3281,0.249548,42.8081,41.5407,43.9664,140.012,240.009,140.008
14:33:01,2024-07-14,429.415469,34507.1,0.352701,2.07964,20.3281,0.247622,42.8084,41.5407,43.9662,140.003,240.009,140
14:33:02,2024-07-14,434.291229,34561.6,0.350302,2.08459,20.9897,0.246616,42.8083,41.5410,43.9662,140,240.004,140.009
14:33:03,2024-07-14,438.329226,34608.2,0.35151,2.0766,20.3327,0.245844,42.8081,41.5408,43.9662,140.003,240,140.007
14:33:03,2024-07-14,434.733353,34639.5,0.351848,2.068,19.202,0.245844,42.8085,41.5407,43.9662,140.006,239.999,140.007
14:33:04,2024-07-14,431.252143,34648.6,0.352232,2.06732,20.2932,0.245955,42.8082,41.5409,43.966,139.991,240.007,140.028
14:33:05,2024-07-14,425.898104,34645.8,0.35216,2.06479,20.9288,0.244564,42.8079,41.5408,43.966,140.001,239.996,139.964
14:33:06,2024-07-14,423.867226,34590.1,0.35057,2.06044,20.4562,0.243116,42.8078,41.5405,43.966,140.007,240.006,140.014
14:33:07,2024-07-14,423.170984,34535.0,0.351184,2.06343,20.6453,0.241506,42.8074,41.5404,43.9663,140.003,239.995,140
14:33:08,2024-07-14,424.149235,34486.9,0.352184,2.06013,20.0451,0.239878,42.8072,41.5403,43.9664,139.988,240,139.991
14:33:09,2024-07-14,424.149235,34445.8,0.352184,2.06086,20.3653,0.239738,42.8072,41.5401,43.9664,139.988,239.999,139.975
14:33:10,2024-07-14,426.347459,34411.5,0.351245,2.05776,19.7536,0.24019,42.8070,41.5399,43.9663,140.006,239.994,140.001
14:33:11,2024-07-14,430.721181,34411.5,0.349976,2.05776,19.7536,0.240112,42.8066,41.5399,43.9659,140.003,239.994,140.006
14:33:12,2024-07-14,435.825234,34369.8,0.351311,2.06234,19.1318,0.240645,42.8065,41.5402,43.9655,140.011,240.001,139.973
14:33:13,2024-07-14,440.650377,34309.9,0.35158,2.07188,19.6253,0.240645,42.8059,41.5399,43.9655,140.013,239.999,139.973
14:33:13,2024-07-14,438.574047,34269.6,0.352401,2.11815,20.2212,0.242209,42.8058,41.5404,43.9652,139.99,240.004,139.983
14:33:14,2024-07-14,436.358262,34263.2,0.350731,2.17,19.9695,0.242572,42.8057,41.5405,43.965,140.015,240,140.025
14:33:15,2024-07-14,434.805663,34242.6,0.349359,2.19081,20.8174,0.242374,42.8055,41.5401,43.9647,140.019,240.009,139.972
14:33:16,2024-07-14,438.758954,34260.9,0.350871,2.23875,21.9407,0.242088,42.8050,41.5403,43.964,139.998,240.003,140.014
14:33:17,2024-07-14,441.82903,34262.3,0.351369,2.28875,21.3849,0.241201,42.8049,41.5406,43.9635,139.97,240.005,140.01
14:33:18,2024-07-14,446.017845,34288.5,0.349346,2.29518,21.3097,0.241023,42.8049,41.5406,43.9632,139.978,240.003,140.021
14:33:19,2024-07-14,446.017845,34314.8,0.349346,2.27582,21.8069,0.241395,42.8049,41.5404,43.9625,139.978,239.988,139.977
14:33:20,2024-07-14,447.924763,34314.8,0.349622,2.27582,21.8069,0.242076,42.8045,41.5404,43.9621,139.987,239.988,140.02
14:33:21,2024-07-14,446.38456,34330.7,0.351178,2.24868,21.5462,0.242341,42.8042,41.5407,43.9615,139.988,240,140.034
14:33:22,2024-07-14,446.142838,34332.9,0.350619,2.22179,21.4279,0.242484,42.8041,41.5408,43.9608,139.988,239.997,139.992
14:33:22,2024-07-14,443.02731,34344.4,0.350419,2.20356,20.7778,0.242694,42.8039,41.5406,43.9602,139.993,239.995,139.996
14:33:23,2024-07-14,443.532447,34338.6,0.351488,2.20031,21.3699,0.242694,42.8038,41.5405,43.9602,139.988,239.995,139.996
14:33:24,2024-07-14,448.196442,34339.0,0.350679,2.23431,20.9549,0.242148,42.8033,41.5399,43.9597,139.993,240.005,139.976
14:33:25,2024-07-14,446.971304,34357.8,0.351689,2.30949,21.6081,0.242181,42.8030,41.5397,43.9597,139.982,239.991,139.997
14:33:26,2024-07-14,449.819285,34395.7,0.352555,2.48693,22.2837,0.242065,42.8030,41.5395,43.9601,139.981,239.991,139.988
14:33:27,2024-07-14,461.794854,34457.0,0.350029,2.6809,22.6506,0.242081,42.8026,41.5397,43.9604,139.996,239.985,139.98
14:33:28,2024-07-14,458.773329,34574.5,0.352312,2.83578,24.555,0.241819,42.8027,41.5393,43.9611,139.996,240,140.012
14:33:29,2024-07-14,458.773329,34681.7,0.352312,2.8639,23.7945,0.242763,42.8027,41.5391,43.9614,139.996,240.006,139.999
14:33:30,2024-07-14,452.651771,34681.7,0.352008,2.8639,23.7945,0.243363,42.8024,41.5391,43.9618,140.006,240.006,140.052
14:33:31,2024-07-14,454.732233,34785.8,0.35112,2.85243,23.7345,0.243421,42.8023,41.5386,43.9619,139.995,240.001,140.016
14:33:32,2024-07-14,458.667963,34909.9,0.350097,3.9161,27.4652,0.243421,42.8019,41.5383,43.9619,140.002,240.001,140.016
14:33:32,2024-07-14,457.598808,35020.6,0.351229,8.65051,46.991,0.242951,42.8018,41.5385,43.9623,140.003,240,140.004
14:33:33,2024-07-14,465.047771,35096.0,0.352264,14.9243,72.6347,0.243243,42.8013,41.5383,43.9621,139.994,240.005,140.014
14:33:34,2024-07-14,468.674634,35201.9,0.349496,20.2778,101.254,0.243188,42.8014,41.5381,43.9617,139.997,240,139.986
14:33:35,2024-07-14,461.802085,35284.0,0.351948,25.289,123.059,0.243595,42.8012,41.5376,43.9612,140.001,239.989,139.999
14:33:36,2024-07-14,454.843797,35333.3,0.351182,31.4084,149.247,0.243076,42.8009,41.5377,43.9614,139.997,240.007,140.012
14:33:37,2024-07-14,454.759091,35373.8,0.351748,41.158,192.592,0.241977,42.8013,41.5380,43.9617,140.002,240.005,140.027
14:33:38,2024-07-14,454.759091,35389.3,0.351748,60.3011,278.178,0.240561,42.8013,41.5381,43.9622,140.002,239.999,139.995
14:33:39,2024-07-14,456.597831,35329.4,0.350629,85.2705,394.493,0.239943,42.8015,41.5382,43.9626,140.006,239.989,139.99
14:33:40,2024-07-14,454.992549,35329.4,0.350023,85.2705,394.493,0.239943,42.8012,41.5382,43.9626,140,239.989,139.99
14:33:41,2024-07-14,449.726315,35257.4,0.351215,107.057,498.076,0.240206,42.8013,41.5378,43.9634,140.003,240.006,139.982
14:33:41,2024-07-14,452.24167,35188.5,0.351211,121.982,569.217,0.239749,42.8012,41.5380,43.9633,140,239.994,139.993
14:33:42,2024-07-14,456.473871,35119.8,0.350534,132.399,619.013,0.24007,42.8015,41.5384,43.9634,139.993,239.991,139.996
14:33:43,2024-07-14,460.362083,35119.9,0.349258,134.429,626.809,0.240934,42.8015,41.5386,43.9634,139.992,240.002,140.009
14:33:44,2024-07-14,453.77051,35123.5,0.349129,131.025,609.611,0.241787,42.8014,41.5385,43.9633,140.008,240,139.994
14:33:45,2024-07-14,442.6451,35059.8,0.35118,129.495,599.089,0.241615,42.8018,41.5382,43.963,140.001,240.004,140.009
14:33:46,2024-07-14,435.640327,34955.2,0.350638,132.245,612.948,0.241615,42.8017,41.5379,43.963,140.007,240.009,140.009
14:33:47,2024-07-14,428.863847,34842.5,0.349493,129.822,601.969,0.241941,42.8017,41.5377,43.9629,140.006,240.003,139.986
14:33:48,2024-07-14,428.863847,34842.5,0.349493,129.822,601.969,0.24169,42.8017,41.5377,43.9627,140.006,240.003,139.975
14:33:49,2024-07-14,425.401231,34722.9,0.349406,122.64,567.136,0.240861,42.8018,41.5381,43.9624,140.004,240.002,140.01
14:33:50,2024-07-14,422.595603,34603.6,0.350011,114.236,525.774,0.240654,42.8022,41.5391,43.9623,140,240.003,139.991
14:33:51,2024-07-14,420.460392,34470.1,0.350018,104.308,477.767,0.24031,42.8023,41.5389,43.9621,140.005,240.013,140.028
14:33:51,2024-07-14,420.248627,34339.0,0.351532,95.9815,439.392,0.240667,42.8023,41.5390,43.9621,140.015,240.021,139.966
14:33:52,2024-07-14,431.686003,34237.7,0.349734,90.3311,411.606,0.240972,42.8027,41.5391,43.9622,140.016,240.007,139.983
14:33:53,2024-07-14,439.544034,34188.6,0.351968,86.5558,394.726,0.242491,42.8025,41.5394,43.9625,139.989,239.995,140.031
14:33:54,2024-07-14,446.158333,34154.8,0.350082,84.5564,385.393,0.24311,42.8031,41.5396,43.9634,139.992,239.998,140.019
14:33:55,2024-07-14,448.314204,34163.7,0.349409,83.0426,380.724,0.24365,42.8032,41.5394,43.9639,139.996,239.993,139.98
14:33:56,2024-07-14,444.70077,34228.0,0.349641,80.1799,366.448,0.24365,42.8034,41.5395,43.9639,139.988,240.003,139.98
14:33:57,2024-07-14,438.495539,34286.9,0.350678,75.9319,346.543,0.244125,42.8038,41.5393,43.9642,140.006,240.004,139.988
14:33:58,2024-07-14,438.495539,34286.9,0.350678,75.9319,346.543,0.24344,42.8038,41.5393,43.9644,140.006,240.004,140.031
14:33:59,2024-07-14,432.190107,34385.8,0.352258,70.879,324.142,0.242492,42.8040,41.5395,43.9643,139.978,239.983,140.005
14:34:00,2024-07-14,430.159229,34512.8,0.351274,66.4612,303.227,0.241686,42.8042,41.5399,43.9643,140,239.989,140.012
14:34:01,2024-07-14,427.149067,34611.7,0.350807,64.0923,292.099,0.241466,42.8043,41.5402,43.9642,140.004,239.993,139.969
14:34:01,2024-07-14,424.527313,34711.9,0.350125,60.7483,277.03,0.242212,42.8041,41.5401,43.9643,139.982,239.992,139.997
14:34:02,2024-07-14,422.587339,34806.1,0.35182,55.4849,252.695,0.242658,42.8044,41.5401,43.9643,140.002,239.992,140.021
14:34:03,2024-07-14,426.54063,34853.4,0.350151,51.8639,238.649,0.244365,42.8047,41.5400,43.9643,139.983,240,140.017
14:34:04,2024-07-14,425.853685,34899.9,0.351153,48.2704,223.371,0.24487,42.8048,41.5399,43.9646,140,240.001,139.982
14:34:05,2024-07-14,424.54694,34967.9,0.350827,44.1007,202.073,0.245191,42.8049,41.5397,43.965,139.988,240.001,140.002
14:34:06,2024-07-14,421.980968,34967.9,0.350707,44.1007,202.073,0.244517,42.8054,41.5397,43.9646,139.999,240.001,139.995
14:34:07,2024-07-14,419.912902,35029.6,0.352908,39.4821,181.624,0.244517,42.8053,41.5393,43.9646,139.995,239.993,139.995
14:34:08,2024-07-14,421.55124,35070.0,0.35307,35.3497,165.284,0.242883,42.8054,41.5387,43.9645,139.992,239.991,140.005
14:34:09,2024-07-14,421.55124,35135.8,0.35307,31.986,150.227,0.24234,42.8054,41.5388,43.9645,139.992,239.997,140.032
14:34:10,2024-07-14,422.128687,35161.5,0.350899,29.0393,135.752,0.241942,42.8059,41.5389,43.9647,140.021,239.999,139.978
14:34:11,2024-07-14,418.044205,35150.5,0.350978,26.409,125.135,0.241349,42.8058,41.5388,43.9647,140.005,239.998,140.003
14:34:11,2024-07-14,418.417118,35091.0,0.351828,24.4259,117.326,0.240971,42.8056,41.5381,43.9649,139.997,239.983,139.991
14:34:12,2024-07-14,417.525639,35003.9,0.35056,22.8607,112.096,0.240971,42.8058,41.5377,43.9649,140.008,240.004,139.991
14:34:13,2024-07-14,422.917899,34876.6,0.35121,21.3093,104.505,0.240642,42.8060,41.5373,43.9648,139.996,240.006,140.003
14:34:14,2024-07-14,423.368287,34745.0,0.352171,19.9915,97.9766,0.240507,42.8056,41.5373,43.9643,139.998,239.994,139.994
14:34:15,2024-07-14,423.956064,34598.5,0.349399,18.9902,95.0129,0.241095,42.8058,41.5376,43.9638,140.007,240.008,139.997
14:34:16,2024-07-14,419.395369,34598.5,0.351225,18.9902,95.0129,0.241375,42.8058,41.5376,43.9636,140.006,240.008,140.02
14:34:17,2024-07-14,417.564893,34476.6,0.350766,18.1838,90.8746,0.240933,42.8057,41.5379,43.9633,139.993,239.984,139.983
14:34:18,2024-07-14,417.564893,34352.1,0.350766,17.4328,88.6273,0.240105,42.8057,41.5382,43.9627,139.993,239.988,139.994
14:34:19,2024-07-14,418.597893,34254.1,0.350452,16.5462,84.6422,0.240072,42.8057,41.5378,43.9627,140.001,239.998,139.993
14:34:20,2024-07-14,416.296369,34203.2,0.350532,15.5642,76.0521,0.239908,42.8054,41.5373,43.9625,140.019,240.028,139.966
14:34:20,2024-07-14,417.985324,34184.7,0.3504,14.5159,70.7791,0.239908,42.8052,41.5368,43.9625,140.009,239.996,139.966
14:34:21,2024-07-14,418.787965,34202.6,0.350117,13.5914,68.3698,0.239911,42.8054,41.5364,43.9625,140.005,240.006,139.981
14:34:22,2024-07-14,423.983955,34209.2,0.349695,12.6832,64.2543,0.239701,42.8051,41.5363,43.9625,139.991,239.989,139.986
14:34:23,2024-07-14,428.337017,34209.6,0.350932,12.1387,61.7527,0.240373,42.8047,41.5361,43.9627,139.999,239.984,140.004
14:34:24,2024-07-14,429.976388,34209.6,0.349861,12.1387,61.7527,0.242571,42.8046,41.5361,43.9633,139.994,239.984,140.003
14:34:25,2024-07-14,429.095239,34240.8,0.350555,11.7405,60.6469,0.244767,42.8045,41.5361,43.9633,139.992,239.991,139.984
14:34:26,2024-07-14,427.292654,34251.9,0.348901,11.4235,59.47,0.245435,42.8044,41.5362,43.9635,140.007,239.985,140.035
14:34:27,2024-07-14,427.292654,34245.1,0.348901,11.1558,56.1807,0.244256,42.8044,41.5358,43.9634,140.007,240.004,139.993
14:34:28,2024-07-14,428.779141,34263.7,0.350594,10.9405,55.7732,0.243108,42.8042,41.5355,43.9636,139.993,239.999,140.024
14:34:29,2024-07-14,450.242815,34262.5,0.349922,10.7682,54.5407,0.244345,42.8044,41.5358,43.9635,139.998,239.989,140.009
14:34:30,2024-07-14,497.558347,34284.3,0.349327,10.6409,55.5508,0.260242,42.8039,41.5358,43.9635,139.996,240.008,139.998
14:34:30,2024-07-14,523.290377,34274.6,0.3511,10.5096,55.9706,0.295597,42.8042,41.5362,43.9636,139.991,240.014,140.009
14:34:31,2024-07-14,516.431257,34287.1,0.348653,10.3822,54.3545,0.295597,42.8039,41.5370,43.9636,139.996,240.011,140.009
14:34:32,2024-07-14,488.744791,34309.2,0.350562,10.2339,53.5524,0.323713,42.8037,41.5375,43.9638,140.002,239.999,139.985
14:34:33,2024-07-14,477.844575,34326.1,0.351148,10.0677,52.7759,0.324896,42.8036,41.5378,43.9644,139.998,239.992,140.018
14:34:34,2024-07-14,494.87358,34330.9,0.349803,9.95132,52.913,0.304485,42.8037,41.5377,43.9651,140.027,240.002,140.014
14:34:35,2024-07-14,512.674236,34330.9,0.350862,9.95132,52.913,0.29414,42.8042,41.5377,43.9656,139.981,240.002,140.008
14:34:36,2024-07-14,512.674236,34339.2,0.350862,9.89939,52.1492,0.30464,42.8042,41.5382,43.966,139.981,239.998,139.991
14:34:37,2024-07-14,516.743223,34334.7,0.35062,9.8882,52.1944,0.321896,42.8041,41.5388,43.9661,140.01,240.009,140.012
14:34:38,2024-07-14,505.345101,34339.1,0.349557,9.90434,52.4832,0.328201,42.8043,41.5392,43.9661,139.992,240.003,139.974
14:34:39,2024-07-14,491.911969,34355.7,0.350924,9.91928,52.4807,0.317876,42.8042,41.5394,43.9661,139.994,239.98,140
14:34:39,2024-07-14,476.488246,34349.6,0.350845,9.88811,52.7594,0.303823,42.8046,41.5398,43.9663,139.994,240.01,140.019
14:34:40,2024-07-14,471.342873,34340.3,0.351494,9.84319,52.6769,0.303823,42.8046,41.5397,43.9663,139.987,239.994,140.019
14:34:41,2024-07-14,464.046794,34338.0,0.351914,9.7777,52.7975,0.288968,42.8047,41.5393,43.9664,140.001,239.991,140.001
14:34:42,2024-07-14,461.802085,34353.7,0.350485,9.69753,50.0304,0.278545,42.8047,41.5388,43.9666,140.023,239.999,139.968
14:34:43,2024-07-14,476.921073,34393.1,0.349205,9.5838,50.6425,0.270489,42.8049,41.5388,43.9664,140.012,240.008,139.978
14:34:44,2024-07-14,483.497151,34393.1,0.349275,9.5838,50.6425,0.264549,42.8046,41.5388,43.966,139.999,240.008,140.008
14:34:45,2024-07-14,483.497151,34476.7,0.349275,9.40634,50.2721,0.266755,42.8046,41.5389,43.9655,139.999,240.007,140.011
14:34:46,2024-07-14,468.766571,34567.0,0.351765,8.92018,48.8929,0.267731,42.8045,41.5388,43.9648,140.015,240.006,140
14:34:47,2024-07-14,452.604253,34666.5,0.350502,8.22559,44.7714,0.261676,42.8042,41.5398,43.9643,140.01,239.996,139.994
14:34:48,2024-07-14,437.720789,34751.3,0.352114,7.48943,40.1294,0.25397,42.8039,41.5401,43.964,140.008,240.001,139.984
14:34:49,2024-07-14,431.751082,34832.8,0.351806,6.75526,39.1925,0.25397,42.8040,41.5403,43.964,140.003,240.014,139.984
14:34:49,2024-07-14,428.884507,34906.4,0.350867,6.02495,35.4811,0.248646,42.8040,41.5407,43.9637,140.001,239.998,139.976
14:34:50,2024-07-14,430.926748,34919.7,0.352224,5.32148,32.9795,0.245097,42.8040,41.5410,43.9633,140.002,240.011,140.018
14:34:51,2024-07-14,434.786036,34947.9,0.352084,4.6995,30.2242,0.242392,42.8041,41.5412,43.9629,140.008,240.01,139.99
14:34:52,2024-07-14,438.025524,35008.6,0.349374,4.18071,27.7144,0.241174,42.8038,41.5412,43.9629,140.018,240.007,140.001
14:34:53,2024-07-14,438.29617,35008.6,0.349495,4.18071,27.7144,0.240546,42.8038,41.5412,43.9629,140.007,240.007,139.995
14:34:54,2024-07-14,439.18455,35089.1,0.350264,3.68749,26.6499,0.240704,42.8034,41.5417,43.9627,140.013,240.013,140.012
14:34:55,2024-07-14,439.18455,35156.3,0.350264,3.37048,24.4059,0.240781,42.8034,41.5418,43.9626,140.013,240.009,139.999
14:34:56,2024-07-14,439.74237,35184.1,0.349307,3.10935,25.5384,0.24083,42.8034,41.5416,43.9626,140.009,240.017,139.98
14:34:57,2024-07-14,439.558496,35181.4,0.351631,2.90802,22.9096,0.240346,42.8031,41.5413,43.9627,140.009,240.012,139.993
14:34:58,2024-07-14,444.276207,35159.8,0.351519,2.74267,21.8728,0.240865,42.8032,41.5408,43.963,140.009,239.993,139.992
14:34:58,2024-07-14,444.668747,35113.6,0.351888,2.61169,20.7059,0.240865,42.8030,41.5407,43.963,140.027,240.017,139.992
14:34:59,2024-07-14,443.8847,35062.3,0.349899,2.5197,19.8199,0.241345,42.8032,41.5409,43.963,140.015,240.024,139.969
14:35:00,2024-07-14,439.754766,35026.7,0.349901,2.44312,21.5363,0.241708,42.8033,41.5412,43.963,140.003,239.987,140.004
14:35:01,2024-07-14,434.553611,34969.8,0.350823,2.38048,21.4391,0.242422,42.8034,41.5416,43.9632,140.008,240.002,140.014
14:35:02,2024-07-14,431.187064,34969.8,0.349735,2.38048,21.4391,0.24188,42.8030,41.5416,43.9632,140.007,240.002,139.974
14:35:03,2024-07-14,431.149876,34890.0,0.349856,2.33119,20.7626,0.240639,42.8033,41.5422,43.9635,139.995,239.998,140.01
14:35:04,2024-07-14,430.255298,34795.0,0.351538,2.28652,19.8709,0.240447,42.8029,41.5427,43.9635,139.996,240.008,140.012
14:35:05,2024-07-14,430.255298,34750.7,0.351538,2.25985,20.1134,0.240138,42.8029,41.5431,43.9636,139.996,239.987,139.985
14:35:06,2024-07-14,432.73863,34648.6,0.350336,2.23297,19.9928,0.239663,42.8027,41.5431,43.9639,140.005,239.999,140.009
14:35:07,2024-07-14,429.967091,34562.3,0.35092,2.21546,21.0728,0.240149,42.8026,41.5430,43.9642,140.004,240.01,139.986
14:35:08,2024-07-14,428.03848,34499.4,0.34999,2.19767,19.9355,0.239614,42.8027,41.5433,43.9642,140.02,239.995,139.988
14:35:08,2024-07-14,424.636811,34417.7,0.351629,2.18474,20.7277,0.239275,42.8025,41.5432,43.9643,140.001,239.992,140.001
14:35:09,2024-07-14,426.163585,34336.1,0.350243,2.17671,20.3309,0.239275,42.8025,41.5429,43.9643,139.985,239.991,140.001
14:35:10,2024-07-14,423.867226,34315.2,0.349835,2.16693,18.9174,0.238804,42.8024,41.5432,43.9642,139.996,239.976,140.01
14:35:11,2024-07-14,420.726906,34290.0,0.351836,2.15853,19.7202,0.239097,42.8029,41.5435,43.964,140.002,239.996,140.039
14:35:12,2024-07-14,421.479963,34256.0,0.350675,2.15129,20.1539,0.238335,42.8030,41.5434,43.964,139.991,239.982,139.995
14:35:13,2024-07-14,419.777579,34256.0,0.350282,2.15129,20.1539,0.237641,42.8028,41.5434,43.964,139.996,239.982,139.99
14:35:14,2024-07-14,418.82412,34199.1,0.350242,2.14901,20.2248,0.237342,42.8028,41.5434,43.9642,140.005,240.007,139.996
14:35:15,2024-07-14,418.82412,34153.0,0.350242,2.14468,20.0617,0.236572,42.8028,41.5430,43.9645,140.005,240.001,140.007
14:35:16,2024-07-14,418.066931,34114.8,0.350921,2.14471,20.6754,0.236778,42.8024,41.5434,43.9648,140.005,239.99,140.002
14:35:17,2024-07-14,417.610345,34050.3,0.351394,2.13813,19.2744,0.236729,42.8024,41.5435,43.9646,140.004,240.011,139.993
14:35:17,2024-07-14,417.029799,33999.8,0.351053,2.14041,20.196,0.23686,42.8023,41.5433,43.9648,140.02,239.999,139.988
14:35:18,2024-07-14,417.215739,33960.3,0.35046,2.13428,20.1989,0.236327,42.8024,41.5429,43.9647,139.997,240.006,139.989
14:35:19,2024-07-14,416.687876,33918.8,0.351774,2.13721,19.8876,0.236327,42.8022,41.5425,43.9647,139.995,239.988,139.989
14:35:20,2024-07-14,416.74779,33918.8,0.351678,2.13721,19.8876,0.236213,42.8018,41.5425,43.9642,139.991,239.988,139.987
14:35:21,2024-07-14,418.972872,33879.8,0.3496,2.13353,19.5762,0.236501,42.8018,41.5424,43.9639,140.004,240,139.99
14:35:22,2024-07-14,417.290115,33849.6,0.350543,2.13115,20.3735,0.236665,42.8019,41.5425,43.9635,139.999,239.996,140.002
14:35:23,2024-07-14,417.767361,33830.2,0.351593,2.1356,19.7854,0.236416,42.8017,41.5432,43.963,139.974,239.987,140.004
14:35:24,2024-07-14,417.767361,33798.6,0.351593,2.13002,22.1353,0.236579,42.8017,41.5430,43.9625,139.974,239.981,139.99
14:35:25,2024-07-14,418.972872,33804.6,0.350248,2.12454,20.2747,0.236132,42.8016,41.5433,43.9626,139.983,239.99,140.019
14:35:26,2024-07-14,418.375798,33763.6,0.350469,2.1244,19.4167,0.235796,42.8017,41.5432,43.9623,139.998,239.996,139.99
14:35:27,2024-07-14,417.897519,33729.1,0.35192,2.12749,20.5393,0.236198,42.8012,41.5424,43.9617,140.005,240.017,139.998
14:35:27,2024-07-14,418.798295,33702.4,0.34997,2.12013,19.865,0.235867,42.8012,41.5415,43.9618,140.008,240.007,140.017
14:35:28,2024-07-14,418.580332,33661.2,0.34996,2.12104,20.3108,0.23603,42.8012,41.5408,43.9618,140.017,240.01,140.012
14:35:29,2024-07-14,417.048393,33674.8,0.350873,2.1163,19.343,0.23603,42.8009,41.5406,43.9618,140,239.994,140.012
14:35:30,2024-07-14,416.874849,33639.7,0.352045,2.12018,20.2272,0.236109,42.8005,41.5402,43.9617,140.003,240.01,140.001
14:35:31,2024-07-14,417.602081,33639.7,0.351962,2.12018,20.2272,0.235936,42.8004,41.5402,43.9618,139.996,240.01,140.003
14:35:32,2024-07-14,417.658896,33639.3,0.35073,2.11835,20.1232,0.236088,42.8002,41.5399,43.9616,139.997,239.992,139.974
14:35:33,2024-07-14,416.421362,33610.2,0.352014,2.11897,19.4769,0.235734,42.8002,41.5399,43.9615,140.008,239.984,140.004
14:35:34,2024-07-14,416.421362,33582.9,0.352014,2.1264,19.2414,0.235653,42.8002,41.5397,43.9616,140.008,240.021,139.999
14:35:35,2024-07-14,416.461649,33562.4,0.351733,2.12017,20.3238,0.235638,42.7999,41.5392,43.9612,140.011,239.999,140.013
14:35:36,2024-07-14,417.276686,33516.6,0.349748,2.11625,20.4938,0.235717,42.7997,41.5385,43.9612,140.009,239.996,140.011
14:35:37,2024-07-14,417.199211,33503.9,0.351164,2.1136,20.6042,0.235726,42.7996,41.5378,43.9612,140.003,239.999,139.993
14:35:37,2024-07-14,416.395537,33487.6,0.351611,2.11849,19.9852,0.235637,42.7996,41.5372,43.9611,139.99,240,139.986
14:35:38,2024-07-14,416.068076,33498.1,0.351638,2.11854,20.5013,0.235813,42.7998,41.5368,43.9612,140.004,239.9,139.982
14:35:39,2024-07-14,416.673414,33498.1,0.352034,2.11854,20.5013,0.235813,42.7995,41.5368,43.9612,139.992,239.9,139.982
14:35:40,2024-07-14,418.480131,33460.4,0.350067,2.11674,19.9819,0.235708,42.8000,41.5366,43.9612,139.992,239.991,140.014
14:35:41,2024-07-14,418.480131,33457.2,0.350067,2.1138,19.6619,0.235509,42.8000,41.5365,43.9616,139.992,239.997,140.002
14:35:42,2024-07-14,418.440877,33464.3,0.350134,2.1181,20.2164,0.235552,42.8001,41.5364,43.9617,140.016,240.006,140.005
14:35:43,2024-07-14,416.306699,33452.9,0.352141,2.11088,19.6613,0.23576,42.8002,41.5367,43.9623,140.003,239.995,139.977
14:35:44,2024-07-14,417.775625,33447.7,0.351035,2.11719,19.8968,0.235917,42.8005,41.5366,43.9627,140.001,240.016,140.016
14:35:45,2024-07-14,417.684721,33454.2,0.350101,2.11524,19.1186,0.236211,42.8009,41.5370,43.9629,140.006,240,140.02
14:35:46,2024-07-14,417.401679,33456.2,0.350644,2.11321,20.0556,0.23622,42.8010,41.5379,43.9628,140.002,239.993,140.008
14:35:46,2024-07-14,415.868707,33454.6,0.351965,2.11474,19.056,0.236127,42.8013,41.5384,43.9625,139.989,240.013,140.005
14:35:47,2024-07-14,417.715711,33480.7,0.350459,2.11647,21.9772,0.236431,42.8015,41.5387,43.9625,139.991,240.005,139.992
14:35:48,2024-07-14,417.717777,33480.2,0.350799,2.11232,20.6667,0.236346,42.8015,41.5387,43.9623,140.007,240.009,140.011
14:35:49,2024-07-14,415.759209,33480.2,0.351416,2.11232,20.6667,0.236346,42.8014,41.5387,43.9623,139.988,240.009,140.011
14:35:50,2024-07-14,415.9937,33530.0,0.351938,2.11179,21.5141,0.23712,42.8015,41.5390,43.9619,139.998,239.987,140.01
14:35:51,2024-07-14,416.069109,33534.3,0.350746,2.10574,20.5661,0.237142,42.8016,41.5398,43.9613,140.001,239.991,139.974
14:35:52,2024-07-14,417.178551,33548.9,0.351292,2.10212,19.9722,0.237435,42.8015,41.5402,43.9608,140.023,239.995,139.982
14:35:53,2024-07-14,417.178551,33591.1,0.351292,2.10838,20.0925,0.237294,42.8015,41.5404,43.9607,140.023,240.009,140.068
14:35:54,2024-07-14,416.740559,33607.9,0.349632,2.10442,19.4695,0.237515,42.8019,41.5404,43.9609,140.001,239.995,139.976
14:35:55,2024-07-14,417.059756,33637.6,0.350503,2.10565,19.1116,0.237901,42.8019,41.5406,43.961,139.998,240.013,139.969
14:35:56,2024-07-14,417.196112,33638.3,0.349775,2.10577,21.1372,0.238144,42.8019,41.5406,43.9612,139.998,240.008,139.99
14:35:56,2024-07-14,417.103142,33674.2,0.350622,2.105,20.2202,0.23883,42.8019,41.5401,43.9614,139.996,240.002,139.999
14:35:57,2024-07-14,413.857456,33728.4,0.352149,2.10648,19.8615,0.238559,42.8021,41.5401,43.9618,140.007,240,140.018
14:35:58,2024-07-14,415.765407,33779.8,0.349875,2.10416,20.0213,0.238964,42.8019,41.5397,43.9621,140.009,240.007,139.98
14:35:59,2024-07-14,416.088736,33839.7,0.349857,2.1042,19.7398,0.238689,42.8017,41.5403,43.9623,140.017,240.007,140.015
14:36:00,2024-07-14,415.873872,33839.7,0.351239,2.1042,19.7398,0.238689,42.8016,41.5403,43.9623,140.007,240.007,140.015
14:36:01,2024-07-14,415.320184,33884.0,0.350549,2.10577,19.7142,0.238586,42.8015,41.5403,43.9625,139.999,240.013,139.976
14:36:02,2024-07-14,415.320184,33927.2,0.350549,2.10701,20.06,0.238699,42.8015,41.5405,43.9626,139.999,239.994,140.002
14:36:03,2024-07-14,414.373956,33972.8,0.352546,2.1064,20.6334,0.238798,42.8010,41.5401,43.9626,139.994,239.996,140.016
14:36:04,2024-07-14,416.948192,33986.8,0.350695,2.1073,20.8395,0.238604,42.8009,41.5400,43.9624,139.996,239.991,140.014
14:36:05,2024-07-14,414.488619,34024.4,0.35203,2.10755,19.4667,0.239192,42.8006,41.5394,43.9621,139.997,239.995,139.969
14:36:05,2024-07-14,414.259293,34054.2,0.351255,2.10596,20.3097,0.239305,42.8007,41.5400,43.962,140.006,240.009,140.001
14:36:06,2024-07-14,416.659985,34080.6,0.350122,2.11528,20.3654,0.239152,42.8007,41.5404,43.9615,139.988,240.01,140.007
14:36:07,2024-07-14,414.639437,34139.3,0.352052,2.10774,19.8187,0.238972,42.8002,41.5408,43.9613,139.997,239.992,140.024
14:36:08,2024-07-14,415.753011,34169.7,0.350049,2.10763,19.3748,0.239411,42.8003,41.5415,43.9608,140.004,239.996,139.989
14:36:09,2024-07-14,416.930631,34169.7,0.351532,2.10763,19.3748,0.239411,42.8003,41.5415,43.9608,139.991,239.996,139.989
14:36:10,2024-07-14,416.340788,34189.4,0.350647,2.10982,19.8408,0.241673,42.8002,41.5419,43.9604,139.995,240.006,139.995
14:36:11,2024-07-14,416.147617,34233.2,0.352526,2.10944,20.046,0.243973,42.8007,41.5416,43.9603,140.002,239.998,140.029
14:36:12,2024-07-14,416.905839,34205.3,0.352171,2.11409,20.6251,0.246206,42.8006,41.5412,43.9598,140.006,240.007,140.011
14:36:13,2024-07-14,416.905839,34208.9,0.352171,2.11254,20.6389,0.247921,42.8006,41.5401,43.9598,140.006,239.995,139.961
14:36:14,2024-07-14,416.24162,34203.0,0.352707,2.10982,19.1258,0.248549,42.8006,41.5394,43.9598,139.999,239.998,139.998
14:36:15,2024-07-14,416.45855,34147.4,0.352581,2.11281,19.4445,0.249208,42.8006,41.5390,43.9598,139.995,240.007,140.021
14:36:15,2024-07-14,417.786988,34126.4,0.35027,2.10923,20.1526,0.248533,42.8005,41.5384,43.9598,139.997,239.997,139.991
14:36:16,2024-07-14,418.897463,34077.7,0.349726,2.10351,19.6229,0.247448,42.8006,41.5383,43.9598,140.01,239.992,139.999
14:36:17,2024-07-14,418.806559,34032.8,0.351268,2.09866,20.0961,0.245643,42.8008,41.5384,43.9601,139.986,239.989,140.011
14:36:18,2024-07-14,418.263201,33972.1,0.351123,2.09538,20.097,0.244382,42.8008,41.5389,43.96,140.006,239.992,139.978
14:36:19,2024-07-14,417.436801,33972.1,0.35041,2.09538,20.097,0.244382,42.8009,41.5389,43.96,140.004,239.992,139.978
14:36:20,2024-07-14,415.932753,33951.1,0.351604,2.09822,19.9751,0.244331,42.8013,41.5391,43.9602,139.991,240.015,140.004
14:36:21,2024-07-14,415.932753,33968.4,0.351604,2.09578,19.5841,0.243996,42.8013,41.5394,43.9603,139.991,239.999,140.029
14:36:22,2024-07-14,417.442999,33955.0,0.35184,2.09578,19.592,0.243908,42.8010,41.5395,43.961,140.011,239.999,139.993
14:36:23,2024-07-14,417.390316,33950.0,0.350038,2.09737,19.6113,0.242987,42.8009,41.5397,43.9617,140.004,240,140.035
14:36:24,2024-07-14,416.203399,33939.2,0.351803,2.09616,19.0396,0.241775,42.8014,41.5398,43.9623,140.004,239.999,139.986
14:36:24,2024-07-14,417.771493,33892.7,0.349919,2.08936,19.6087,0.241325,42.8015,41.5398,43.9626,139.995,240.001,139.991
14:36:25,2024-07-14,415.490629,33903.2,0.35076,2.09652,19.7451,0.242304,42.8017,41.5398,43.9629,139.994,239.988,139.984
14:36:26,2024-07-14,415.152838,33906.1,0.352048,2.09022,20.2963,0.243395,42.8018,41.5396,43.9631,140.005,240.006,139.993
14:36:27,2024-07-14,417.143429,33946.6,0.350452,2.09255,19.6241,0.24366,42.8020,41.5394,43.9635,139.998,240.002,139.981
14:36:28,2024-07-14,416.834562,33946.6,0.350909,2.09255,19.6241,0.24366,42.8018,41.5394,43.9635,140.001,240.002,139.981
14:36:29,2024-07-14,415.381131,33984.2,0.351891,2.092,20.4106,0.242523,42.8020,41.5390,43.9638,139.995,240.008,140.005
14:36:30,2024-07-14,416.269511,33981.1,0.351341,2.09332,19.7253,0.241734,42.8021,41.5387,43.964,139.994,240.003,140.039
14:36:31,2024-07-14,416.269511,34003.5,0.351341,2.09122,20.7092,0.241478,42.8021,41.5385,43.964,139.994,239.998,139.964
14:36:32,2024-07-14,415.030944,34037.1,0.351685,2.08917,19.3096,0.240984,42.8017,41.5387,43.9639,140.001,240.001,140.023
14:36:33,2024-07-14,416.449253,34090.0,0.350975,2.09476,20.7124,0.240684,42.8017,41.5383,43.9638,140.018,239.994,140.042
14:36:34,2024-07-14,415.048505,34149.2,0.352105,2.08935,19.8574,0.240976,42.8016,41.5388,43.964,139.994,239.996,139.967
14:36:34,2024-07-14,415.585665,34213.9,0.351533,2.08845,20.221,0.240689,42.8017,41.5390,43.9644,140.001,240.006,139.988
14:36:35,2024-07-14,415.855278,34320.2,0.35033,2.08672,18.8938,0.240262,42.8014,41.5386,43.9647,140.001,240.005,140.016
14:36:36,2024-07-14,413.357484,34412.1,0.351631,2.08599,21.0325,0.240543,42.8014,41.5381,43.9651,140.02,240.002,139.997
14:36:37,2024-07-14,413.484543,34412.1,0.35187,2.08599,21.0325,0.240323,42.8015,41.5381,43.9652,139.99,240.002,139.997
14:36:38,2024-07-14,413.007297,34474.1,0.352105,2.08691,21.6011,0.239942,42.8018,41.5377,43.9655,139.997,239.987,139.996
14:36:39,2024-07-14,413.007297,34526.0,0.352105,2.08192,20.3338,0.239942,42.8018,41.5369,43.9655,139.997,239.997,139.996
14:36:40,2024-07-14,416.053614,34583.2,0.350153,2.08215,19.3842,0.240132,42.8018,41.5369,43.9655,140.007,240.005,140.008
14:36:41,2024-07-14,417.665094,34598.2,0.351611,2.08014,19.5568,0.24018,42.8022,41.5363,43.9656,139.998,240.001,140.005
14:36:42,2024-07-14,417.792153,34674.0,0.35025,2.08278,20.4557,0.239604,42.8021,41.5359,43.9656,139.999,239.997,140.051
14:36:43,2024-07-14,415.861476,34768.4,0.351471,2.08187,19.9939,0.239672,42.8023,41.5356,43.9657,139.992,239.991,140.006
14:36:44,2024-07-14,415.927588,34822.3,0.350731,2.07539,19.7651,0.239524,42.8024,41.5358,43.9659,139.994,240.017,139.967
14:36:44,2024-07-14,414.347098,34900.2,0.350775,2.08127,20.2579,0.240298,42.8029,41.5363,43.9657,140.007,240.007,139.991
14:36:45,2024-07-14,414.879093,34980.6,0.351702,2.07771,19.5342,0.240163,42.8030,41.5368,43.9655,139.996,239.987,140.037
14:36:46,2024-07-14,415.204488,35061.0,0.350694,2.07827,19.4423,0.240047,42.8031,41.5377,43.965,140.001,240.005,139.991
14:36:47,2024-07-14,416.17964,35136.9,0.351124,2.07556,19.4934,0.240047,42.8031,41.5384,43.965,140,240.003,139.991
