Time,Date,Latitude,Longitude,Altitude,Speed(km/h),Speed Direction(°„)
11:38:36.00,24-07-14,28.203831166666667°„N,104.80942683333333°„E,916.9,0.024,
11:38:37.00,24-07-14,28.203831°„N,104.80942666666667°„E,916.9,0.023,
11:38:38.00,24-07-14,28.203831°„N,104.8094265°„E,916.9,0.016,
11:38:39.00,24-07-14,28.203830833333335°„N,104.8094265°„E,916.9,0.007,
11:38:40.00,24-07-14,28.2038305°„N,104.8094265°„E,916.9,0.006,
11:38:41.00,24-07-14,28.2038305°„N,104.80942633333333°„E,916.9,0.028,
11:38:42.00,24-07-14,28.203830333333332°„N,104.80942633333333°„E,916.9,0.020,
11:38:43.00,24-07-14,28.203830333333332°„N,104.80942633333333°„E,916.9,0.013,
11:38:44.00,24-07-14,28.203830333333332°„N,104.80942633333333°„E,917.0,0.029,
11:38:45.00,24-07-14,28.203830166666666°„N,104.80942633333333°„E,917.0,0.011,
11:38:46.00,24-07-14,28.203830166666666°„N,104.80942633333333°„E,917.1,0.015,
11:38:47.00,24-07-14,28.20383°„N,104.8094265°„E,917.1,0.006,
11:38:48.00,24-07-14,28.203830166666666°„N,104.80942666666667°„E,917.2,0.031,
11:38:49.00,24-07-14,28.203830166666666°„N,104.809427°„E,917.2,0.017,
11:38:50.00,24-07-14,28.20383°„N,104.80942716666667°„E,917.3,0.025,
11:38:51.00,24-07-14,28.203830166666666°„N,104.8094275°„E,917.4,0.031,
11:38:52.00,24-07-14,28.203830166666666°„N,104.80942766666666°„E,917.4,0.037,
11:38:53.00,24-07-14,28.203830166666666°„N,104.809428°„E,917.5,0.035,
11:38:54.00,24-07-14,28.203830166666666°„N,104.80942833333333°„E,917.5,0.009,
11:38:55.00,24-07-14,28.203830166666666°„N,104.8094285°„E,917.6,0.011,
11:38:56.00,24-07-14,28.203830166666666°„N,104.80942866666666°„E,917.6,0.031,
11:38:57.00,24-07-14,28.203830166666666°„N,104.80942866666666°„E,917.6,0.019,
11:38:58.00,24-07-14,28.20383°„N,104.80942866666666°„E,917.6,0.041,
11:38:59.00,24-07-14,28.20383°„N,104.80942866666666°„E,917.6,0.031,
11:39:00.00,24-07-14,28.203829833333334°„N,104.80942866666666°„E,917.6,0.010,
11:39:01.00,24-07-14,28.203829833333334°„N,104.80942866666666°„E,917.6,0.017,
11:39:02.00,24-07-14,28.203829833333334°„N,104.80942866666666°„E,917.6,0.011,
11:39:03.00,24-07-14,28.203829833333334°„N,104.80942883333333°„E,917.5,0.016,
11:39:04.00,24-07-14,28.203829666666667°„N,104.80942883333333°„E,917.5,0.004,
11:39:05.00,24-07-14,28.203829666666667°„N,104.80942883333333°„E,917.5,0.016,
11:39:06.00,24-07-14,28.203829666666667°„N,104.80942866666666°„E,917.5,0.022,
11:39:07.00,24-07-14,28.20383°„N,104.80942883333333°„E,917.5,0.020,
11:39:08.00,24-07-14,28.20383°„N,104.80942883333333°„E,917.6,0.022,
11:39:09.00,24-07-14,28.20383°„N,104.80942883333333°„E,917.6,0.011,
11:39:10.00,24-07-14,28.20383°„N,104.809429°„E,917.6,0.020,
11:39:11.00,24-07-14,28.20383°„N,104.809429°„E,917.6,0.018,
11:39:12.00,24-07-14,28.20383°„N,104.809429°„E,917.7,0.045,
11:39:13.00,24-07-14,28.203830166666666°„N,104.80942883333333°„E,917.7,0.032,
11:39:14.00,24-07-14,28.203830166666666°„N,104.80942866666666°„E,917.7,0.020,
11:39:15.00,24-07-14,28.203830166666666°„N,104.8094285°„E,917.7,0.015,
11:39:16.00,24-07-14,28.20383°„N,104.80942833333333°„E,917.7,0.022,
11:39:17.00,24-07-14,28.20383°„N,104.80942833333333°„E,917.7,0.017,
11:39:18.00,24-07-14,28.20383°„N,104.80942816666666°„E,917.7,0.051,
11:39:19.00,24-07-14,28.203829833333334°„N,104.809428°„E,917.7,0.008,
11:39:20.00,24-07-14,28.203829666666667°„N,104.80942766666666°„E,917.7,0.041,
11:39:21.00,24-07-14,28.2038295°„N,104.8094275°„E,917.7,0.016,
11:39:22.00,24-07-14,28.203829333333335°„N,104.80942733333333°„E,917.7,0.017,
11:39:23.00,24-07-14,28.203829166666665°„N,104.80942716666667°„E,917.7,0.021,
11:39:24.00,24-07-14,28.203828833333333°„N,104.809427°„E,917.7,0.042,
11:39:25.00,24-07-14,28.2038285°„N,104.80942683333333°„E,917.7,0.030,
11:39:26.00,24-07-14,28.203828333333334°„N,104.80942683333333°„E,917.7,0.017,
11:39:27.00,24-07-14,28.203828°„N,104.80942683333333°„E,917.7,0.013,
11:39:28.00,24-07-14,28.203827666666665°„N,104.80942683333333°„E,917.7,0.020,
11:39:29.00,24-07-14,28.203827333333333°„N,104.80942683333333°„E,917.7,0.009,
11:39:30.00,24-07-14,28.203827°„N,104.80942666666667°„E,917.7,0.030,
11:39:31.00,24-07-14,28.203826666666668°„N,104.80942683333333°„E,917.7,0.004,
11:39:32.00,24-07-14,28.2038265°„N,104.80942683333333°„E,917.7,0.022,
11:39:33.00,24-07-14,28.203826333333332°„N,104.80942683333333°„E,917.7,0.026,
11:39:34.00,24-07-14,28.203826166666666°„N,104.80942683333333°„E,917.7,0.006,
11:39:35.00,24-07-14,28.203826°„N,104.80942683333333°„E,917.7,0.010,
11:39:36.00,24-07-14,28.203825833333333°„N,104.80942666666667°„E,917.7,0.048,
11:39:37.00,24-07-14,28.203825666666667°„N,104.80942666666667°„E,917.8,0.022,
11:39:38.00,24-07-14,28.2038255°„N,104.80942666666667°„E,917.8,0.027,
11:39:39.00,24-07-14,28.203825333333334°„N,104.8094265°„E,917.8,0.014,
11:39:40.00,24-07-14,28.203825166666668°„N,104.8094265°„E,917.8,0.022,
11:39:41.00,24-07-14,28.203825°„N,104.80942666666667°„E,917.8,0.019,
11:39:42.00,24-07-14,28.203825166666668°„N,104.80942683333333°„E,917.8,0.036,
11:39:43.00,24-07-14,28.203825166666668°„N,104.80942683333333°„E,917.8,0.010,
11:39:44.00,24-07-14,28.2038255°„N,104.80942716666667°„E,917.9,0.028,
11:39:45.00,24-07-14,28.203825666666667°„N,104.8094275°„E,917.9,0.032,
11:39:46.00,24-07-14,28.203826°„N,104.80942783333333°„E,917.9,0.038,
11:39:47.00,24-07-14,28.203826333333332°„N,104.80942816666666°„E,918.0,0.029,
11:39:48.00,24-07-14,28.203826666666668°„N,104.80942866666666°„E,918.0,0.040,
11:39:49.00,24-07-14,28.203826833333334°„N,104.80942916666666°„E,918.1,0.031,
11:39:50.00,24-07-14,28.203827°„N,104.80942966666667°„E,918.2,0.019,
11:39:51.00,24-07-14,28.203827166666667°„N,104.80943°„E,918.3,0.018,
11:39:52.00,24-07-14,28.203827166666667°„N,104.80943033333334°„E,918.4,0.021,
11:39:53.00,24-07-14,28.203827166666667°„N,104.8094305°„E,918.4,0.032,
11:39:54.00,24-07-14,28.203827166666667°„N,104.80943066666667°„E,918.5,0.020,
11:39:55.00,24-07-14,28.203827166666667°„N,104.80943083333334°„E,918.5,0.041,
11:39:56.00,24-07-14,28.203827°„N,104.80943083333334°„E,918.6,0.039,
11:39:57.00,24-07-14,28.203826833333334°„N,104.80943066666667°„E,918.6,0.026,
11:39:58.00,24-07-14,28.2038265°„N,104.80943066666667°„E,918.7,0.010,
11:39:59.00,24-07-14,28.203826333333332°„N,104.8094305°„E,918.7,0.018,
11:40:00.00,24-07-14,28.203826°„N,104.8094305°„E,918.8,0.018,
11:40:01.00,24-07-14,28.203825666666667°„N,104.80943033333334°„E,918.8,0.028,
11:40:02.00,24-07-14,28.2038255°„N,104.80943°„E,918.8,0.015,
11:40:03.00,24-07-14,28.203825333333334°„N,104.80942983333334°„E,918.8,0.028,
11:40:04.00,24-07-14,28.203825166666668°„N,104.80942966666667°„E,918.8,0.035,
11:40:05.00,24-07-14,28.203825°„N,104.8094295°„E,918.8,0.020,
11:40:06.00,24-07-14,28.203824833333332°„N,104.80942933333333°„E,918.8,0.015,
11:40:07.00,24-07-14,28.203824666666666°„N,104.809429°„E,918.7,0.036,
11:40:08.00,24-07-14,28.2038245°„N,104.80942883333333°„E,918.7,0.018,
11:40:09.00,24-07-14,28.2038245°„N,104.80942866666666°„E,918.7,0.010,
11:40:10.00,24-07-14,28.203824333333333°„N,104.8094285°„E,918.7,0.011,
11:40:11.00,24-07-14,28.203824333333333°„N,104.80942833333333°„E,918.7,0.017,
11:40:12.00,24-07-14,28.203824166666667°„N,104.80942833333333°„E,918.7,0.043,
11:40:13.00,24-07-14,28.203824°„N,104.80942833333333°„E,918.7,0.004,
11:40:14.00,24-07-14,28.203823833333335°„N,104.80942833333333°„E,918.6,0.020,
11:40:15.00,24-07-14,28.203823833333335°„N,104.80942833333333°„E,918.6,0.016,
11:40:16.00,24-07-14,28.203823833333335°„N,104.80942833333333°„E,918.6,0.019,
11:40:17.00,24-07-14,28.20382366666667°„N,104.8094285°„E,918.6,0.040,
11:40:18.00,24-07-14,28.203823833333335°„N,104.80942866666666°„E,918.6,0.026,
11:40:19.00,24-07-14,28.203823833333335°„N,104.80942866666666°„E,918.6,0.013,
11:40:20.00,24-07-14,28.203824°„N,104.80942866666666°„E,918.6,0.017,
11:40:21.00,24-07-14,28.203824166666667°„N,104.80942866666666°„E,918.5,0.018,
11:40:22.00,24-07-14,28.203824333333333°„N,104.80942883333333°„E,918.5,0.019,
11:40:23.00,24-07-14,28.203824333333333°„N,104.809429°„E,918.5,0.008,
11:40:24.00,24-07-14,28.203824333333333°„N,104.809429°„E,918.6,0.031,
11:40:25.00,24-07-14,28.2038245°„N,104.80942916666666°„E,918.6,0.005,
11:40:26.00,24-07-14,28.2038245°„N,104.80942933333333°„E,918.7,0.026,
11:40:27.00,24-07-14,28.2038245°„N,104.80942933333333°„E,918.7,0.034,
11:40:28.00,24-07-14,28.203824666666666°„N,104.80942933333333°„E,918.7,0.024,
11:40:29.00,24-07-14,28.203824666666666°„N,104.80942933333333°„E,918.8,0.051,
11:40:30.00,24-07-14,28.203824666666666°„N,104.80942916666666°„E,918.8,0.017,
11:40:31.00,24-07-14,28.203824666666666°„N,104.80942916666666°„E,918.8,0.029,
11:40:32.00,24-07-14,28.2038245°„N,104.809429°„E,918.8,0.010,
11:40:33.00,24-07-14,28.2038245°„N,104.809429°„E,918.8,0.013,
11:40:34.00,24-07-14,28.2038245°„N,104.80942883333333°„E,918.8,0.042,
11:40:35.00,24-07-14,28.2038245°„N,104.8094285°„E,918.8,0.038,
11:40:36.00,24-07-14,28.203824333333333°„N,104.80942833333333°„E,918.8,0.032,
11:40:37.00,24-07-14,28.203824166666667°„N,104.80942816666666°„E,918.8,0.017,
11:40:38.00,24-07-14,28.203824°„N,104.80942816666666°„E,918.8,0.022,
11:40:39.00,24-07-14,28.203823833333335°„N,104.80942816666666°„E,918.8,0.032,
11:40:40.00,24-07-14,28.20382366666667°„N,104.80942833333333°„E,918.8,0.042,
11:40:41.00,24-07-14,28.20382366666667°„N,104.8094285°„E,918.9,0.047,
11:40:42.00,24-07-14,28.20382366666667°„N,104.80942866666666°„E,918.9,0.025,
11:40:43.00,24-07-14,28.20382366666667°„N,104.80942883333333°„E,918.9,0.019,
11:40:44.00,24-07-14,28.203823833333335°„N,104.809429°„E,918.9,0.016,
11:40:45.00,24-07-14,28.203824°„N,104.80942916666666°„E,918.9,0.016,
11:40:46.00,24-07-14,28.203824166666667°„N,104.8094295°„E,918.9,0.028,
11:40:47.00,24-07-14,28.2038245°„N,104.8094295°„E,918.8,0.041,
11:40:48.00,24-07-14,28.2038245°„N,104.80942966666667°„E,918.8,0.017,
11:40:49.00,24-07-14,28.2038245°„N,104.80942966666667°„E,918.8,0.007,
11:40:50.00,24-07-14,28.2038245°„N,104.80942983333334°„E,918.8,0.030,
11:40:51.00,24-07-14,28.2038245°„N,104.80942983333334°„E,918.8,0.029,
11:40:52.00,24-07-14,28.2038245°„N,104.80942966666667°„E,918.7,0.017,
11:40:53.00,24-07-14,28.2038245°„N,104.80942966666667°„E,918.7,0.008,
11:40:54.00,24-07-14,28.2038245°„N,104.80942966666667°„E,918.6,0.017,
11:40:55.00,24-07-14,28.203824333333333°„N,104.8094295°„E,918.6,0.027,
11:40:56.00,24-07-14,28.203824166666667°„N,104.8094295°„E,918.5,0.030,
11:40:57.00,24-07-14,28.203824°„N,104.80942933333333°„E,918.5,0.041,
11:40:58.00,24-07-14,28.203824°„N,104.80942933333333°„E,918.5,0.027,
11:40:59.00,24-07-14,28.203823833333335°„N,104.8094295°„E,918.4,0.013,
11:41:00.00,24-07-14,28.203823833333335°„N,104.8094295°„E,918.4,0.044,
11:41:01.00,24-07-14,28.203824°„N,104.80942966666667°„E,918.4,0.021,
11:41:02.00,24-07-14,28.203824°„N,104.80942966666667°„E,918.3,0.019,
11:41:03.00,24-07-14,28.203824°„N,104.80942983333334°„E,918.3,0.027,
11:41:04.00,24-07-14,28.203824166666667°„N,104.80943°„E,918.3,0.003,
11:41:05.00,24-07-14,28.203824333333333°„N,104.80943°„E,918.2,0.015,
11:41:06.00,24-07-14,28.2038245°„N,104.80943016666667°„E,918.2,0.014,
11:41:07.00,24-07-14,28.203824833333332°„N,104.8094305°„E,918.2,0.015,
11:41:08.00,24-07-14,28.203825166666668°„N,104.80943066666667°„E,918.1,0.026,
11:41:09.00,24-07-14,28.2038255°„N,104.80943066666667°„E,918.1,0.024,
11:41:10.00,24-07-14,28.203825666666667°„N,104.80943083333334°„E,918.0,0.004,
11:41:11.00,24-07-14,28.203826166666666°„N,104.809431°„E,917.9,0.053,
11:41:12.00,24-07-14,28.203826666666668°„N,104.80943116666667°„E,917.8,0.020,
11:41:13.00,24-07-14,28.203827°„N,104.80943133333334°„E,917.8,0.006,
11:41:14.00,24-07-14,28.2038275°„N,104.8094315°„E,917.7,0.010,
11:41:15.00,24-07-14,28.203828°„N,104.80943183333333°„E,917.6,0.002,
11:41:16.00,24-07-14,28.203828333333334°„N,104.80943183333333°„E,917.6,0.005,
11:41:17.00,24-07-14,28.203828833333333°„N,104.809432°„E,917.5,0.030,
11:41:18.00,24-07-14,28.203829333333335°„N,104.80943216666667°„E,917.5,0.014,
11:41:19.00,24-07-14,28.203829666666667°„N,104.80943233333333°„E,917.5,0.030,
11:41:20.00,24-07-14,28.203829833333334°„N,104.8094325°„E,917.5,0.012,
11:41:21.00,24-07-14,28.203830166666666°„N,104.8094325°„E,917.4,0.021,
11:41:22.00,24-07-14,28.203830666666665°„N,104.8094325°„E,917.4,0.012,
11:41:23.00,24-07-14,28.203830833333335°„N,104.8094325°„E,917.4,0.011,
11:41:24.00,24-07-14,28.203831166666667°„N,104.8094325°„E,917.4,0.056,
11:41:25.00,24-07-14,28.2038315°„N,104.8094325°„E,917.4,0.015,
11:41:26.00,24-07-14,28.203831666666666°„N,104.8094325°„E,917.3,0.007,
11:41:27.00,24-07-14,28.203831833333332°„N,104.8094325°„E,917.3,0.030,
11:41:28.00,24-07-14,28.203831833333332°„N,104.80943233333333°„E,917.3,0.005,
11:41:29.00,24-07-14,28.203831833333332°„N,104.809432°„E,917.3,0.008,
11:41:30.00,24-07-14,28.203831666666666°„N,104.80943183333333°„E,917.3,0.058,
11:41:31.00,24-07-14,28.2038315°„N,104.80943133333334°„E,917.3,0.025,
11:41:32.00,24-07-14,28.203831333333333°„N,104.80943116666667°„E,917.4,0.026,
11:41:33.00,24-07-14,28.203831333333333°„N,104.809431°„E,917.4,0.012,
11:41:34.00,24-07-14,28.203831166666667°„N,104.80943083333334°„E,917.4,0.020,
11:41:35.00,24-07-14,28.203830833333335°„N,104.8094305°„E,917.4,0.034,
11:41:36.00,24-07-14,28.2038305°„N,104.80943033333334°„E,917.4,0.034,
11:41:37.00,24-07-14,28.203830166666666°„N,104.80943°„E,917.5,0.018,
11:41:38.00,24-07-14,28.203829833333334°„N,104.80942966666667°„E,917.5,0.043,
11:41:39.00,24-07-14,28.203829666666667°„N,104.80942933333333°„E,917.5,0.018,
11:41:40.00,24-07-14,28.203829333333335°„N,104.80942916666666°„E,917.5,0.004,
11:41:41.00,24-07-14,28.203829166666665°„N,104.809429°„E,917.5,0.023,
11:41:42.00,24-07-14,28.203829°„N,104.809429°„E,917.6,0.013,
11:41:43.00,24-07-14,28.203829°„N,104.809429°„E,917.6,0.017,
11:41:44.00,24-07-14,28.203829°„N,104.809429°„E,917.6,0.030,
11:41:45.00,24-07-14,28.203829°„N,104.809429°„E,917.6,0.025,
11:41:46.00,24-07-14,28.203829°„N,104.80942916666666°„E,917.6,0.030,
11:41:47.00,24-07-14,28.203829166666665°„N,104.80942916666666°„E,917.6,0.027,
11:41:48.00,24-07-14,28.203829166666665°„N,104.80942916666666°„E,917.6,0.029,
11:41:49.00,24-07-14,28.203829166666665°„N,104.80942933333333°„E,917.6,0.024,
11:41:50.00,24-07-14,28.203829333333335°„N,104.80942933333333°„E,917.6,0.018,
11:41:51.00,24-07-14,28.203829333333335°„N,104.8094295°„E,917.6,0.033,
11:41:52.00,24-07-14,28.203829333333335°„N,104.8094295°„E,917.7,0.036,
11:41:53.00,24-07-14,28.203829333333335°„N,104.8094295°„E,917.6,0.028,
11:41:54.00,24-07-14,28.2038295°„N,104.8094295°„E,917.7,0.019,
11:41:55.00,24-07-14,28.2038295°„N,104.80942966666667°„E,917.7,0.009,
11:41:56.00,24-07-14,28.2038295°„N,104.80942966666667°„E,917.7,0.026,
11:41:57.00,24-07-14,28.2038295°„N,104.80942983333334°„E,917.8,0.014,
11:41:58.00,24-07-14,28.2038295°„N,104.80942983333334°„E,917.8,0.032,
11:41:59.00,24-07-14,28.2038295°„N,104.80943016666667°„E,917.8,0.021,
11:42:00.00,24-07-14,28.2038295°„N,104.80943033333334°„E,917.8,0.023,
11:42:01.00,24-07-14,28.203829333333335°„N,104.80943033333334°„E,917.8,0.021,
11:42:02.00,24-07-14,28.203829333333335°„N,104.80943033333334°„E,917.8,0.021,
11:42:03.00,24-07-14,28.203829166666665°„N,104.80943033333334°„E,917.8,0.008,
11:42:04.00,24-07-14,28.203829166666665°„N,104.80943033333334°„E,917.8,0.015,
11:42:05.00,24-07-14,28.203829166666665°„N,104.80943016666667°„E,917.8,0.017,
11:42:06.00,24-07-14,28.203829166666665°„N,104.80943016666667°„E,917.8,0.012,
11:42:07.00,24-07-14,28.203829166666665°„N,104.80943°„E,917.8,0.031,
11:42:08.00,24-07-14,28.203829333333335°„N,104.80942983333334°„E,917.8,0.024,
11:42:09.00,24-07-14,28.2038295°„N,104.80942983333334°„E,917.8,0.012,
11:42:10.00,24-07-14,28.203829666666667°„N,104.80942966666667°„E,917.8,0.029,
11:42:11.00,24-07-14,28.203829833333334°„N,104.80942933333333°„E,917.8,0.022,
11:42:12.00,24-07-14,28.20383°„N,104.809429°„E,917.7,0.018,
11:42:13.00,24-07-14,28.203830166666666°„N,104.80942866666666°„E,917.7,0.016,
11:42:14.00,24-07-14,28.203830166666666°„N,104.8094285°„E,917.6,0.011,
11:42:15.00,24-07-14,28.203830333333332°„N,104.80942816666666°„E,917.6,0.021,
11:42:16.00,24-07-14,28.203830333333332°„N,104.809428°„E,917.5,0.031,
11:42:17.00,24-07-14,28.203830333333332°„N,104.80942783333333°„E,917.5,0.005,
11:42:18.00,24-07-14,28.203830333333332°„N,104.80942766666666°„E,917.5,0.018,
11:42:19.00,24-07-14,28.203830333333332°„N,104.8094275°„E,917.4,0.035,
11:42:20.00,24-07-14,28.203830166666666°„N,104.8094275°„E,917.4,0.018,
11:42:21.00,24-07-14,28.20383°„N,104.80942733333333°„E,917.4,0.020,
11:42:22.00,24-07-14,28.20383°„N,104.80942716666667°„E,917.3,0.022,
11:42:23.00,24-07-14,28.203829833333334°„N,104.80942716666667°„E,917.3,0.014,
11:42:24.00,24-07-14,28.2038295°„N,104.809427°„E,917.3,0.044,
11:42:25.00,24-07-14,28.203829333333335°„N,104.809427°„E,917.2,0.016,
11:42:26.00,24-07-14,28.203829333333335°„N,104.80942683333333°„E,917.2,0.041,
11:42:27.00,24-07-14,28.203829333333335°„N,104.80942683333333°„E,917.2,0.008,
11:42:28.00,24-07-14,28.2038295°„N,104.809427°„E,917.1,0.002,
11:42:29.00,24-07-14,28.2038295°„N,104.809427°„E,917.1,0.032,
11:42:30.00,24-07-14,28.2038295°„N,104.80942716666667°„E,917.1,0.023,
11:42:31.00,24-07-14,28.2038295°„N,104.80942733333333°„E,917.1,0.029,
11:42:32.00,24-07-14,28.2038295°„N,104.8094275°„E,917.1,0.041,
11:42:33.00,24-07-14,28.2038295°„N,104.80942783333333°„E,917.1,0.025,
11:42:34.00,24-07-14,28.2038295°„N,104.80942816666666°„E,917.1,0.031,
11:42:35.00,24-07-14,28.203829333333335°„N,104.80942833333333°„E,917.2,0.021,
11:42:36.00,24-07-14,28.203829333333335°„N,104.8094285°„E,917.2,0.004,
11:42:37.00,24-07-14,28.203829333333335°„N,104.80942883333333°„E,917.3,0.006,
11:42:38.00,24-07-14,28.2038295°„N,104.80942916666666°„E,917.3,0.011,
11:42:39.00,24-07-14,28.2038295°„N,104.80942933333333°„E,917.3,0.025,
11:42:40.00,24-07-14,28.203829666666667°„N,104.8094295°„E,917.3,0.022,
11:42:41.00,24-07-14,28.203829833333334°„N,104.80942966666667°„E,917.3,0.017,
11:42:42.00,24-07-14,28.20383°„N,104.80942983333334°„E,917.4,0.022,
11:42:43.00,24-07-14,28.20383°„N,104.80942983333334°„E,917.4,0.027,
11:42:44.00,24-07-14,28.203830166666666°„N,104.80942983333334°„E,917.5,0.045,
11:42:45.00,24-07-14,28.203830333333332°„N,104.80942983333334°„E,917.5,0.043,
11:42:46.00,24-07-14,28.2038305°„N,104.80942983333334°„E,917.5,0.014,
11:42:47.00,24-07-14,28.203830666666665°„N,104.80942966666667°„E,917.6,0.019,
11:42:48.00,24-07-14,28.203830833333335°„N,104.80942966666667°„E,917.6,0.019,
11:42:49.00,24-07-14,28.203831°„N,104.8094295°„E,917.6,0.018,
11:42:50.00,24-07-14,28.203831166666667°„N,104.8094295°„E,917.7,0.006,
11:42:51.00,24-07-14,28.203831333333333°„N,104.8094295°„E,917.7,0.024,
11:42:52.00,24-07-14,28.203831333333333°„N,104.80942966666667°„E,917.8,0.016,
11:42:53.00,24-07-14,28.2038315°„N,104.80942966666667°„E,917.8,0.019,
11:42:54.00,24-07-14,28.203831666666666°„N,104.8094295°„E,917.9,0.051,
11:42:55.00,24-07-14,28.203831833333332°„N,104.8094295°„E,918.0,0.027,
11:42:56.00,24-07-14,28.203831833333332°„N,104.80942933333333°„E,918.0,0.039,
11:42:57.00,24-07-14,28.203831833333332°„N,104.80942916666666°„E,918.0,0.045,
11:42:58.00,24-07-14,28.203831833333332°„N,104.809429°„E,918.1,0.021,
11:42:59.00,24-07-14,28.203831666666666°„N,104.80942883333333°„E,918.1,0.035,
11:43:00.00,24-07-14,28.2038315°„N,104.8094285°„E,918.1,0.004,
11:43:01.00,24-07-14,28.2038315°„N,104.80942833333333°„E,918.1,0.028,
11:43:02.00,24-07-14,28.2038315°„N,104.80942833333333°„E,918.1,0.010,
11:43:03.00,24-07-14,28.2038315°„N,104.80942816666666°„E,918.1,0.024,
11:43:04.00,24-07-14,28.2038315°„N,104.80942816666666°„E,918.1,0.031,
11:43:05.00,24-07-14,28.203831333333333°„N,104.80942816666666°„E,918.1,0.041,
11:43:06.00,24-07-14,28.203831333333333°„N,104.80942816666666°„E,918.1,0.029,
11:43:07.00,24-07-14,28.203831166666667°„N,104.80942833333333°„E,918.1,0.031,
11:43:08.00,24-07-14,28.203831166666667°„N,104.8094285°„E,918.1,0.047,
11:43:09.00,24-07-14,28.203831°„N,104.80942866666666°„E,918.1,0.039,
11:43:10.00,24-07-14,28.203831°„N,104.80942883333333°„E,918.1,0.043,
11:43:11.00,24-07-14,28.203831°„N,104.809429°„E,918.1,0.037,
11:43:12.00,24-07-14,28.203830833333335°„N,104.80942916666666°„E,918.2,0.038,
11:43:13.00,24-07-14,28.203830833333335°„N,104.80942933333333°„E,918.2,0.035,
11:43:14.00,24-07-14,28.203830833333335°„N,104.80942933333333°„E,918.2,0.043,
11:43:15.00,24-07-14,28.203830833333335°„N,104.80942933333333°„E,918.2,0.036,
11:43:16.00,24-07-14,28.203830666666665°„N,104.80942933333333°„E,918.2,0.022,
11:43:17.00,24-07-14,28.203830666666665°„N,104.80942916666666°„E,918.2,0.016,
11:43:18.00,24-07-14,28.203830666666665°„N,104.809429°„E,918.2,0.049,
11:43:19.00,24-07-14,28.203830666666665°„N,104.80942883333333°„E,918.2,0.028,
11:43:20.00,24-07-14,28.203830666666665°„N,104.80942866666666°„E,918.2,0.032,
11:43:21.00,24-07-14,28.203830666666665°„N,104.8094285°„E,918.2,0.050,
11:43:22.00,24-07-14,28.203830666666665°„N,104.80942816666666°„E,918.2,0.033,
11:43:23.00,24-07-14,28.203830666666665°„N,104.809428°„E,918.2,0.040,
11:43:24.00,24-07-14,28.203830666666665°„N,104.80942783333333°„E,918.2,0.039,
11:43:25.00,24-07-14,28.203830666666665°„N,104.8094275°„E,918.2,0.049,
11:43:26.00,24-07-14,28.203830666666665°„N,104.80942716666667°„E,918.3,0.052,
11:43:27.00,24-07-14,28.203830666666665°„N,104.809427°„E,918.3,0.059,
11:43:28.00,24-07-14,28.203830833333335°„N,104.80942666666667°„E,918.4,0.046,
11:43:29.00,24-07-14,28.203830833333335°„N,104.8094265°„E,918.4,0.037,
11:43:30.00,24-07-14,28.203831°„N,104.80942633333333°„E,918.5,0.043,
11:43:31.00,24-07-14,28.203831°„N,104.80942633333333°„E,918.5,0.027,
11:43:32.00,24-07-14,28.203831°„N,104.80942616666667°„E,918.5,0.025,
11:43:33.00,24-07-14,28.203831°„N,104.80942616666667°„E,918.5,0.021,
11:43:34.00,24-07-14,28.203830833333335°„N,104.809426°„E,918.6,0.031,
11:43:35.00,24-07-14,28.203830833333335°„N,104.809426°„E,918.6,0.009,
11:43:36.00,24-07-14,28.203830666666665°„N,104.80942583333334°„E,918.6,0.038,
11:43:37.00,24-07-14,28.203830666666665°„N,104.80942583333334°„E,918.6,0.023,
11:43:38.00,24-07-14,28.203830666666665°„N,104.80942566666667°„E,918.7,0.015,
11:43:39.00,24-07-14,28.203830666666665°„N,104.80942566666667°„E,918.7,0.017,
11:43:40.00,24-07-14,28.203830666666665°„N,104.80942566666667°„E,918.7,0.026,
11:43:41.00,24-07-14,28.203830833333335°„N,104.80942566666667°„E,918.8,0.016,
11:43:42.00,24-07-14,28.203831°„N,104.80942566666667°„E,918.8,0.035,
11:43:43.00,24-07-14,28.203831166666667°„N,104.80942566666667°„E,918.8,0.036,
11:43:44.00,24-07-14,28.203831333333333°„N,104.80942566666667°„E,918.8,0.034,
11:43:45.00,24-07-14,28.2038315°„N,104.80942566666667°„E,918.8,0.018,
11:43:46.00,24-07-14,28.2038315°„N,104.80942566666667°„E,918.9,0.017,
11:43:47.00,24-07-14,28.203831666666666°„N,104.80942566666667°„E,918.9,0.042,
11:43:48.00,24-07-14,28.203831666666666°„N,104.80942566666667°„E,918.9,0.010,
11:43:49.00,24-07-14,28.203831666666666°„N,104.8094255°„E,918.9,0.038,
11:43:50.00,24-07-14,28.203831666666666°„N,104.80942533333334°„E,919.0,0.020,
11:43:51.00,24-07-14,28.2038315°„N,104.80942516666667°„E,919.0,0.014,
11:43:52.00,24-07-14,28.203831333333333°„N,104.80942516666667°„E,919.1,0.022,
11:43:53.00,24-07-14,28.203831166666667°„N,104.809425°„E,919.1,0.024,
11:43:54.00,24-07-14,28.203830833333335°„N,104.809425°„E,919.1,0.032,
11:43:55.00,24-07-14,28.203830666666665°„N,104.80942483333334°„E,919.1,0.013,
11:43:56.00,24-07-14,28.203830333333332°„N,104.80942466666667°„E,919.1,0.013,
11:43:57.00,24-07-14,28.203830166666666°„N,104.8094245°„E,919.1,0.031,
11:43:58.00,24-07-14,28.20383°„N,104.80942433333334°„E,919.1,0.038,
11:43:59.00,24-07-14,28.203829833333334°„N,104.80942433333334°„E,919.0,0.028,
11:44:00.00,24-07-14,28.203829666666667°„N,104.80942416666667°„E,919.1,0.026,
11:44:01.00,24-07-14,28.203829333333335°„N,104.80942416666667°„E,919.1,0.042,
11:44:02.00,24-07-14,28.203829333333335°„N,104.80942433333334°„E,919.1,0.020,
11:44:03.00,24-07-14,28.203829166666665°„N,104.80942433333334°„E,919.1,0.017,
11:44:04.00,24-07-14,28.203829°„N,104.80942433333334°„E,919.1,0.033,
11:44:05.00,24-07-14,28.203829°„N,104.8094245°„E,919.1,0.032,
11:44:06.00,24-07-14,28.203828833333333°„N,104.8094245°„E,919.1,0.022,
11:44:07.00,24-07-14,28.203828833333333°„N,104.80942466666667°„E,919.0,0.025,
11:44:08.00,24-07-14,28.203828666666666°„N,104.80942466666667°„E,919.0,0.003,
11:44:09.00,24-07-14,28.203828666666666°„N,104.80942466666667°„E,918.9,0.007,
11:44:10.00,24-07-14,28.203828666666666°„N,104.80942483333334°„E,918.9,0.026,
11:44:11.00,24-07-14,28.203828833333333°„N,104.80942483333334°„E,918.8,0.016,
11:44:12.00,24-07-14,28.203829°„N,104.809425°„E,918.7,0.012,
11:44:13.00,24-07-14,28.203829166666665°„N,104.809425°„E,918.7,0.030,
11:44:14.00,24-07-14,28.203829166666665°„N,104.809425°„E,918.6,0.043,
11:44:15.00,24-07-14,28.203829333333335°„N,104.80942516666667°„E,918.5,0.021,
11:44:16.00,24-07-14,28.203829333333335°„N,104.80942516666667°„E,918.5,0.040,
11:44:17.00,24-07-14,28.2038295°„N,104.80942533333334°„E,918.4,0.018,
11:44:18.00,24-07-14,28.203829666666667°„N,104.8094255°„E,918.3,0.042,
11:44:19.00,24-07-14,28.203829833333334°„N,104.80942566666667°„E,918.3,0.025,
11:44:20.00,24-07-14,28.20383°„N,104.80942583333334°„E,918.3,0.038,
11:44:21.00,24-07-14,28.203830166666666°„N,104.809426°„E,918.2,0.027,
11:44:22.00,24-07-14,28.203830333333332°„N,104.80942616666667°„E,918.2,0.024,
11:44:23.00,24-07-14,28.203830333333332°„N,104.80942633333333°„E,918.3,0.011,
11:44:24.00,24-07-14,28.2038305°„N,104.80942633333333°„E,918.3,0.025,
11:44:25.00,24-07-14,28.203830333333332°„N,104.80942633333333°„E,918.3,0.013,
11:44:26.00,24-07-14,28.203830333333332°„N,104.80942616666667°„E,918.4,0.040,
11:44:27.00,24-07-14,28.203830166666666°„N,104.809426°„E,918.4,0.024,
11:44:28.00,24-07-14,28.20383°„N,104.80942583333334°„E,918.5,0.028,
11:44:29.00,24-07-14,28.203829666666667°„N,104.80942566666667°„E,918.5,0.025,
11:44:30.00,24-07-14,28.2038295°„N,104.8094255°„E,918.6,0.036,
11:44:31.00,24-07-14,28.203829333333335°„N,104.80942533333334°„E,918.6,0.018,
11:44:32.00,24-07-14,28.203829166666665°„N,104.809425°„E,918.6,0.016,
11:44:33.00,24-07-14,28.203829°„N,104.80942483333334°„E,918.6,0.017,
11:44:34.00,24-07-14,28.203829°„N,104.80942466666667°„E,918.6,0.004,
11:44:35.00,24-07-14,28.203828833333333°„N,104.80942466666667°„E,918.6,0.036,
11:44:36.00,24-07-14,28.203828833333333°„N,104.80942483333334°„E,918.5,0.031,
11:44:37.00,24-07-14,28.203828833333333°„N,104.809425°„E,918.5,0.026,
11:44:38.00,24-07-14,28.203829°„N,104.80942516666667°„E,918.4,0.022,
11:44:39.00,24-07-14,28.203829166666665°„N,104.80942533333334°„E,918.4,0.020,
11:44:40.00,24-07-14,28.203829333333335°„N,104.80942566666667°„E,918.4,0.023,
11:44:41.00,24-07-14,28.2038295°„N,104.80942616666667°„E,918.4,0.015,
11:44:42.00,24-07-14,28.2038295°„N,104.8094265°„E,918.4,0.013,
11:44:43.00,24-07-14,28.203829833333334°„N,104.80942683333333°„E,918.3,0.037,
11:44:44.00,24-07-14,28.203829833333334°„N,104.80942716666667°„E,918.3,0.030,
11:44:45.00,24-07-14,28.20383°„N,104.80942733333333°„E,918.2,0.020,
11:44:46.00,24-07-14,28.203830166666666°„N,104.80942766666666°„E,918.2,0.015,
11:44:47.00,24-07-14,28.20383°„N,104.80942783333333°„E,918.2,0.017,
11:44:48.00,24-07-14,28.203829833333334°„N,104.80942783333333°„E,918.2,0.043,
11:44:49.00,24-07-14,28.203829666666667°„N,104.809428°„E,918.3,0.027,
11:44:50.00,24-07-14,28.2038295°„N,104.809428°„E,918.2,0.019,
11:44:51.00,24-07-14,28.203829166666665°„N,104.809428°„E,918.2,0.034,
11:44:52.00,24-07-14,28.203828833333333°„N,104.80942783333333°„E,918.2,0.029,
11:44:53.00,24-07-14,28.2038285°„N,104.80942783333333°„E,918.1,0.013,
11:44:54.00,24-07-14,28.203828166666668°„N,104.80942766666666°„E,918.1,0.021,
11:44:55.00,24-07-14,28.20382783333333°„N,104.8094275°„E,918.1,0.024,
11:44:56.00,24-07-14,28.203827666666665°„N,104.8094275°„E,918.0,0.044,
11:44:57.00,24-07-14,28.203827333333333°„N,104.80942733333333°„E,918.0,0.029,
11:44:58.00,24-07-14,28.203827166666667°„N,104.80942733333333°„E,917.9,0.038,
11:44:59.00,24-07-14,28.203826833333334°„N,104.80942716666667°„E,917.9,0.017,
11:45:00.00,24-07-14,28.203826666666668°„N,104.80942716666667°„E,917.8,0.029,
11:45:01.00,24-07-14,28.203826333333332°„N,104.809427°„E,917.8,0.028,
11:45:02.00,24-07-14,28.203826333333332°„N,104.809427°„E,917.7,0.041,
11:45:03.00,24-07-14,28.203826333333332°„N,104.809427°„E,917.7,0.017,
11:45:04.00,24-07-14,28.2038265°„N,104.809427°„E,917.7,0.015,
11:45:05.00,24-07-14,28.2038265°„N,104.80942716666667°„E,917.7,0.025,
11:45:06.00,24-07-14,28.203826666666668°„N,104.80942733333333°„E,917.7,0.023,
11:45:07.00,24-07-14,28.203826833333334°„N,104.8094275°„E,917.7,0.022,
11:45:08.00,24-07-14,28.203827°„N,104.80942766666666°„E,917.6,0.027,
11:45:09.00,24-07-14,28.203827166666667°„N,104.80942783333333°„E,917.6,0.025,
11:45:10.00,24-07-14,28.203827333333333°„N,104.80942783333333°„E,917.6,0.008,
11:45:11.00,24-07-14,28.203827333333333°„N,104.809428°„E,917.6,0.027,
11:45:12.00,24-07-14,28.2038275°„N,104.809428°„E,917.6,0.028,
11:45:13.00,24-07-14,28.203827666666665°„N,104.809428°„E,917.6,0.012,
11:45:14.00,24-07-14,28.203827666666665°„N,104.809428°„E,917.6,0.023,
11:45:15.00,24-07-14,28.20382783333333°„N,104.809428°„E,917.6,0.020,
11:45:16.00,24-07-14,28.20382783333333°„N,104.80942783333333°„E,917.6,0.009,
11:45:17.00,24-07-14,28.20382783333333°„N,104.80942766666666°„E,917.6,0.032,
11:45:18.00,24-07-14,28.203828°„N,104.80942766666666°„E,917.6,0.049,
11:45:19.00,24-07-14,28.203828°„N,104.8094275°„E,917.5,0.030,
11:45:20.00,24-07-14,28.203828°„N,104.8094275°„E,917.6,0.026,
11:45:21.00,24-07-14,28.203828°„N,104.80942766666666°„E,917.6,0.036,
11:45:22.00,24-07-14,28.203828166666668°„N,104.80942783333333°„E,917.7,0.018,
11:45:23.00,24-07-14,28.203828166666668°„N,104.809428°„E,917.7,0.025,
11:45:24.00,24-07-14,28.203828333333334°„N,104.80942816666666°„E,917.8,0.038,
11:45:25.00,24-07-14,28.2038285°„N,104.80942833333333°„E,917.8,0.017,
11:45:26.00,24-07-14,28.2038285°„N,104.80942833333333°„E,917.9,0.030,
11:45:27.00,24-07-14,28.203828666666666°„N,104.80942833333333°„E,918.0,0.029,
11:45:28.00,24-07-14,28.203828833333333°„N,104.8094285°„E,918.0,0.031,
11:45:29.00,24-07-14,28.203829166666665°„N,104.8094285°„E,918.1,0.038,
11:45:30.00,24-07-14,28.203829333333335°„N,104.8094285°„E,918.1,0.037,
11:45:31.00,24-07-14,28.203829666666667°„N,104.8094285°„E,918.1,0.019,
11:45:32.00,24-07-14,28.203829833333334°„N,104.80942866666666°„E,918.1,0.018,
11:45:33.00,24-07-14,28.20383°„N,104.80942866666666°„E,918.1,0.020,
11:45:34.00,24-07-14,28.203830333333332°„N,104.80942866666666°„E,918.0,0.042,
11:45:35.00,24-07-14,28.2038305°„N,104.8094285°„E,918.0,0.017,
11:45:36.00,24-07-14,28.203830666666665°„N,104.80942833333333°„E,917.9,0.013,
11:45:37.00,24-07-14,28.203830833333335°„N,104.80942816666666°„E,917.9,0.024,
11:45:38.00,24-07-14,28.203831°„N,104.809428°„E,917.9,0.013,
11:45:39.00,24-07-14,28.203831166666667°„N,104.80942783333333°„E,917.8,0.026,
11:45:40.00,24-07-14,28.203831333333333°„N,104.80942783333333°„E,917.8,0.023,
11:45:41.00,24-07-14,28.2038315°„N,104.80942783333333°„E,917.8,0.019,
11:45:42.00,24-07-14,28.2038315°„N,104.80942766666666°„E,917.8,0.036,
11:45:43.00,24-07-14,28.2038315°„N,104.8094275°„E,917.8,0.019,
11:45:44.00,24-07-14,28.2038315°„N,104.8094275°„E,917.8,0.028,
11:45:45.00,24-07-14,28.2038315°„N,104.80942733333333°„E,917.8,0.006,
11:45:46.00,24-07-14,28.203831333333333°„N,104.809427°„E,917.8,0.039,
11:45:47.00,24-07-14,28.203831166666667°„N,104.80942683333333°„E,917.7,0.020,
11:45:48.00,24-07-14,28.203831°„N,104.8094265°„E,917.7,0.033,
11:45:49.00,24-07-14,28.203830833333335°„N,104.80942633333333°„E,917.7,0.026,
11:45:50.00,24-07-14,28.203830666666665°„N,104.80942616666667°„E,917.7,0.026,
11:45:51.00,24-07-14,28.2038305°„N,104.80942583333334°„E,917.7,0.051,
11:45:52.00,24-07-14,28.203830333333332°„N,104.80942566666667°„E,917.7,0.034,
11:45:53.00,24-07-14,28.203830166666666°„N,104.80942533333334°„E,917.7,0.005,
11:45:54.00,24-07-14,28.203829833333334°„N,104.80942533333334°„E,917.7,0.019,
11:45:55.00,24-07-14,28.203829666666667°„N,104.80942533333334°„E,917.7,0.024,
11:45:56.00,24-07-14,28.203829333333335°„N,104.80942533333334°„E,917.7,0.008,
11:45:57.00,24-07-14,28.203829166666665°„N,104.80942533333334°„E,917.7,0.011,
11:45:58.00,24-07-14,28.203828833333333°„N,104.80942516666667°„E,917.6,0.009,
11:45:59.00,24-07-14,28.203828833333333°„N,104.80942516666667°„E,917.6,0.027,
11:46:00.00,24-07-14,28.203828666666666°„N,104.80942533333334°„E,917.5,0.023,
11:46:01.00,24-07-14,28.203828666666666°„N,104.80942533333334°„E,917.5,0.016,
11:46:02.00,24-07-14,28.2038285°„N,104.80942566666667°„E,917.5,0.027,
11:46:03.00,24-07-14,28.2038285°„N,104.80942583333334°„E,917.5,0.019,
11:46:04.00,24-07-14,28.2038285°„N,104.809426°„E,917.5,0.015,
11:46:05.00,24-07-14,28.2038285°„N,104.80942616666667°„E,917.4,0.015,
11:46:06.00,24-07-14,28.203828666666666°„N,104.8094265°„E,917.4,0.035,
11:46:07.00,24-07-14,28.203828833333333°„N,104.80942683333333°„E,917.3,0.045,
11:46:08.00,24-07-14,28.203829°„N,104.80942716666667°„E,917.3,0.039,
11:46:09.00,24-07-14,28.203829166666665°„N,104.8094275°„E,917.3,0.023,
11:46:10.00,24-07-14,28.203829166666665°„N,104.80942766666666°„E,917.3,0.036,
11:46:11.00,24-07-14,28.203829166666665°„N,104.809428°„E,917.3,0.022,
11:46:12.00,24-07-14,28.203829333333335°„N,104.80942816666666°„E,917.3,0.026,
11:46:13.00,24-07-14,28.203829333333335°„N,104.80942816666666°„E,917.3,0.023,
11:46:14.00,24-07-14,28.203829333333335°„N,104.80942833333333°„E,917.4,0.016,
11:46:15.00,24-07-14,28.2038295°„N,104.80942833333333°„E,917.4,0.026,
11:46:16.00,24-07-14,28.2038295°„N,104.80942816666666°„E,917.4,0.025,
11:46:17.00,24-07-14,28.2038295°„N,104.80942816666666°„E,917.4,0.031,
11:46:18.00,24-07-14,28.2038295°„N,104.80942816666666°„E,917.4,0.025,
11:46:19.00,24-07-14,28.2038295°„N,104.80942816666666°„E,917.4,0.020,
11:46:20.00,24-07-14,28.203829666666667°„N,104.80942833333333°„E,917.4,0.034,
11:46:21.00,24-07-14,28.203829666666667°„N,104.80942833333333°„E,917.4,0.011,
11:46:22.00,24-07-14,28.203829666666667°„N,104.80942816666666°„E,917.3,0.006,
11:46:23.00,24-07-14,28.203829833333334°„N,104.80942783333333°„E,917.3,0.021,
11:46:24.00,24-07-14,28.20383°„N,104.80942766666666°„E,917.2,0.018,
11:46:25.00,24-07-14,28.203830166666666°„N,104.8094275°„E,917.1,0.026,
11:46:26.00,24-07-14,28.2038305°„N,104.80942733333333°„E,917.1,0.033,
11:46:27.00,24-07-14,28.203830666666665°„N,104.80942716666667°„E,917.0,0.022,
11:46:28.00,24-07-14,28.203830833333335°„N,104.80942716666667°„E,916.9,0.023,
11:46:29.00,24-07-14,28.203831°„N,104.80942716666667°„E,916.9,0.028,
11:46:30.00,24-07-14,28.203831166666667°„N,104.80942716666667°„E,916.8,0.041,
11:46:31.00,24-07-14,28.203831333333333°„N,104.809427°„E,916.7,0.040,
11:46:32.00,24-07-14,28.203831666666666°„N,104.80942683333333°„E,916.6,0.037,
11:46:33.00,24-07-14,28.203831666666666°„N,104.80942683333333°„E,916.6,0.010,
11:46:34.00,24-07-14,28.203831833333332°„N,104.80942683333333°„E,916.6,0.035,
11:46:35.00,24-07-14,28.203831833333332°„N,104.80942683333333°„E,916.6,0.029,
11:46:36.00,24-07-14,28.203832°„N,104.80942683333333°„E,916.6,0.026,
11:46:37.00,24-07-14,28.203832°„N,104.80942666666667°„E,916.7,0.030,
11:46:38.00,24-07-14,28.203831833333332°„N,104.80942666666667°„E,916.7,0.027,
11:46:39.00,24-07-14,28.203831666666666°„N,104.8094265°„E,916.8,0.025,
11:46:40.00,24-07-14,28.203831333333333°„N,104.80942666666667°„E,916.9,0.001,
11:46:41.00,24-07-14,28.203831166666667°„N,104.80942666666667°„E,916.9,0.022,
11:46:42.00,24-07-14,28.203831°„N,104.80942666666667°„E,917.0,0.027,
11:46:43.00,24-07-14,28.203830833333335°„N,104.80942666666667°„E,917.0,0.030,
11:46:44.00,24-07-14,28.2038305°„N,104.80942683333333°„E,917.1,0.013,
11:46:45.00,24-07-14,28.203830333333332°„N,104.80942683333333°„E,917.2,0.008,
11:46:46.00,24-07-14,28.20383°„N,104.80942683333333°„E,917.2,0.032,
11:46:47.00,24-07-14,28.203829833333334°„N,104.80942683333333°„E,917.2,0.015,
11:46:48.00,24-07-14,28.203829666666667°„N,104.809427°„E,917.2,0.034,
11:46:49.00,24-07-14,28.2038295°„N,104.809427°„E,917.3,0.016,
11:46:50.00,24-07-14,28.203829333333335°„N,104.809427°„E,917.3,0.031,
11:46:51.00,24-07-14,28.203829166666665°„N,104.80942683333333°„E,917.3,0.029,
11:46:52.00,24-07-14,28.203829°„N,104.80942666666667°„E,917.3,0.024,
11:46:53.00,24-07-14,28.203828666666666°„N,104.8094265°„E,917.3,0.027,
11:46:54.00,24-07-14,28.203828333333334°„N,104.8094265°„E,917.4,0.021,
11:46:55.00,24-07-14,28.203828°„N,104.8094265°„E,917.4,0.035,
11:46:56.00,24-07-14,28.20382783333333°„N,104.8094265°„E,917.4,0.032,
11:46:57.00,24-07-14,28.2038275°„N,104.8094265°„E,917.4,0.014,
11:46:58.00,24-07-14,28.203827166666667°„N,104.80942633333333°„E,917.5,0.021,
11:46:59.00,24-07-14,28.203826833333334°„N,104.80942633333333°„E,917.5,0.019,
11:47:00.00,24-07-14,28.2038265°„N,104.80942616666667°„E,917.5,0.016,
11:47:01.00,24-07-14,28.203826166666666°„N,104.809426°„E,917.5,0.029,
11:47:02.00,24-07-14,28.203826°„N,104.80942583333334°„E,917.5,0.029,
11:47:03.00,24-07-14,28.203825833333333°„N,104.80942583333334°„E,917.5,0.029,
11:47:04.00,24-07-14,28.203825666666667°„N,104.80942566666667°„E,917.5,0.029,
11:47:05.00,24-07-14,28.2038255°„N,104.80942566666667°„E,917.5,0.031,
11:47:06.00,24-07-14,28.2038255°„N,104.80942566666667°„E,917.5,0.027,
11:47:07.00,24-07-14,28.203825333333334°„N,104.80942566666667°„E,917.5,0.022,
11:47:08.00,24-07-14,28.203825166666668°„N,104.80942583333334°„E,917.5,0.034,
11:47:09.00,24-07-14,28.203825166666668°„N,104.80942583333334°„E,917.5,0.022,
11:47:10.00,24-07-14,28.203825°„N,104.80942583333334°„E,917.5,0.032,
11:47:11.00,24-07-14,28.203825°„N,104.809426°„E,917.5,0.030,
11:47:12.00,24-07-14,28.203825°„N,104.809426°„E,917.6,0.019,
11:47:13.00,24-07-14,28.203825°„N,104.80942616666667°„E,917.6,0.042,
11:47:14.00,24-07-14,28.203825166666668°„N,104.80942633333333°„E,917.7,0.027,
11:47:15.00,24-07-14,28.2038255°„N,104.8094265°„E,917.7,0.039,
11:47:16.00,24-07-14,28.203825833333333°„N,104.80942666666667°„E,917.7,0.021,
11:47:17.00,24-07-14,28.203826°„N,104.80942683333333°„E,917.8,0.009,
11:47:18.00,24-07-14,28.203826166666666°„N,104.809427°„E,917.8,0.033,
11:47:19.00,24-07-14,28.203826333333332°„N,104.80942716666667°„E,917.8,0.024,
11:47:20.00,24-07-14,28.2038265°„N,104.80942733333333°„E,917.8,0.006,
11:47:21.00,24-07-14,28.2038265°„N,104.8094275°„E,917.8,0.022,
11:47:22.00,24-07-14,28.203826666666668°„N,104.80942766666666°„E,917.8,0.024,
11:47:23.00,24-07-14,28.203826666666668°„N,104.8094275°„E,917.8,0.023,
11:47:24.00,24-07-14,28.203826666666668°„N,104.80942766666666°„E,917.8,0.030,
11:47:25.00,24-07-14,28.203826833333334°„N,104.80942766666666°„E,917.8,0.027,
11:47:26.00,24-07-14,28.203827°„N,104.80942783333333°„E,917.8,0.018,
11:47:27.00,24-07-14,28.203827166666667°„N,104.80942783333333°„E,917.8,0.006,
11:47:28.00,24-07-14,28.203827333333333°„N,104.80942783333333°„E,917.8,0.013,
11:47:29.00,24-07-14,28.2038275°„N,104.80942783333333°„E,917.8,0.019,
11:47:30.00,24-07-14,28.20382783333333°„N,104.80942766666666°„E,917.8,0.048,
11:47:31.00,24-07-14,28.203828°„N,104.8094275°„E,917.7,0.009,
11:47:32.00,24-07-14,28.203828333333334°„N,104.80942733333333°„E,917.7,0.009,
11:47:33.00,24-07-14,28.2038285°„N,104.80942716666667°„E,917.6,0.035,
11:47:34.00,24-07-14,28.203828833333333°„N,104.80942716666667°„E,917.6,0.009,
11:47:35.00,24-07-14,28.203829166666665°„N,104.809427°„E,917.6,0.007,
11:47:36.00,24-07-14,28.2038295°„N,104.80942683333333°„E,917.5,0.007,
11:47:37.00,24-07-14,28.203829666666667°„N,104.80942666666667°„E,917.5,0.022,
11:47:38.00,24-07-14,28.20383°„N,104.80942666666667°„E,917.5,0.024,
11:47:39.00,24-07-14,28.203830166666666°„N,104.8094265°„E,917.5,0.016,
11:47:40.00,24-07-14,28.203830333333332°„N,104.80942633333333°„E,917.5,0.014,
11:47:41.00,24-07-14,28.2038305°„N,104.80942633333333°„E,917.5,0.013,
11:47:42.00,24-07-14,28.2038305°„N,104.80942616666667°„E,917.5,0.043,
11:47:43.00,24-07-14,28.203830666666665°„N,104.809426°„E,917.5,0.019,
11:47:44.00,24-07-14,28.203830666666665°„N,104.809426°„E,917.6,0.012,
11:47:45.00,24-07-14,28.2038305°„N,104.80942583333334°„E,917.6,0.010,
11:47:46.00,24-07-14,28.2038305°„N,104.80942583333334°„E,917.6,0.017,
11:47:47.00,24-07-14,28.203830333333332°„N,104.80942583333334°„E,917.7,0.013,
11:47:48.00,24-07-14,28.203830333333332°„N,104.809426°„E,917.8,0.033,
11:47:49.00,24-07-14,28.203830333333332°„N,104.809426°„E,917.9,0.005,
11:47:50.00,24-07-14,28.2038305°„N,104.80942583333334°„E,917.9,0.005,
11:47:51.00,24-07-14,28.2038305°„N,104.80942583333334°„E,918.0,0.018,
11:47:52.00,24-07-14,28.2038305°„N,104.80942566666667°„E,918.0,0.029,
11:47:53.00,24-07-14,28.203830666666665°„N,104.80942566666667°„E,918.1,0.019,
11:47:54.00,24-07-14,28.203830833333335°„N,104.8094255°„E,918.1,0.050,
11:47:55.00,24-07-14,28.203831°„N,104.8094255°„E,918.1,0.016,
11:47:56.00,24-07-14,28.203831°„N,104.80942533333334°„E,918.2,0.025,
11:47:57.00,24-07-14,28.203831166666667°„N,104.80942533333334°„E,918.2,0.011,
11:47:58.00,24-07-14,28.203831166666667°„N,104.80942533333334°„E,918.2,0.008,
11:47:59.00,24-07-14,28.203831166666667°„N,104.80942533333334°„E,918.2,0.016,
11:48:00.00,24-07-14,28.203831166666667°„N,104.80942533333334°„E,918.2,0.022,
11:48:01.00,24-07-14,28.203831°„N,104.80942533333334°„E,918.2,0.011,
11:48:02.00,24-07-14,28.203831°„N,104.80942516666667°„E,918.2,0.014,
11:48:03.00,24-07-14,28.203830666666665°„N,104.809425°„E,918.2,0.009,
11:48:04.00,24-07-14,28.2038305°„N,104.809425°„E,918.1,0.009,
11:48:05.00,24-07-14,28.203830333333332°„N,104.809425°„E,918.1,0.017,
11:48:06.00,24-07-14,28.20383°„N,104.80942483333334°„E,918.1,0.037,
11:48:07.00,24-07-14,28.203829833333334°„N,104.80942466666667°„E,918.0,0.005,
11:48:08.00,24-07-14,28.2038295°„N,104.80942466666667°„E,918.0,0.009,
11:48:09.00,24-07-14,28.203829333333335°„N,104.80942483333334°„E,918.0,0.038,
11:48:10.00,24-07-14,28.203829166666665°„N,104.80942483333334°„E,917.9,0.003,
11:48:11.00,24-07-14,28.203829°„N,104.809425°„E,917.9,0.020,
11:48:12.00,24-07-14,28.203828833333333°„N,104.80942516666667°„E,917.9,0.013,
11:48:13.00,24-07-14,28.203828666666666°„N,104.80942516666667°„E,917.9,0.008,
11:48:14.00,24-07-14,28.2038285°„N,104.80942516666667°„E,917.8,0.007,
11:48:15.00,24-07-14,28.203828333333334°„N,104.80942533333334°„E,917.8,0.021,
11:48:16.00,24-07-14,28.203828166666668°„N,104.80942533333334°„E,917.8,0.023,
11:48:17.00,24-07-14,28.20382783333333°„N,104.80942533333334°„E,917.8,0.016,
11:48:18.00,24-07-14,28.203827666666665°„N,104.8094255°„E,917.8,0.044,
11:48:19.00,24-07-14,28.2038275°„N,104.8094255°„E,917.8,0.005,
11:48:20.00,24-07-14,28.203827333333333°„N,104.8094255°„E,917.8,0.012,
11:48:21.00,24-07-14,28.203827166666667°„N,104.8094255°„E,917.8,0.014,
11:48:22.00,24-07-14,28.203827°„N,104.80942566666667°„E,917.9,0.023,
11:48:23.00,24-07-14,28.203826833333334°„N,104.80942566666667°„E,917.9,0.020,
11:48:24.00,24-07-14,28.203826833333334°„N,104.80942566666667°„E,917.9,0.009,
11:48:25.00,24-07-14,28.203826833333334°„N,104.80942566666667°„E,917.9,0.024,
11:48:26.00,24-07-14,28.203826666666668°„N,104.80942566666667°„E,917.9,0.015,
11:48:27.00,24-07-14,28.203826833333334°„N,104.80942566666667°„E,917.9,0.008,
11:48:28.00,24-07-14,28.203827°„N,104.80942566666667°„E,917.9,0.005,
11:48:29.00,24-07-14,28.203827°„N,104.80942566666667°„E,917.9,0.009,
11:48:30.00,24-07-14,28.203827166666667°„N,104.80942566666667°„E,918.0,0.041,
11:48:31.00,24-07-14,28.2038275°„N,104.80942583333334°„E,918.0,0.030,
11:48:32.00,24-07-14,28.203827666666665°„N,104.809426°„E,918.0,0.045,
11:48:33.00,24-07-14,28.20382783333333°„N,104.80942616666667°„E,918.1,0.033,
11:48:34.00,24-07-14,28.203828°„N,104.80942616666667°„E,918.1,0.031,
11:48:35.00,24-07-14,28.203828°„N,104.80942633333333°„E,918.2,0.023,
11:48:36.00,24-07-14,28.203828166666668°„N,104.8094265°„E,918.2,0.028,
11:48:37.00,24-07-14,28.2038285°„N,104.80942666666667°„E,918.3,0.008,
11:48:38.00,24-07-14,28.203828666666666°„N,104.80942683333333°„E,918.4,0.019,
11:48:39.00,24-07-14,28.203828833333333°„N,104.809427°„E,918.5,0.013,
11:48:40.00,24-07-14,28.203829°„N,104.80942716666667°„E,918.6,0.024,
11:48:41.00,24-07-14,28.203829166666665°„N,104.80942733333333°„E,918.7,0.013,
11:48:42.00,24-07-14,28.203829166666665°„N,104.8094275°„E,918.7,0.047,
11:48:43.00,24-07-14,28.203829333333335°„N,104.8094275°„E,918.8,0.031,
11:48:44.00,24-07-14,28.203829333333335°„N,104.80942766666666°„E,918.8,0.048,
11:48:45.00,24-07-14,28.203829333333335°„N,104.80942783333333°„E,918.9,0.032,
11:48:46.00,24-07-14,28.203829333333335°„N,104.80942783333333°„E,918.9,0.010,
11:48:47.00,24-07-14,28.203829333333335°„N,104.80942783333333°„E,918.9,0.022,
11:48:48.00,24-07-14,28.203829333333335°„N,104.809428°„E,919.0,0.009,
11:48:49.00,24-07-14,28.203829333333335°„N,104.809428°„E,919.0,0.015,
11:48:50.00,24-07-14,28.203829166666665°„N,104.80942783333333°„E,919.0,0.009,
11:48:51.00,24-07-14,28.203829166666665°„N,104.80942783333333°„E,919.0,0.007,
11:48:52.00,24-07-14,28.203829166666665°„N,104.80942766666666°„E,919.0,0.006,
11:48:53.00,24-07-14,28.203829166666665°„N,104.8094275°„E,919.0,0.024,
11:48:54.00,24-07-14,28.203829°„N,104.80942733333333°„E,919.0,0.010,
11:48:55.00,24-07-14,28.203829°„N,104.80942716666667°„E,919.0,0.014,
11:48:56.00,24-07-14,28.203829°„N,104.80942716666667°„E,918.9,0.014,
11:48:57.00,24-07-14,28.203828833333333°„N,104.809427°„E,918.9,0.026,
11:48:58.00,24-07-14,28.203828833333333°„N,104.80942683333333°„E,918.8,0.023,
11:48:59.00,24-07-14,28.203828833333333°„N,104.80942683333333°„E,918.7,0.027,
11:49:00.00,24-07-14,28.203828833333333°„N,104.80942683333333°„E,918.7,0.025,
11:49:01.00,24-07-14,28.203829°„N,104.80942683333333°„E,918.6,0.029,
11:49:02.00,24-07-14,28.203829°„N,104.809427°„E,918.6,0.017,
11:49:03.00,24-07-14,28.203829°„N,104.80942716666667°„E,918.5,0.021,
11:49:04.00,24-07-14,28.203829°„N,104.8094275°„E,918.5,0.011,
11:49:05.00,24-07-14,28.203829°„N,104.80942766666666°„E,918.5,0.027,
11:49:06.00,24-07-14,28.203829°„N,104.80942783333333°„E,918.5,0.022,
11:49:07.00,24-07-14,28.203829°„N,104.80942816666666°„E,918.5,0.027,
11:49:08.00,24-07-14,28.203829166666665°„N,104.80942833333333°„E,918.6,0.021,
11:49:09.00,24-07-14,28.203829166666665°„N,104.8094285°„E,918.6,0.041,
11:49:10.00,24-07-14,28.203829166666665°„N,104.80942866666666°„E,918.6,0.010,
11:49:11.00,24-07-14,28.203829166666665°„N,104.80942883333333°„E,918.6,0.027,
11:49:12.00,24-07-14,28.203829166666665°„N,104.809429°„E,918.7,0.018,
11:49:13.00,24-07-14,28.203829166666665°„N,104.809429°„E,918.7,0.006,
11:49:14.00,24-07-14,28.203829166666665°„N,104.809429°„E,918.7,0.008,
11:49:15.00,24-07-14,28.203829166666665°„N,104.809429°„E,918.7,0.010,
11:49:16.00,24-07-14,28.203829166666665°„N,104.809429°„E,918.7,0.017,
11:49:17.00,24-07-14,28.203829166666665°„N,104.809429°„E,918.7,0.013,
11:49:18.00,24-07-14,28.203829166666665°„N,104.809429°„E,918.7,0.042,
11:49:19.00,24-07-14,28.203829333333335°„N,104.809429°„E,918.7,0.039,
11:49:20.00,24-07-14,28.2038295°„N,104.809429°„E,918.6,0.034,
11:49:21.00,24-07-14,28.203829666666667°„N,104.809429°„E,918.6,0.033,
11:49:22.00,24-07-14,28.203829833333334°„N,104.809429°„E,918.5,0.024,
11:49:23.00,24-07-14,28.203829833333334°„N,104.80942883333333°„E,918.4,0.019,
11:49:24.00,24-07-14,28.20383°„N,104.80942866666666°„E,918.3,0.010,
11:49:25.00,24-07-14,28.20383°„N,104.8094285°„E,918.2,0.021,
11:49:26.00,24-07-14,28.20383°„N,104.8094285°„E,918.2,0.021,
11:49:27.00,24-07-14,28.203830166666666°„N,104.8094285°„E,918.1,0.014,
11:49:28.00,24-07-14,28.203830166666666°„N,104.80942833333333°„E,918.1,0.008,
11:49:29.00,24-07-14,28.203830333333332°„N,104.80942816666666°„E,918.0,0.014,
11:49:30.00,24-07-14,28.203830333333332°„N,104.80942816666666°„E,918.0,0.048,
11:49:31.00,24-07-14,28.2038305°„N,104.809428°„E,918.0,0.031,
11:49:32.00,24-07-14,28.203830666666665°„N,104.809428°„E,918.0,0.023,
11:49:33.00,24-07-14,28.203830833333335°„N,104.809428°„E,918.0,0.020,
11:49:34.00,24-07-14,28.203830833333335°„N,104.809428°„E,918.0,0.024,
11:49:35.00,24-07-14,28.203831°„N,104.80942783333333°„E,918.0,0.014,
11:49:36.00,24-07-14,28.203831°„N,104.80942783333333°„E,917.9,0.024,
11:49:37.00,24-07-14,28.203831°„N,104.80942783333333°„E,917.9,0.027,
11:49:38.00,24-07-14,28.203831166666667°„N,104.80942783333333°„E,917.9,0.014,
11:49:39.00,24-07-14,28.203831166666667°„N,104.80942783333333°„E,917.9,0.018,
11:49:40.00,24-07-14,28.203831166666667°„N,104.80942766666666°„E,917.9,0.021,
11:49:41.00,24-07-14,28.203831166666667°„N,104.80942766666666°„E,917.9,0.018,
11:49:42.00,24-07-14,28.203831°„N,104.80942766666666°„E,917.9,0.023,
11:49:43.00,24-07-14,28.203830833333335°„N,104.80942766666666°„E,917.9,0.008,
11:49:44.00,24-07-14,28.203830833333335°„N,104.80942766666666°„E,917.9,0.016,
11:49:45.00,24-07-14,28.2038305°„N,104.80942766666666°„E,917.9,0.019,
11:49:46.00,24-07-14,28.2038305°„N,104.80942766666666°„E,917.9,0.016,
11:49:47.00,24-07-14,28.203830333333332°„N,104.80942766666666°„E,917.9,0.017,
11:49:48.00,24-07-14,28.203830166666666°„N,104.80942783333333°„E,918.0,0.021,
11:49:49.00,24-07-14,28.203830166666666°„N,104.80942783333333°„E,918.0,0.018,
11:49:50.00,24-07-14,28.203830166666666°„N,104.809428°„E,918.1,0.016,
11:49:51.00,24-07-14,28.20383°„N,104.80942816666666°„E,918.2,0.005,
11:49:52.00,24-07-14,28.20383°„N,104.80942816666666°„E,918.3,0.009,
11:49:53.00,24-07-14,28.203830166666666°„N,104.80942816666666°„E,918.3,0.027,
11:49:54.00,24-07-14,28.203830166666666°„N,104.80942833333333°„E,918.4,0.017,
11:49:55.00,24-07-14,28.203830333333332°„N,104.80942816666666°„E,918.5,0.022,
11:49:56.00,24-07-14,28.2038305°„N,104.809428°„E,918.6,0.011,
11:49:57.00,24-07-14,28.203830666666665°„N,104.809428°„E,918.7,0.011,
11:49:58.00,24-07-14,28.203830666666665°„N,104.80942783333333°„E,918.7,0.011,
11:49:59.00,24-07-14,28.203831°„N,104.80942783333333°„E,918.8,0.013,
11:50:00.00,24-07-14,28.203831166666667°„N,104.80942766666666°„E,918.8,0.027,
11:50:01.00,24-07-14,28.203831333333333°„N,104.8094275°„E,918.8,0.020,
11:50:02.00,24-07-14,28.203831666666666°„N,104.80942716666667°„E,918.8,0.025,
11:50:03.00,24-07-14,28.203831833333332°„N,104.80942716666667°„E,918.8,0.016,
11:50:04.00,24-07-14,28.20383216666667°„N,104.809427°„E,918.8,0.012,
11:50:05.00,24-07-14,28.203832333333335°„N,104.80942683333333°„E,918.7,0.006,
11:50:06.00,24-07-14,28.2038325°„N,104.80942683333333°„E,918.7,0.022,
11:50:07.00,24-07-14,28.2038325°„N,104.80942683333333°„E,918.7,0.014,
11:50:08.00,24-07-14,28.203832666666667°„N,104.80942683333333°„E,918.8,0.027,
11:50:09.00,24-07-14,28.203832666666667°„N,104.80942683333333°„E,918.8,0.007,
11:50:10.00,24-07-14,28.203832666666667°„N,104.80942683333333°„E,918.8,0.007,
11:50:11.00,24-07-14,28.203832666666667°„N,104.80942683333333°„E,918.8,0.012,
11:50:12.00,24-07-14,28.203832666666667°„N,104.809427°„E,918.8,0.036,
11:50:13.00,24-07-14,28.2038325°„N,104.809427°„E,918.9,0.006,
11:50:14.00,24-07-14,28.2038325°„N,104.80942716666667°„E,919.0,0.011,
11:50:15.00,24-07-14,28.2038325°„N,104.80942716666667°„E,919.0,0.035,
11:50:16.00,24-07-14,28.203832333333335°„N,104.80942716666667°„E,919.1,0.027,
11:50:17.00,24-07-14,28.203832333333335°„N,104.80942716666667°„E,919.1,0.007,
11:50:18.00,24-07-14,28.203832333333335°„N,104.80942733333333°„E,919.2,0.045,
11:50:19.00,24-07-14,28.20383216666667°„N,104.8094275°„E,919.2,0.009,
11:50:20.00,24-07-14,28.20383216666667°„N,104.80942783333333°„E,919.2,0.023,
11:50:21.00,24-07-14,28.203832°„N,104.80942783333333°„E,919.2,0.008,
11:50:22.00,24-07-14,28.203832°„N,104.809428°„E,919.2,0.021,
11:50:23.00,24-07-14,28.203831833333332°„N,104.80942816666666°„E,919.2,0.003,
11:50:24.00,24-07-14,28.203831833333332°„N,104.80942816666666°„E,919.2,0.026,
11:50:25.00,24-07-14,28.203831666666666°„N,104.80942816666666°„E,919.2,0.014,
11:50:26.00,24-07-14,28.203831666666666°„N,104.80942816666666°„E,919.1,0.016,
11:50:27.00,24-07-14,28.203831666666666°„N,104.809428°„E,919.1,0.007,
11:50:28.00,24-07-14,28.203831833333332°„N,104.809428°„E,919.0,0.029,
11:50:29.00,24-07-14,28.203831833333332°„N,104.80942783333333°„E,919.0,0.026,
11:50:30.00,24-07-14,28.203831833333332°„N,104.80942783333333°„E,918.9,0.038,
11:50:31.00,24-07-14,28.203831666666666°„N,104.80942766666666°„E,918.9,0.015,
11:50:32.00,24-07-14,28.203831666666666°„N,104.80942766666666°„E,918.8,0.014,
11:50:33.00,24-07-14,28.203831666666666°„N,104.80942766666666°„E,918.8,0.003,
11:50:34.00,24-07-14,28.203831666666666°„N,104.80942766666666°„E,918.8,0.015,
11:50:35.00,24-07-14,28.2038315°„N,104.80942766666666°„E,918.8,0.026,
11:50:36.00,24-07-14,28.2038315°„N,104.80942766666666°„E,918.7,0.031,
11:50:37.00,24-07-14,28.203831333333333°„N,104.80942766666666°„E,918.7,0.020,
11:50:38.00,24-07-14,28.203831333333333°„N,104.80942766666666°„E,918.7,0.016,
11:50:39.00,24-07-14,28.203831166666667°„N,104.80942766666666°„E,918.7,0.015,
11:50:40.00,24-07-14,28.203831°„N,104.80942766666666°„E,918.7,0.018,
11:50:41.00,24-07-14,28.203830833333335°„N,104.80942766666666°„E,918.7,0.021,
11:50:42.00,24-07-14,28.203830666666665°„N,104.80942766666666°„E,918.7,0.021,
11:50:43.00,24-07-14,28.2038305°„N,104.8094275°„E,918.7,0.017,
11:50:44.00,24-07-14,28.203830333333332°„N,104.8094275°„E,918.7,0.017,
11:50:45.00,24-07-14,28.203830166666666°„N,104.8094275°„E,918.7,0.007,
11:50:46.00,24-07-14,28.20383°„N,104.80942733333333°„E,918.7,0.022,
11:50:47.00,24-07-14,28.203829833333334°„N,104.80942733333333°„E,918.7,0.020,
11:50:48.00,24-07-14,28.203829666666667°„N,104.80942716666667°„E,918.7,0.026,
11:50:49.00,24-07-14,28.203829666666667°„N,104.809427°„E,918.7,0.010,
11:50:50.00,24-07-14,28.203829666666667°„N,104.809427°„E,918.7,0.019,
11:50:51.00,24-07-14,28.2038295°„N,104.80942683333333°„E,918.7,0.018,
11:50:52.00,24-07-14,28.2038295°„N,104.80942683333333°„E,918.7,0.021,
11:50:53.00,24-07-14,28.2038295°„N,104.80942683333333°„E,918.7,0.015,
11:50:54.00,24-07-14,28.2038295°„N,104.80942666666667°„E,918.8,0.022,
11:50:55.00,24-07-14,28.2038295°„N,104.8094265°„E,918.8,0.006,
11:50:56.00,24-07-14,28.203829333333335°„N,104.8094265°„E,918.8,0.022,
11:50:57.00,24-07-14,28.203829333333335°„N,104.80942633333333°„E,918.8,0.024,
11:50:58.00,24-07-14,28.203829166666665°„N,104.809426°„E,918.8,0.049,
11:50:59.00,24-07-14,28.203829°„N,104.80942566666667°„E,918.8,0.014,
11:51:00.00,24-07-14,28.203828833333333°„N,104.8094255°„E,918.8,0.028,
11:51:01.00,24-07-14,28.203828833333333°„N,104.8094255°„E,918.8,0.043,
11:51:02.00,24-07-14,28.203828833333333°„N,104.80942533333334°„E,918.7,0.022,
11:51:03.00,24-07-14,28.203828833333333°„N,104.80942516666667°„E,918.7,0.013,
11:51:04.00,24-07-14,28.203828833333333°„N,104.80942516666667°„E,918.7,0.018,
11:51:05.00,24-07-14,28.203828833333333°„N,104.809425°„E,918.7,0.040,
11:51:06.00,24-07-14,28.203828833333333°„N,104.809425°„E,918.7,0.032,
11:51:07.00,24-07-14,28.203828833333333°„N,104.80942483333334°„E,918.7,0.027,
11:51:08.00,24-07-14,28.203828833333333°„N,104.80942483333334°„E,918.6,0.024,
11:51:09.00,24-07-14,28.203828833333333°„N,104.809425°„E,918.6,0.038,
11:51:10.00,24-07-14,28.203829°„N,104.809425°„E,918.6,0.033,
11:51:11.00,24-07-14,28.203829°„N,104.80942516666667°„E,918.6,0.039,
11:51:12.00,24-07-14,28.203829166666665°„N,104.80942533333334°„E,918.5,0.048,
11:51:13.00,24-07-14,28.2038295°„N,104.8094255°„E,918.5,0.043,
11:51:14.00,24-07-14,28.203829833333334°„N,104.80942566666667°„E,918.5,0.042,
11:51:15.00,24-07-14,28.20383°„N,104.80942583333334°„E,918.5,0.023,
11:51:16.00,24-07-14,28.203830333333332°„N,104.80942583333334°„E,918.5,0.033,
11:51:17.00,24-07-14,28.2038305°„N,104.809426°„E,918.4,0.029,
11:51:18.00,24-07-14,28.2038305°„N,104.80942616666667°„E,918.4,0.051,
11:51:19.00,24-07-14,28.203830666666665°„N,104.80942616666667°„E,918.4,0.021,
11:51:20.00,24-07-14,28.203830666666665°„N,104.80942633333333°„E,918.4,0.007,
11:51:21.00,24-07-14,28.203830833333335°„N,104.8094265°„E,918.4,0.018,
11:51:22.00,24-07-14,28.203830833333335°„N,104.80942683333333°„E,918.4,0.023,
11:51:23.00,24-07-14,28.203831°„N,104.809427°„E,918.4,0.020,
11:51:24.00,24-07-14,28.203831°„N,104.80942716666667°„E,918.4,0.018,
11:51:25.00,24-07-14,28.203831166666667°„N,104.80942716666667°„E,918.4,0.032,
11:51:26.00,24-07-14,28.203831333333333°„N,104.80942733333333°„E,918.4,0.022,
11:51:27.00,24-07-14,28.2038315°„N,104.80942733333333°„E,918.4,0.025,
11:51:28.00,24-07-14,28.203831666666666°„N,104.80942733333333°„E,918.4,0.024,
11:51:29.00,24-07-14,28.203831833333332°„N,104.80942733333333°„E,918.4,0.030,
11:51:30.00,24-07-14,28.203832°„N,104.80942733333333°„E,918.4,0.018,
11:51:31.00,24-07-14,28.20383216666667°„N,104.80942733333333°„E,918.4,0.014,
11:51:32.00,24-07-14,28.203832333333335°„N,104.80942733333333°„E,918.4,0.033,
11:51:33.00,24-07-14,28.2038325°„N,104.8094275°„E,918.3,0.025,
11:51:34.00,24-07-14,28.2038325°„N,104.8094275°„E,918.3,0.028,
11:51:35.00,24-07-14,28.203832666666667°„N,104.80942766666666°„E,918.3,0.007,
11:51:36.00,24-07-14,28.203833°„N,104.80942783333333°„E,918.3,0.009,
11:51:37.00,24-07-14,28.203833166666666°„N,104.80942783333333°„E,918.2,0.020,
11:51:38.00,24-07-14,28.203833333333332°„N,104.809428°„E,918.2,0.039,
11:51:39.00,24-07-14,28.203833500000002°„N,104.80942816666666°„E,918.2,0.040,
11:51:40.00,24-07-14,28.203833666666668°„N,104.80942816666666°„E,918.2,0.028,
11:51:41.00,24-07-14,28.203833833333334°„N,104.80942816666666°„E,918.2,0.030,
11:51:42.00,24-07-14,28.203834°„N,104.80942833333333°„E,918.2,0.019,
11:51:43.00,24-07-14,28.203834°„N,104.80942833333333°„E,918.2,0.020,
11:51:44.00,24-07-14,28.203834°„N,104.80942816666666°„E,918.2,0.013,
11:51:45.00,24-07-14,28.203834°„N,104.80942816666666°„E,918.2,0.007,
11:51:46.00,24-07-14,28.203833666666668°„N,104.80942816666666°„E,918.1,0.019,
11:51:47.00,24-07-14,28.203833500000002°„N,104.80942816666666°„E,918.1,0.012,
11:51:48.00,24-07-14,28.203833333333332°„N,104.80942816666666°„E,918.1,0.037,
11:51:49.00,24-07-14,28.203833166666666°„N,104.80942816666666°„E,918.2,0.024,
11:51:50.00,24-07-14,28.203833°„N,104.80942816666666°„E,918.2,0.028,
11:51:51.00,24-07-14,28.203832833333333°„N,104.80942816666666°„E,918.2,0.025,
11:51:52.00,24-07-14,28.203832666666667°„N,104.80942816666666°„E,918.3,0.026,
11:51:53.00,24-07-14,28.2038325°„N,104.80942833333333°„E,918.3,0.043,
11:51:54.00,24-07-14,28.203832333333335°„N,104.8094285°„E,918.3,0.013,
11:51:55.00,24-07-14,28.20383216666667°„N,104.8094285°„E,918.4,0.023,
11:51:56.00,24-07-14,28.203831833333332°„N,104.80942866666666°„E,918.4,0.032,
11:51:57.00,24-07-14,28.203831833333332°„N,104.80942883333333°„E,918.4,0.008,
11:51:58.00,24-07-14,28.203831666666666°„N,104.809429°„E,918.4,0.015,
11:51:59.00,24-07-14,28.203831666666666°„N,104.80942916666666°„E,918.5,0.029,
11:52:00.00,24-07-14,28.2038315°„N,104.80942916666666°„E,918.5,0.012,
11:52:01.00,24-07-14,28.2038315°„N,104.80942916666666°„E,918.5,0.022,
11:52:02.00,24-07-14,28.203831666666666°„N,104.80942916666666°„E,918.5,0.027,
11:52:03.00,24-07-14,28.203831666666666°„N,104.80942916666666°„E,918.5,0.009,
11:52:04.00,24-07-14,28.203831666666666°„N,104.80942916666666°„E,918.4,0.012,
11:52:05.00,24-07-14,28.203831666666666°„N,104.80942916666666°„E,918.4,0.016,
11:52:06.00,24-07-14,28.203831666666666°„N,104.80942916666666°„E,918.4,0.005,
11:52:07.00,24-07-14,28.203831666666666°„N,104.80942916666666°„E,918.3,0.034,
11:52:08.00,24-07-14,28.203831833333332°„N,104.80942933333333°„E,918.3,0.014,
11:52:09.00,24-07-14,28.203831833333332°„N,104.80942933333333°„E,918.3,0.026,
11:52:10.00,24-07-14,28.203831833333332°„N,104.80942933333333°„E,918.3,0.012,
11:52:11.00,24-07-14,28.203831833333332°„N,104.80942933333333°„E,918.3,0.019,
11:52:12.00,24-07-14,28.203831833333332°„N,104.80942933333333°„E,918.3,0.017,
11:52:13.00,24-07-14,28.203831833333332°„N,104.80942916666666°„E,918.3,0.005,
11:52:14.00,24-07-14,28.203831833333332°„N,104.80942916666666°„E,918.3,0.020,
11:52:15.00,24-07-14,28.203831833333332°„N,104.809429°„E,918.3,0.025,
11:52:16.00,24-07-14,28.203831833333332°„N,104.80942883333333°„E,918.4,0.014,
11:52:17.00,24-07-14,28.203831833333332°„N,104.80942866666666°„E,918.4,0.012,
11:52:18.00,24-07-14,28.203831666666666°„N,104.80942866666666°„E,918.4,0.009,
11:52:19.00,24-07-14,28.203831666666666°„N,104.8094285°„E,918.5,0.012,
11:52:20.00,24-07-14,28.203831666666666°„N,104.8094285°„E,918.5,0.026,
11:52:21.00,24-07-14,28.203831666666666°„N,104.8094285°„E,918.5,0.015,
11:52:22.00,24-07-14,28.203831666666666°„N,104.80942833333333°„E,918.6,0.018,
11:52:23.00,24-07-14,28.203831666666666°„N,104.80942833333333°„E,918.6,0.009,
11:52:24.00,24-07-14,28.203831833333332°„N,104.80942816666666°„E,918.7,0.018,
11:52:25.00,24-07-14,28.203831833333332°„N,104.809428°„E,918.7,0.011,
11:52:26.00,24-07-14,28.203831833333332°„N,104.80942766666666°„E,918.8,0.005,
11:52:27.00,24-07-14,28.203831833333332°„N,104.80942733333333°„E,918.8,0.016,
11:52:28.00,24-07-14,28.203831833333332°„N,104.80942716666667°„E,918.9,0.022,
11:52:29.00,24-07-14,28.203832°„N,104.809427°„E,919.0,0.015,
11:52:30.00,24-07-14,28.203832°„N,104.80942683333333°„E,919.0,0.024,
11:52:31.00,24-07-14,28.20383216666667°„N,104.80942666666667°„E,919.1,0.006,
11:52:32.00,24-07-14,28.20383216666667°„N,104.80942666666667°„E,919.1,0.028,
11:52:33.00,24-07-14,28.20383216666667°„N,104.80942666666667°„E,919.2,0.008,
11:52:34.00,24-07-14,28.20383216666667°„N,104.80942666666667°„E,919.2,0.005,
11:52:35.00,24-07-14,28.20383216666667°„N,104.80942666666667°„E,919.3,0.016,
11:52:36.00,24-07-14,28.203832°„N,104.80942666666667°„E,919.3,0.002,
11:52:37.00,24-07-14,28.203832°„N,104.80942666666667°„E,919.3,0.015,
11:52:38.00,24-07-14,28.203831833333332°„N,104.8094265°„E,919.4,0.034,
11:52:39.00,24-07-14,28.203831833333332°„N,104.8094265°„E,919.4,0.029,
11:52:40.00,24-07-14,28.203831666666666°„N,104.80942633333333°„E,919.4,0.022,
11:52:41.00,24-07-14,28.203831666666666°„N,104.80942616666667°„E,919.4,0.019,
11:52:42.00,24-07-14,28.203831666666666°„N,104.809426°„E,919.4,0.017,
11:52:43.00,24-07-14,28.2038315°„N,104.809426°„E,919.4,0.028,
11:52:44.00,24-07-14,28.2038315°„N,104.80942583333334°„E,919.4,0.005,
11:52:45.00,24-07-14,28.2038315°„N,104.80942583333334°„E,919.4,0.028,
11:52:46.00,24-07-14,28.2038315°„N,104.80942566666667°„E,919.4,0.007,
11:52:47.00,24-07-14,28.2038315°„N,104.80942566666667°„E,919.4,0.012,
11:52:48.00,24-07-14,28.2038315°„N,104.80942583333334°„E,919.4,0.033,
11:52:49.00,24-07-14,28.2038315°„N,104.80942583333334°„E,919.4,0.020,
11:52:50.00,24-07-14,28.203831333333333°„N,104.80942583333334°„E,919.3,0.024,
11:52:51.00,24-07-14,28.203831166666667°„N,104.80942583333334°„E,919.3,0.018,
11:52:52.00,24-07-14,28.203831°„N,104.809426°„E,919.2,0.010,
11:52:53.00,24-07-14,28.203830833333335°„N,104.809426°„E,919.2,0.008,
11:52:54.00,24-07-14,28.203830666666665°„N,104.809426°„E,919.1,0.013,
11:52:55.00,24-07-14,28.2038305°„N,104.809426°„E,919.1,0.024,
11:52:56.00,24-07-14,28.203830333333332°„N,104.809426°„E,919.0,0.045,
11:52:57.00,24-07-14,28.203830166666666°„N,104.80942616666667°„E,918.9,0.040,
11:52:58.00,24-07-14,28.203830166666666°„N,104.80942616666667°„E,918.9,0.043,
11:52:59.00,24-07-14,28.203830166666666°„N,104.80942616666667°„E,918.8,0.026,
11:53:00.00,24-07-14,28.20383°„N,104.80942616666667°„E,918.8,0.012,
11:53:01.00,24-07-14,28.203829833333334°„N,104.809426°„E,918.7,0.049,
11:53:02.00,24-07-14,28.203829833333334°„N,104.809426°„E,918.7,0.026,
11:53:03.00,24-07-14,28.203829833333334°„N,104.809426°„E,918.6,0.030,
11:53:04.00,24-07-14,28.20383°„N,104.80942583333334°„E,918.6,0.037,
11:53:05.00,24-07-14,28.20383°„N,104.80942583333334°„E,918.5,0.016,
11:53:06.00,24-07-14,28.20383°„N,104.80942566666667°„E,918.4,0.027,
11:53:07.00,24-07-14,28.203829833333334°„N,104.80942566666667°„E,918.3,0.025,
11:53:08.00,24-07-14,28.203829833333334°„N,104.80942566666667°„E,918.3,0.032,
11:53:09.00,24-07-14,28.203829666666667°„N,104.80942583333334°„E,918.3,0.055,
11:53:10.00,24-07-14,28.2038295°„N,104.80942583333334°„E,918.2,0.045,
11:53:11.00,24-07-14,28.203829333333335°„N,104.809426°„E,918.2,0.056,
11:53:12.00,24-07-14,28.203829333333335°„N,104.80942616666667°„E,918.2,0.033,
11:53:13.00,24-07-14,28.203829166666665°„N,104.80942616666667°„E,918.2,0.013,
11:53:14.00,24-07-14,28.203829166666665°„N,104.80942633333333°„E,918.3,0.018,
11:53:15.00,24-07-14,28.203829166666665°„N,104.80942666666667°„E,918.3,0.016,
11:53:16.00,24-07-14,28.203829166666665°„N,104.80942683333333°„E,918.4,0.023,
11:53:17.00,24-07-14,28.203829166666665°„N,104.80942716666667°„E,918.4,0.028,
11:53:18.00,24-07-14,28.203829333333335°„N,104.80942733333333°„E,918.5,0.018,
11:53:19.00,24-07-14,28.2038295°„N,104.80942766666666°„E,918.5,0.048,
11:53:20.00,24-07-14,28.203829833333334°„N,104.80942783333333°„E,918.6,0.059,
11:53:21.00,24-07-14,28.20383°„N,104.809428°„E,918.7,0.041,
11:53:22.00,24-07-14,28.203830166666666°„N,104.80942816666666°„E,918.7,0.061,
11:53:23.00,24-07-14,28.203830166666666°„N,104.8094285°„E,918.8,0.028,
11:53:24.00,24-07-14,28.203830333333332°„N,104.80942866666666°„E,918.9,0.013,
11:53:25.00,24-07-14,28.203830333333332°„N,104.80942883333333°„E,919.0,0.035,
11:53:26.00,24-07-14,28.203830333333332°„N,104.80942916666666°„E,919.1,0.020,
11:53:27.00,24-07-14,28.2038305°„N,104.80942933333333°„E,919.2,0.018,
11:53:28.00,24-07-14,28.2038305°„N,104.8094295°„E,919.2,0.027,
11:53:29.00,24-07-14,28.203830666666665°„N,104.80942966666667°„E,919.3,0.016,
11:53:30.00,24-07-14,28.203830833333335°„N,104.80942966666667°„E,919.4,0.024,
11:53:31.00,24-07-14,28.203830833333335°„N,104.80942966666667°„E,919.4,0.043,
11:53:32.00,24-07-14,28.203830833333335°„N,104.80942966666667°„E,919.4,0.059,
11:53:33.00,24-07-14,28.203831°„N,104.8094295°„E,919.4,0.036,
11:53:34.00,24-07-14,28.203831°„N,104.8094295°„E,919.4,0.046,
11:53:35.00,24-07-14,28.203831°„N,104.8094295°„E,919.4,0.036,
11:53:36.00,24-07-14,28.203831°„N,104.8094295°„E,919.3,0.004,
11:53:37.00,24-07-14,28.203831166666667°„N,104.8094295°„E,919.3,0.046,
11:53:38.00,24-07-14,28.203831166666667°„N,104.8094295°„E,919.3,0.035,
11:53:39.00,24-07-14,28.203831166666667°„N,104.8094295°„E,919.2,0.032,
11:53:40.00,24-07-14,28.203831333333333°„N,104.80942966666667°„E,919.2,0.041,
11:53:41.00,24-07-14,28.2038315°„N,104.80942966666667°„E,919.2,0.024,
11:53:42.00,24-07-14,28.2038315°„N,104.80942983333334°„E,919.2,0.042,
11:53:43.00,24-07-14,28.2038315°„N,104.80942983333334°„E,919.1,0.047,
11:53:44.00,24-07-14,28.203831666666666°„N,104.80943°„E,919.1,0.036,
11:53:45.00,24-07-14,28.203831666666666°„N,104.80943°„E,919.0,0.032,
11:53:46.00,24-07-14,28.203831833333332°„N,104.80943016666667°„E,919.0,0.042,
11:53:47.00,24-07-14,28.203831833333332°„N,104.80943016666667°„E,919.0,0.039,
11:53:48.00,24-07-14,28.203832°„N,104.80943016666667°„E,919.0,0.014,
11:53:49.00,24-07-14,28.20383216666667°„N,104.80943°„E,919.0,0.033,
11:53:50.00,24-07-14,28.20383216666667°„N,104.80943°„E,919.0,0.048,
11:53:51.00,24-07-14,28.20383216666667°„N,104.80942983333334°„E,919.0,0.032,
11:53:52.00,24-07-14,28.20383216666667°„N,104.80942983333334°„E,919.1,0.032,
11:53:53.00,24-07-14,28.20383216666667°„N,104.80942966666667°„E,919.1,0.031,
11:53:54.00,24-07-14,28.20383216666667°„N,104.80942966666667°„E,919.1,0.029,
11:53:55.00,24-07-14,28.203832°„N,104.8094295°„E,919.1,0.023,
11:53:56.00,24-07-14,28.203832°„N,104.8094295°„E,919.1,0.037,
11:53:57.00,24-07-14,28.203831833333332°„N,104.80942933333333°„E,919.0,0.053,
11:53:58.00,24-07-14,28.203831833333332°„N,104.80942916666666°„E,919.0,0.046,
11:53:59.00,24-07-14,28.203831666666666°„N,104.809429°„E,919.0,0.021,
11:54:00.00,24-07-14,28.2038315°„N,104.809429°„E,918.9,0.031,
11:54:01.00,24-07-14,28.203831333333333°„N,104.809429°„E,918.8,0.037,
11:54:02.00,24-07-14,28.203831333333333°„N,104.80942883333333°„E,918.7,0.045,
11:54:03.00,24-07-14,28.203831166666667°„N,104.80942883333333°„E,918.7,0.058,
11:54:04.00,24-07-14,28.203831166666667°„N,104.809429°„E,918.6,0.034,
11:54:05.00,24-07-14,28.203831°„N,104.809429°„E,918.6,0.055,
11:54:06.00,24-07-14,28.203831°„N,104.80942916666666°„E,918.6,0.021,
11:54:07.00,24-07-14,28.203831°„N,104.80942933333333°„E,918.6,0.045,
11:54:08.00,24-07-14,28.203831°„N,104.8094295°„E,918.5,0.059,
11:54:09.00,24-07-14,28.203830833333335°„N,104.80942966666667°„E,918.5,0.056,
11:54:10.00,24-07-14,28.203830833333335°„N,104.80942983333334°„E,918.5,0.068,
11:54:11.00,24-07-14,28.203830833333335°„N,104.80943°„E,918.5,0.037,
11:54:12.00,24-07-14,28.203830666666665°„N,104.80943°„E,918.5,0.035,
11:54:13.00,24-07-14,28.2038305°„N,104.80943°„E,918.6,0.018,
11:54:14.00,24-07-14,28.203830333333332°„N,104.80943°„E,918.6,0.022,
11:54:15.00,24-07-14,28.203830166666666°„N,104.80943°„E,918.6,0.036,
11:54:16.00,24-07-14,28.203829833333334°„N,104.80943°„E,918.6,0.044,
11:54:17.00,24-07-14,28.203829666666667°„N,104.80942983333334°„E,918.6,0.035,
11:54:18.00,24-07-14,28.2038295°„N,104.80942983333334°„E,918.6,0.021,
11:54:19.00,24-07-14,28.203829333333335°„N,104.80942966666667°„E,918.7,0.055,
11:54:20.00,24-07-14,28.203829333333335°„N,104.80942933333333°„E,918.7,0.045,
11:54:21.00,24-07-14,28.203829166666665°„N,104.80942916666666°„E,918.7,0.040,
11:54:22.00,24-07-14,28.203829°„N,104.80942883333333°„E,918.7,0.034,
11:54:23.00,24-07-14,28.203828833333333°„N,104.80942866666666°„E,918.6,0.034,
11:54:24.00,24-07-14,28.2038285°„N,104.8094285°„E,918.6,0.008,
11:54:25.00,24-07-14,28.203828333333334°„N,104.80942833333333°„E,918.5,0.026,
11:54:26.00,24-07-14,28.203828166666668°„N,104.80942833333333°„E,918.5,0.042,
11:54:27.00,24-07-14,28.203828166666668°„N,104.80942833333333°„E,918.4,0.039,
11:54:28.00,24-07-14,28.203828°„N,104.80942833333333°„E,918.4,0.021,
11:54:29.00,24-07-14,28.20382783333333°„N,104.8094285°„E,918.4,0.030,
11:54:30.00,24-07-14,28.203827666666665°„N,104.80942866666666°„E,918.4,0.013,
11:54:31.00,24-07-14,28.203827666666665°„N,104.80942866666666°„E,918.4,0.029,
11:54:32.00,24-07-14,28.203827666666665°„N,104.80942883333333°„E,918.4,0.034,
11:54:33.00,24-07-14,28.203827666666665°„N,104.809429°„E,918.4,0.045,
11:54:34.00,24-07-14,28.203827666666665°„N,104.80942916666666°„E,918.4,0.041,
11:54:35.00,24-07-14,28.20382783333333°„N,104.80942916666666°„E,918.4,0.047,
11:54:36.00,24-07-14,28.203828°„N,104.80942916666666°„E,918.5,0.019,
11:54:37.00,24-07-14,28.203828166666668°„N,104.80942933333333°„E,918.5,0.024,
11:54:38.00,24-07-14,28.2038285°„N,104.80942933333333°„E,918.5,0.011,
11:54:39.00,24-07-14,28.203828833333333°„N,104.8094295°„E,918.4,0.019,
11:54:40.00,24-07-14,28.203829166666665°„N,104.80942933333333°„E,918.4,0.032,
11:54:41.00,24-07-14,28.2038295°„N,104.80942933333333°„E,918.4,0.004,
11:54:42.00,24-07-14,28.203829833333334°„N,104.80942933333333°„E,918.4,0.034,
11:54:43.00,24-07-14,28.203830166666666°„N,104.80942933333333°„E,918.4,0.045,
11:54:44.00,24-07-14,28.203830333333332°„N,104.80942916666666°„E,918.3,0.033,
11:54:45.00,24-07-14,28.203830666666665°„N,104.80942916666666°„E,918.3,0.042,
11:54:46.00,24-07-14,28.203830833333335°„N,104.80942916666666°„E,918.3,0.023,
11:54:47.00,24-07-14,28.203831°„N,104.809429°„E,918.2,0.033,
11:54:48.00,24-07-14,28.203831166666667°„N,104.809429°„E,918.2,0.011,
11:54:49.00,24-07-14,28.203831333333333°„N,104.809429°„E,918.2,0.020,
11:54:50.00,24-07-14,28.2038315°„N,104.809429°„E,918.1,0.024,
11:54:51.00,24-07-14,28.203831666666666°„N,104.80942916666666°„E,918.1,0.016,
11:54:52.00,24-07-14,28.203831666666666°„N,104.80942916666666°„E,918.0,0.032,
11:54:53.00,24-07-14,28.203831833333332°„N,104.80942933333333°„E,918.0,0.019,
11:54:54.00,24-07-14,28.203832°„N,104.80942933333333°„E,918.0,0.032,
11:54:55.00,24-07-14,28.203832°„N,104.8094295°„E,917.9,0.032,
11:54:56.00,24-07-14,28.20383216666667°„N,104.80942966666667°„E,917.9,0.024,
11:54:57.00,24-07-14,28.20383216666667°„N,104.80942966666667°„E,917.9,0.019,
11:54:58.00,24-07-14,28.203832333333335°„N,104.80942983333334°„E,918.0,0.028,
11:54:59.00,24-07-14,28.2038325°„N,104.80942983333334°„E,918.0,0.030,
11:55:00.00,24-07-14,28.2038325°„N,104.80943°„E,918.1,0.040,
11:55:01.00,24-07-14,28.2038325°„N,104.80942983333334°„E,918.2,0.011,
11:55:02.00,24-07-14,28.2038325°„N,104.80943°„E,918.3,0.014,
11:55:03.00,24-07-14,28.2038325°„N,104.80943°„E,918.3,0.007,
11:55:04.00,24-07-14,28.2038325°„N,104.80943°„E,918.4,0.034,
11:55:05.00,24-07-14,28.2038325°„N,104.80943°„E,918.5,0.003,
11:55:06.00,24-07-14,28.2038325°„N,104.80943°„E,918.5,0.013,
11:55:07.00,24-07-14,28.203832333333335°„N,104.80943°„E,918.6,0.011,
11:55:08.00,24-07-14,28.203832333333335°„N,104.80942983333334°„E,918.6,0.011,
11:55:09.00,24-07-14,28.203832333333335°„N,104.80942983333334°„E,918.6,0.010,
11:55:10.00,24-07-14,28.203832333333335°„N,104.80942983333334°„E,918.7,0.024,
11:55:11.00,24-07-14,28.2038325°„N,104.80942983333334°„E,918.7,0.031,
11:55:12.00,24-07-14,28.2038325°„N,104.80942966666667°„E,918.7,0.035,
11:55:13.00,24-07-14,28.203832666666667°„N,104.80942966666667°„E,918.6,0.029,
11:55:14.00,24-07-14,28.203832666666667°„N,104.8094295°„E,918.6,0.025,
11:55:15.00,24-07-14,28.203832833333333°„N,104.8094295°„E,918.5,0.032,
11:55:16.00,24-07-14,28.203832833333333°„N,104.80942933333333°„E,918.4,0.029,
11:55:17.00,24-07-14,28.203832833333333°„N,104.80942933333333°„E,918.4,0.042,
11:55:18.00,24-07-14,28.203833°„N,104.80942933333333°„E,918.3,0.026,
11:55:19.00,24-07-14,28.203833166666666°„N,104.80942916666666°„E,918.2,0.026,
11:55:20.00,24-07-14,28.203833333333332°„N,104.80942916666666°„E,918.2,0.037,
11:55:21.00,24-07-14,28.203833333333332°„N,104.80942916666666°„E,918.1,0.010,
11:55:22.00,24-07-14,28.203833500000002°„N,104.80942916666666°„E,918.0,0.018,
11:55:23.00,24-07-14,28.203833500000002°„N,104.80942916666666°„E,918.0,0.016,
11:55:24.00,24-07-14,28.203833500000002°„N,104.80942916666666°„E,917.9,0.025,
11:55:25.00,24-07-14,28.203833666666668°„N,104.80942933333333°„E,917.9,0.006,
11:55:26.00,24-07-14,28.203833500000002°„N,104.80942933333333°„E,917.9,0.004,
11:55:27.00,24-07-14,28.203833500000002°„N,104.80942933333333°„E,917.9,0.021,
11:55:28.00,24-07-14,28.203833333333332°„N,104.80942933333333°„E,917.9,0.003,
11:55:29.00,24-07-14,28.203833166666666°„N,104.80942933333333°„E,917.9,0.014,
11:55:30.00,24-07-14,28.203833°„N,104.80942933333333°„E,917.9,0.033,
11:55:31.00,24-07-14,28.203833°„N,104.80942933333333°„E,917.9,0.013,
11:55:32.00,24-07-14,28.203832833333333°„N,104.80942933333333°„E,917.9,0.001,
11:55:33.00,24-07-14,28.203832666666667°„N,104.80942933333333°„E,917.9,0.001,
11:55:34.00,24-07-14,28.2038325°„N,104.80942933333333°„E,917.9,0.015,
11:55:35.00,24-07-14,28.2038325°„N,104.80942933333333°„E,917.9,0.029,
11:55:36.00,24-07-14,28.2038325°„N,104.80942916666666°„E,917.9,0.015,
11:55:37.00,24-07-14,28.203832333333335°„N,104.809429°„E,917.9,0.003,
11:55:38.00,24-07-14,28.203832333333335°„N,104.80942883333333°„E,917.9,0.006,
11:55:39.00,24-07-14,28.20383216666667°„N,104.80942866666666°„E,917.8,0.010,
11:55:40.00,24-07-14,28.203832°„N,104.8094285°„E,917.9,0.019,
11:55:41.00,24-07-14,28.203832°„N,104.80942833333333°„E,917.9,0.015,
11:55:42.00,24-07-14,28.203831666666666°„N,104.809428°„E,917.9,0.037,
11:55:43.00,24-07-14,28.2038315°„N,104.80942783333333°„E,917.9,0.015,
11:55:44.00,24-07-14,28.203831166666667°„N,104.8094275°„E,917.9,0.012,
11:55:45.00,24-07-14,28.203830833333335°„N,104.8094275°„E,917.9,0.035,
11:55:46.00,24-07-14,28.2038305°„N,104.80942733333333°„E,917.9,0.006,
11:55:47.00,24-07-14,28.203830166666666°„N,104.80942733333333°„E,917.9,0.026,
11:55:48.00,24-07-14,28.20383°„N,104.8094275°„E,917.9,0.017,
11:55:49.00,24-07-14,28.203829833333334°„N,104.8094275°„E,917.8,0.029,
11:55:50.00,24-07-14,28.203829833333334°„N,104.80942766666666°„E,917.8,0.010,
11:55:51.00,24-07-14,28.203829666666667°„N,104.80942783333333°„E,917.8,0.007,
11:55:52.00,24-07-14,28.203829666666667°„N,104.809428°„E,917.8,0.021,
11:55:53.00,24-07-14,28.2038295°„N,104.80942816666666°„E,917.8,0.012,
11:55:54.00,24-07-14,28.2038295°„N,104.80942816666666°„E,917.8,0.031,
11:55:55.00,24-07-14,28.203829666666667°„N,104.80942833333333°„E,917.8,0.027,
11:55:56.00,24-07-14,28.203829666666667°„N,104.80942833333333°„E,917.8,0.016,
11:55:57.00,24-07-14,28.203829666666667°„N,104.80942833333333°„E,917.8,0.006,
11:55:58.00,24-07-14,28.2038295°„N,104.80942833333333°„E,917.8,0.017,
11:55:59.00,24-07-14,28.2038295°„N,104.80942816666666°„E,917.8,0.013,
11:56:00.00,24-07-14,28.2038295°„N,104.80942816666666°„E,917.8,0.010,
11:56:01.00,24-07-14,28.203829333333335°„N,104.809428°„E,917.8,0.015,
11:56:02.00,24-07-14,28.203829166666665°„N,104.80942783333333°„E,917.8,0.017,
11:56:03.00,24-07-14,28.203829166666665°„N,104.80942766666666°„E,917.9,0.020,
11:56:04.00,24-07-14,28.203829°„N,104.8094275°„E,917.9,0.014,
11:56:05.00,24-07-14,28.203828833333333°„N,104.80942733333333°„E,917.9,0.015,
11:56:06.00,24-07-14,28.203828666666666°„N,104.80942716666667°„E,917.9,0.034,
11:56:07.00,24-07-14,28.203828666666666°„N,104.80942716666667°„E,917.9,0.028,
11:56:08.00,24-07-14,28.2038285°„N,104.80942716666667°„E,918.0,0.027,
11:56:09.00,24-07-14,28.2038285°„N,104.80942716666667°„E,918.0,0.012,
11:56:10.00,24-07-14,28.203828333333334°„N,104.80942733333333°„E,918.0,0.003,
11:56:11.00,24-07-14,28.203828333333334°„N,104.8094275°„E,918.0,0.031,
11:56:12.00,24-07-14,28.203828333333334°„N,104.80942766666666°„E,918.0,0.019,
11:56:13.00,24-07-14,28.203828333333334°„N,104.809428°„E,918.1,0.023,
11:56:14.00,24-07-14,28.203828333333334°„N,104.80942816666666°„E,918.1,0.039,
11:56:15.00,24-07-14,28.2038285°„N,104.80942866666666°„E,918.1,0.031,
11:56:16.00,24-07-14,28.203828666666666°„N,104.809429°„E,918.2,0.040,
11:56:17.00,24-07-14,28.203829°„N,104.8094295°„E,918.2,0.011,
11:56:18.00,24-07-14,28.203829166666665°„N,104.80942983333334°„E,918.3,0.027,
11:56:19.00,24-07-14,28.203829333333335°„N,104.80943016666667°„E,918.4,0.033,
11:56:20.00,24-07-14,28.203829666666667°„N,104.8094305°„E,918.4,0.021,
11:56:21.00,24-07-14,28.203829833333334°„N,104.80943083333334°„E,918.4,0.009,
11:56:22.00,24-07-14,28.20383°„N,104.809431°„E,918.5,0.011,
11:56:23.00,24-07-14,28.203830166666666°„N,104.80943116666667°„E,918.5,0.017,
11:56:24.00,24-07-14,28.203830333333332°„N,104.80943133333334°„E,918.4,0.042,
11:56:25.00,24-07-14,28.2038305°„N,104.80943133333334°„E,918.4,0.035,
11:56:26.00,24-07-14,28.203830666666665°„N,104.80943133333334°„E,918.4,0.029,
11:56:27.00,24-07-14,28.203830833333335°„N,104.8094315°„E,918.3,0.038,
11:56:28.00,24-07-14,28.203831°„N,104.8094315°„E,918.3,0.026,
11:56:29.00,24-07-14,28.203831166666667°„N,104.8094315°„E,918.2,0.014,
11:56:30.00,24-07-14,28.203831166666667°„N,104.8094315°„E,918.2,0.041,
11:56:31.00,24-07-14,28.203831333333333°„N,104.80943133333334°„E,918.0,0.027,
11:56:32.00,24-07-14,28.203831333333333°„N,104.80943116666667°„E,917.9,0.016,
11:56:33.00,24-07-14,28.2038315°„N,104.80943116666667°„E,917.8,0.022,
11:56:34.00,24-07-14,28.2038315°„N,104.80943116666667°„E,917.7,0.015,
11:56:35.00,24-07-14,28.2038315°„N,104.809431°„E,917.7,0.018,
11:56:36.00,24-07-14,28.203831333333333°„N,104.809431°„E,917.6,0.036,
11:56:37.00,24-07-14,28.203831166666667°„N,104.80943083333334°„E,917.5,0.033,
11:56:38.00,24-07-14,28.203831166666667°„N,104.80943066666667°„E,917.4,0.010,
11:56:39.00,24-07-14,28.203830833333335°„N,104.80943066666667°„E,917.4,0.017,
11:56:40.00,24-07-14,28.203830666666665°„N,104.80943066666667°„E,917.3,0.011,
11:56:41.00,24-07-14,28.203830666666665°„N,104.80943083333334°„E,917.3,0.008,
11:56:42.00,24-07-14,28.2038305°„N,104.809431°„E,917.3,0.025,
11:56:43.00,24-07-14,28.2038305°„N,104.80943116666667°„E,917.3,0.022,
11:56:44.00,24-07-14,28.203830333333332°„N,104.8094315°„E,917.2,0.026,
11:56:45.00,24-07-14,28.203830333333332°„N,104.80943166666667°„E,917.2,0.020,
11:56:46.00,24-07-14,28.203830166666666°„N,104.80943166666667°„E,917.2,0.010,
11:56:47.00,24-07-14,28.20383°„N,104.80943166666667°„E,917.2,0.010,
11:56:48.00,24-07-14,28.203829833333334°„N,104.8094315°„E,917.2,0.006,
11:56:49.00,24-07-14,28.2038295°„N,104.80943133333334°„E,917.2,0.023,
11:56:50.00,24-07-14,28.203829333333335°„N,104.80943116666667°„E,917.1,0.019,
11:56:51.00,24-07-14,28.203829°„N,104.809431°„E,917.1,0.025,
11:56:52.00,24-07-14,28.203828666666666°„N,104.80943066666667°„E,917.1,0.020,
11:56:53.00,24-07-14,28.2038285°„N,104.8094305°„E,917.1,0.025,
11:56:54.00,24-07-14,28.203828333333334°„N,104.80943033333334°„E,917.1,0.010,
11:56:55.00,24-07-14,28.203828166666668°„N,104.80943016666667°„E,917.1,0.022,
11:56:56.00,24-07-14,28.203828°„N,104.80943°„E,917.1,0.020,
11:56:57.00,24-07-14,28.20382783333333°„N,104.80942983333334°„E,917.1,0.030,
11:56:58.00,24-07-14,28.203827666666665°„N,104.80942983333334°„E,917.1,0.018,
11:56:59.00,24-07-14,28.2038275°„N,104.80942966666667°„E,917.1,0.029,
11:57:00.00,24-07-14,28.203827333333333°„N,104.8094295°„E,917.1,0.022,
11:57:01.00,24-07-14,28.203827333333333°„N,104.80942933333333°„E,917.0,0.020,
11:57:02.00,24-07-14,28.203827333333333°„N,104.80942916666666°„E,917.0,0.021,
11:57:03.00,24-07-14,28.203827333333333°„N,104.80942916666666°„E,917.0,0.025,
11:57:04.00,24-07-14,28.203827333333333°„N,104.809429°„E,917.0,0.037,
11:57:05.00,24-07-14,28.203827166666667°„N,104.809429°„E,917.0,0.027,
11:57:06.00,24-07-14,28.203827166666667°„N,104.80942883333333°„E,917.0,0.031,
11:57:07.00,24-07-14,28.203827166666667°„N,104.80942883333333°„E,917.0,0.008,
11:57:08.00,24-07-14,28.203827166666667°„N,104.809429°„E,916.9,0.039,
11:57:09.00,24-07-14,28.203827°„N,104.80942916666666°„E,916.9,0.041,
11:57:10.00,24-07-14,28.203827°„N,104.80942933333333°„E,916.9,0.024,
11:57:11.00,24-07-14,28.203827°„N,104.80942933333333°„E,916.9,0.013,
11:57:12.00,24-07-14,28.203827°„N,104.8094295°„E,916.9,0.036,
11:57:13.00,24-07-14,28.203827°„N,104.80942966666667°„E,917.0,0.013,
11:57:14.00,24-07-14,28.203827166666667°„N,104.80942983333334°„E,917.0,0.026,
11:57:15.00,24-07-14,28.203827166666667°„N,104.80943°„E,917.0,0.034,
11:57:16.00,24-07-14,28.203827166666667°„N,104.80943°„E,917.0,0.019,
11:57:17.00,24-07-14,28.203827166666667°„N,104.80943016666667°„E,917.1,0.018,
11:57:18.00,24-07-14,28.203827°„N,104.80943033333334°„E,917.1,0.032,
11:57:19.00,24-07-14,28.203827°„N,104.80943066666667°„E,917.2,0.015,
11:57:20.00,24-07-14,28.203827°„N,104.80943083333334°„E,917.2,0.013,
11:57:21.00,24-07-14,28.203827°„N,104.80943083333334°„E,917.3,0.020,
11:57:22.00,24-07-14,28.203827166666667°„N,104.80943116666667°„E,917.4,0.009,
11:57:23.00,24-07-14,28.203827°„N,104.80943133333334°„E,917.4,0.009,
11:57:24.00,24-07-14,28.203827°„N,104.8094315°„E,917.5,0.025,
11:57:25.00,24-07-14,28.203827°„N,104.80943166666667°„E,917.6,0.019,
11:57:26.00,24-07-14,28.203827°„N,104.80943183333333°„E,917.6,0.008,
11:57:27.00,24-07-14,28.203827°„N,104.809432°„E,917.6,0.020,
11:57:28.00,24-07-14,28.203827°„N,104.80943216666667°„E,917.7,0.004,
11:57:29.00,24-07-14,28.203827166666667°„N,104.80943233333333°„E,917.7,0.033,
11:57:30.00,24-07-14,28.203827166666667°„N,104.80943233333333°„E,917.7,0.021,
11:57:31.00,24-07-14,28.203827333333333°„N,104.8094325°„E,917.8,0.022,
11:57:32.00,24-07-14,28.2038275°„N,104.8094325°„E,917.8,0.019,
11:57:33.00,24-07-14,28.203827666666665°„N,104.80943266666667°„E,917.8,0.025,
11:57:34.00,24-07-14,28.20382783333333°„N,104.80943266666667°„E,917.9,0.034,
11:57:35.00,24-07-14,28.203828°„N,104.80943283333333°„E,917.9,0.012,
11:57:36.00,24-07-14,28.203828333333334°„N,104.809433°„E,918.0,0.037,
11:57:37.00,24-07-14,28.2038285°„N,104.80943316666666°„E,918.1,0.028,
11:57:38.00,24-07-14,28.203828666666666°„N,104.80943333333333°„E,918.1,0.040,
11:57:39.00,24-07-14,28.203828833333333°„N,104.80943333333333°„E,918.2,0.015,
11:57:40.00,24-07-14,28.203829°„N,104.80943333333333°„E,918.2,0.025,
11:57:41.00,24-07-14,28.203829°„N,104.80943316666666°„E,918.3,0.020,
11:57:42.00,24-07-14,28.203829166666665°„N,104.80943316666666°„E,918.3,0.033,
11:57:43.00,24-07-14,28.203829333333335°„N,104.809433°„E,918.3,0.027,
11:57:44.00,24-07-14,28.2038295°„N,104.80943283333333°„E,918.3,0.033,
11:57:45.00,24-07-14,28.203829666666667°„N,104.80943266666667°„E,918.3,0.037,
11:57:46.00,24-07-14,28.20383°„N,104.8094325°„E,918.3,0.034,
11:57:47.00,24-07-14,28.203830166666666°„N,104.80943233333333°„E,918.3,0.027,
11:57:48.00,24-07-14,28.203830333333332°„N,104.80943216666667°„E,918.3,0.034,
11:57:49.00,24-07-14,28.203830666666665°„N,104.809432°„E,918.3,0.017,
11:57:50.00,24-07-14,28.203830833333335°„N,104.809432°„E,918.3,0.022,
11:57:51.00,24-07-14,28.203831°„N,104.80943183333333°„E,918.3,0.036,
11:57:52.00,24-07-14,28.203831333333333°„N,104.80943166666667°„E,918.3,0.034,
11:57:53.00,24-07-14,28.2038315°„N,104.80943166666667°„E,918.3,0.031,
11:57:54.00,24-07-14,28.203831833333332°„N,104.8094315°„E,918.2,0.014,
11:57:55.00,24-07-14,28.203832°„N,104.80943133333334°„E,918.2,0.044,
11:57:56.00,24-07-14,28.20383216666667°„N,104.80943116666667°„E,918.1,0.038,
11:57:57.00,24-07-14,28.203832333333335°„N,104.809431°„E,918.1,0.037,
11:57:58.00,24-07-14,28.203832666666667°„N,104.80943083333334°„E,918.0,0.041,
11:57:59.00,24-07-14,28.203832833333333°„N,104.80943083333334°„E,918.0,0.038,
11:58:00.00,24-07-14,28.203833°„N,104.80943066666667°„E,917.9,0.017,
11:58:01.00,24-07-14,28.203833°„N,104.8094305°„E,917.9,0.019,
11:58:02.00,24-07-14,28.203833°„N,104.80943033333334°„E,917.9,0.036,
11:58:03.00,24-07-14,28.203832833333333°„N,104.80943°„E,917.9,0.026,
11:58:04.00,24-07-14,28.203832666666667°„N,104.80942983333334°„E,917.9,0.013,
11:58:05.00,24-07-14,28.203832666666667°„N,104.8094295°„E,917.9,0.033,
11:58:06.00,24-07-14,28.2038325°„N,104.80942933333333°„E,917.9,0.026,
11:58:07.00,24-07-14,28.203832333333335°„N,104.809429°„E,917.9,0.009,
11:58:08.00,24-07-14,28.203832333333335°„N,104.80942883333333°„E,917.9,0.022,
11:58:09.00,24-07-14,28.20383216666667°„N,104.80942866666666°„E,917.9,0.003,
11:58:10.00,24-07-14,28.203832°„N,104.8094285°„E,918.0,0.031,
11:58:11.00,24-07-14,28.203831833333332°„N,104.80942833333333°„E,918.1,0.016,
11:58:12.00,24-07-14,28.203831833333332°„N,104.80942816666666°„E,918.1,0.028,
11:58:13.00,24-07-14,28.203831666666666°„N,104.809428°„E,918.2,0.022,
11:58:14.00,24-07-14,28.2038315°„N,104.80942783333333°„E,918.2,0.007,
11:58:15.00,24-07-14,28.203831333333333°„N,104.80942766666666°„E,918.3,0.006,
11:58:16.00,24-07-14,28.203831166666667°„N,104.80942733333333°„E,918.3,0.018,
11:58:17.00,24-07-14,28.203830833333335°„N,104.80942716666667°„E,918.3,0.016,
11:58:18.00,24-07-14,28.2038305°„N,104.809427°„E,918.3,0.010,
11:58:19.00,24-07-14,28.203830166666666°„N,104.80942683333333°„E,918.4,0.025,
11:58:20.00,24-07-14,28.20383°„N,104.8094265°„E,918.4,0.027,
11:58:21.00,24-07-14,28.203829666666667°„N,104.80942633333333°„E,918.5,0.026,
11:58:22.00,24-07-14,28.2038295°„N,104.80942633333333°„E,918.5,0.022,
11:58:23.00,24-07-14,28.203829333333335°„N,104.80942616666667°„E,918.5,0.031,
11:58:24.00,24-07-14,28.203829166666665°„N,104.80942616666667°„E,918.6,0.019,
11:58:25.00,24-07-14,28.203829°„N,104.809426°„E,918.5,0.022,
11:58:26.00,24-07-14,28.203828833333333°„N,104.809426°„E,918.5,0.016,
11:58:27.00,24-07-14,28.203828666666666°„N,104.809426°„E,918.5,0.037,
11:58:28.00,24-07-14,28.203828666666666°„N,104.809426°„E,918.5,0.023,
11:58:29.00,24-07-14,28.2038285°„N,104.809426°„E,918.4,0.044,
11:58:30.00,24-07-14,28.203828333333334°„N,104.809426°„E,918.4,0.033,
11:58:31.00,24-07-14,28.203828333333334°„N,104.80942616666667°„E,918.4,0.014,
11:58:32.00,24-07-14,28.2038285°„N,104.80942616666667°„E,918.3,0.012,
11:58:33.00,24-07-14,28.2038285°„N,104.80942616666667°„E,918.3,0.023,
11:58:34.00,24-07-14,28.2038285°„N,104.80942633333333°„E,918.3,0.037,
11:58:35.00,24-07-14,28.2038285°„N,104.80942633333333°„E,918.3,0.021,
11:58:36.00,24-07-14,28.203828666666666°„N,104.80942633333333°„E,918.2,0.032,
11:58:37.00,24-07-14,28.203828666666666°„N,104.80942633333333°„E,918.2,0.030,
11:58:38.00,24-07-14,28.203828666666666°„N,104.80942633333333°„E,918.2,0.029,
11:58:39.00,24-07-14,28.203828833333333°„N,104.80942633333333°„E,918.2,0.018,
11:58:40.00,24-07-14,28.203828833333333°„N,104.80942633333333°„E,918.2,0.015,
11:58:41.00,24-07-14,28.203828833333333°„N,104.80942633333333°„E,918.2,0.028,
11:58:42.00,24-07-14,28.203828833333333°„N,104.8094265°„E,918.1,0.022,
11:58:43.00,24-07-14,28.203829°„N,104.8094265°„E,918.1,0.021,
11:58:44.00,24-07-14,28.203829°„N,104.80942666666667°„E,918.1,0.013,
11:58:45.00,24-07-14,28.203829°„N,104.80942683333333°„E,918.1,0.009,
11:58:46.00,24-07-14,28.203829°„N,104.809427°„E,918.0,0.014,
11:58:47.00,24-07-14,28.203829°„N,104.80942716666667°„E,918.0,0.027,
11:58:48.00,24-07-14,28.203829°„N,104.80942733333333°„E,918.0,0.023,
11:58:49.00,24-07-14,28.203829°„N,104.80942766666666°„E,918.0,0.029,
11:58:50.00,24-07-14,28.203828833333333°„N,104.80942766666666°„E,917.9,0.028,
11:58:51.00,24-07-14,28.203828833333333°„N,104.80942783333333°„E,917.9,0.008,
11:58:52.00,24-07-14,28.203828666666666°„N,104.809428°„E,917.9,0.012,
11:58:53.00,24-07-14,28.203828666666666°„N,104.80942816666666°„E,917.8,0.020,
11:58:54.00,24-07-14,28.2038285°„N,104.8094285°„E,917.8,0.012,
11:58:55.00,24-07-14,28.203828333333334°„N,104.80942866666666°„E,917.7,0.010,
11:58:56.00,24-07-14,28.203828333333334°„N,104.80942883333333°„E,917.7,0.008,
11:58:57.00,24-07-14,28.203828333333334°„N,104.809429°„E,917.6,0.008,
11:58:58.00,24-07-14,28.203828333333334°„N,104.80942916666666°„E,917.5,0.018,
11:58:59.00,24-07-14,28.203828333333334°„N,104.80942933333333°„E,917.5,0.015,
11:59:00.00,24-07-14,28.2038285°„N,104.8094295°„E,917.4,0.004,
11:59:01.00,24-07-14,28.2038285°„N,104.80942966666667°„E,917.4,0.026,
11:59:02.00,24-07-14,28.2038285°„N,104.80942983333334°„E,917.4,0.024,
11:59:03.00,24-07-14,28.2038285°„N,104.80942983333334°„E,917.4,0.041,
11:59:04.00,24-07-14,28.203828666666666°„N,104.80943°„E,917.3,0.015,
11:59:05.00,24-07-14,28.203828833333333°„N,104.80943°„E,917.3,0.014,
11:59:06.00,24-07-14,28.203829°„N,104.80943°„E,917.3,0.016,
11:59:07.00,24-07-14,28.203829°„N,104.80943°„E,917.3,0.006,
11:59:08.00,24-07-14,28.203829166666665°„N,104.80943016666667°„E,917.4,0.016,
11:59:09.00,24-07-14,28.2038295°„N,104.80943016666667°„E,917.4,0.007,
11:59:10.00,24-07-14,28.203829666666667°„N,104.80943016666667°„E,917.4,0.020,
11:59:11.00,24-07-14,28.203829833333334°„N,104.80943016666667°„E,917.4,0.020,
11:59:12.00,24-07-14,28.203830166666666°„N,104.80943016666667°„E,917.5,0.026,
11:59:13.00,24-07-14,28.203830333333332°„N,104.80943016666667°„E,917.5,0.029,
11:59:14.00,24-07-14,28.203830666666665°„N,104.80943033333334°„E,917.5,0.028,
11:59:15.00,24-07-14,28.203830833333335°„N,104.80943033333334°„E,917.6,0.010,
11:59:16.00,24-07-14,28.203831166666667°„N,104.80943033333334°„E,917.6,0.032,
11:59:17.00,24-07-14,28.203831333333333°„N,104.80943033333334°„E,917.6,0.019,
11:59:18.00,24-07-14,28.2038315°„N,104.8094305°„E,917.6,0.018,
11:59:19.00,24-07-14,28.203831666666666°„N,104.8094305°„E,917.6,0.016,
11:59:20.00,24-07-14,28.203831833333332°„N,104.8094305°„E,917.5,0.020,
11:59:21.00,24-07-14,28.203831833333332°„N,104.8094305°„E,917.5,0.018,
11:59:22.00,24-07-14,28.203832°„N,104.80943033333334°„E,917.5,0.025,
11:59:23.00,24-07-14,28.20383216666667°„N,104.80943033333334°„E,917.5,0.036,
11:59:24.00,24-07-14,28.20383216666667°„N,104.80943016666667°„E,917.5,0.012,
11:59:25.00,24-07-14,28.20383216666667°„N,104.80943016666667°„E,917.5,0.001,
11:59:26.00,24-07-14,28.20383216666667°„N,104.80943°„E,917.5,0.019,
11:59:27.00,24-07-14,28.20383216666667°„N,104.80943°„E,917.4,0.021,
11:59:28.00,24-07-14,28.20383216666667°„N,104.80942966666667°„E,917.4,0.032,
11:59:29.00,24-07-14,28.20383216666667°„N,104.8094295°„E,917.3,0.025,
11:59:30.00,24-07-14,28.203832°„N,104.8094295°„E,917.3,0.054,
11:59:31.00,24-07-14,28.203832°„N,104.8094295°„E,917.2,0.037,
11:59:32.00,24-07-14,28.203832°„N,104.80942933333333°„E,917.2,0.008,
11:59:33.00,24-07-14,28.203832°„N,104.80942933333333°„E,917.2,0.019,
11:59:34.00,24-07-14,28.203832°„N,104.80942933333333°„E,917.2,0.004,
11:59:35.00,24-07-14,28.203832°„N,104.8094295°„E,917.2,0.009,
11:59:36.00,24-07-14,28.203832°„N,104.8094295°„E,917.2,0.028,
11:59:37.00,24-07-14,28.203832°„N,104.8094295°„E,917.2,0.018,
11:59:38.00,24-07-14,28.20383216666667°„N,104.8094295°„E,917.3,0.011,
11:59:39.00,24-07-14,28.20383216666667°„N,104.8094295°„E,917.3,0.010,
11:59:40.00,24-07-14,28.20383216666667°„N,104.80942966666667°„E,917.4,0.012,
11:59:41.00,24-07-14,28.20383216666667°„N,104.80942966666667°„E,917.5,0.016,
11:59:42.00,24-07-14,28.20383216666667°„N,104.80942966666667°„E,917.5,0.033,
11:59:43.00,24-07-14,28.20383216666667°„N,104.80942983333334°„E,917.5,0.024,
11:59:44.00,24-07-14,28.20383216666667°„N,104.80942966666667°„E,917.6,0.007,
11:59:45.00,24-07-14,28.20383216666667°„N,104.80942966666667°„E,917.6,0.014,
11:59:46.00,24-07-14,28.20383216666667°„N,104.80942983333334°„E,917.6,0.017,
11:59:47.00,24-07-14,28.203832°„N,104.80942983333334°„E,917.7,0.023,
11:59:48.00,24-07-14,28.203832°„N,104.80942983333334°„E,917.8,0.027,
11:59:49.00,24-07-14,28.203831833333332°„N,104.80942983333334°„E,917.8,0.024,
11:59:50.00,24-07-14,28.203831833333332°„N,104.80942983333334°„E,917.9,0.005,
11:59:51.00,24-07-14,28.2038315°„N,104.80942983333334°„E,917.9,0.013,
11:59:52.00,24-07-14,28.2038315°„N,104.80942966666667°„E,918.0,0.027,
11:59:53.00,24-07-14,28.203831333333333°„N,104.80942966666667°„E,918.1,0.015,
11:59:54.00,24-07-14,28.203831166666667°„N,104.8094295°„E,918.1,0.030,
11:59:55.00,24-07-14,28.203831166666667°„N,104.8094295°„E,918.2,0.005,
11:59:56.00,24-07-14,28.203831°„N,104.80942916666666°„E,918.2,0.015,
11:59:57.00,24-07-14,28.203831°„N,104.809429°„E,918.2,0.021,
11:59:58.00,24-07-14,28.203830833333335°„N,104.80942883333333°„E,918.2,0.021,
11:59:59.00,24-07-14,28.203830833333335°„N,104.80942866666666°„E,918.3,0.017,
12:00:00.00,24-07-14,28.203831°„N,104.8094285°„E,918.3,0.026,
12:00:01.00,24-07-14,28.203831°„N,104.8094285°„E,918.3,0.009,
12:00:02.00,24-07-14,28.203831°„N,104.8094285°„E,918.3,0.016,
12:00:03.00,24-07-14,28.203831°„N,104.80942866666666°„E,918.3,0.045,
12:00:04.00,24-07-14,28.203831°„N,104.80942866666666°„E,918.3,0.030,
12:00:05.00,24-07-14,28.203831°„N,104.80942866666666°„E,918.3,0.010,
12:00:06.00,24-07-14,28.203831°„N,104.80942883333333°„E,918.3,0.040,
12:00:07.00,24-07-14,28.203831°„N,104.809429°„E,918.2,0.029,
12:00:08.00,24-07-14,28.203831°„N,104.80942916666666°„E,918.2,0.011,
12:00:09.00,24-07-14,28.203831°„N,104.80942966666667°„E,918.2,0.170,
12:00:10.00,24-07-14,28.203831°„N,104.80942983333334°„E,918.2,0.017,
12:00:11.00,24-07-14,28.203831°„N,104.80943°„E,918.1,0.034,
12:00:12.00,24-07-14,28.203831°„N,104.80943016666667°„E,918.1,0.028,
12:00:13.00,24-07-14,28.203831°„N,104.80943033333334°„E,918.1,0.030,
12:00:14.00,24-07-14,28.203830833333335°„N,104.80943033333334°„E,918.1,0.040,
12:00:15.00,24-07-14,28.203830833333335°„N,104.8094305°„E,918.1,0.034,
12:00:16.00,24-07-14,28.203830666666665°„N,104.80943066666667°„E,918.1,0.028,
12:00:17.00,24-07-14,28.203830666666665°„N,104.80943083333334°„E,918.1,0.011,
12:00:18.00,24-07-14,28.203830666666665°„N,104.80943083333334°„E,918.0,0.057,
12:00:19.00,24-07-14,28.203830666666665°„N,104.809431°„E,918.0,0.035,
12:00:20.00,24-07-14,28.2038305°„N,104.80943116666667°„E,918.0,0.004,
12:00:21.00,24-07-14,28.2038305°„N,104.80943133333334°„E,918.0,0.015,
12:00:22.00,24-07-14,28.2038305°„N,104.80943133333334°„E,918.0,0.025,
12:00:23.00,24-07-14,28.2038305°„N,104.8094315°„E,918.0,0.006,
12:00:24.00,24-07-14,28.2038305°„N,104.80943166666667°„E,917.9,0.016,
12:00:25.00,24-07-14,28.2038305°„N,104.80943183333333°„E,918.0,0.032,
12:00:26.00,24-07-14,28.2038305°„N,104.809432°„E,918.0,0.025,
12:00:27.00,24-07-14,28.203830666666665°„N,104.80943216666667°„E,918.0,0.006,
12:00:28.00,24-07-14,28.203830833333335°„N,104.80943233333333°„E,918.0,0.023,
12:00:29.00,24-07-14,28.203830833333335°„N,104.8094325°„E,918.0,0.014,
12:00:30.00,24-07-14,28.203831°„N,104.80943266666667°„E,918.0,0.035,
12:00:31.00,24-07-14,28.203831166666667°„N,104.80943283333333°„E,918.0,0.015,
12:00:32.00,24-07-14,28.203831333333333°„N,104.809433°„E,918.1,0.039,
12:00:33.00,24-07-14,28.2038315°„N,104.80943316666666°„E,918.1,0.021,
12:00:34.00,24-07-14,28.203831666666666°„N,104.8094335°„E,918.2,0.027,
12:00:35.00,24-07-14,28.203831833333332°„N,104.8094335°„E,918.2,0.018,
12:00:36.00,24-07-14,28.203832°„N,104.80943366666666°„E,918.3,0.023,
12:00:37.00,24-07-14,28.20383216666667°„N,104.80943383333333°„E,918.3,0.021,
12:00:38.00,24-07-14,28.203832333333335°„N,104.80943383333333°„E,918.3,0.016,
12:00:39.00,24-07-14,28.203832666666667°„N,104.809434°„E,918.4,0.019,
12:00:40.00,24-07-14,28.203832833333333°„N,104.80943416666666°„E,918.4,0.015,
12:00:41.00,24-07-14,28.203833°„N,104.80943416666666°„E,918.4,0.023,
12:00:42.00,24-07-14,28.203833166666666°„N,104.80943433333333°„E,918.4,0.028,
12:00:43.00,24-07-14,28.203833333333332°„N,104.80943433333333°„E,918.4,0.020,
12:00:44.00,24-07-14,28.203833666666668°„N,104.8094345°„E,918.4,0.016,
12:00:45.00,24-07-14,28.203833833333334°„N,104.8094345°„E,918.3,0.022,
12:00:46.00,24-07-14,28.203834°„N,104.8094345°„E,918.3,0.014,
12:00:47.00,24-07-14,28.203834166666667°„N,104.8094345°„E,918.3,0.029,
12:00:48.00,24-07-14,28.203834333333333°„N,104.8094345°„E,918.3,0.016,
12:00:49.00,24-07-14,28.203834333333333°„N,104.8094345°„E,918.3,0.013,
12:00:50.00,24-07-14,28.2038345°„N,104.8094345°„E,918.3,0.021,
12:00:51.00,24-07-14,28.2038345°„N,104.80943433333333°„E,918.3,0.015,
12:00:52.00,24-07-14,28.2038345°„N,104.80943433333333°„E,918.3,0.005,
12:00:53.00,24-07-14,28.2038345°„N,104.80943416666666°„E,918.3,0.044,
12:00:54.00,24-07-14,28.2038345°„N,104.80943416666666°„E,918.3,0.044,
12:00:55.00,24-07-14,28.2038345°„N,104.809434°„E,918.3,0.012,
12:00:56.00,24-07-14,28.203834333333333°„N,104.80943383333333°„E,918.3,0.011,
12:00:57.00,24-07-14,28.203834166666667°„N,104.80943366666666°„E,918.3,0.009,
12:00:58.00,24-07-14,28.203834166666667°„N,104.8094335°„E,918.3,0.010,
12:00:59.00,24-07-14,28.203834°„N,104.80943333333333°„E,918.3,0.018,
12:01:00.00,24-07-14,28.203833833333334°„N,104.80943316666666°„E,918.3,0.037,
12:01:01.00,24-07-14,28.203833500000002°„N,104.809433°„E,918.4,0.023,
12:01:02.00,24-07-14,28.203833333333332°„N,104.80943283333333°„E,918.4,0.025,
12:01:03.00,24-07-14,28.203833°„N,104.80943266666667°„E,918.4,0.020,
12:01:04.00,24-07-14,28.203833°„N,104.80943266666667°„E,918.4,0.006,
12:01:05.00,24-07-14,28.203832833333333°„N,104.8094325°„E,918.4,0.019,
12:01:06.00,24-07-14,28.203832833333333°„N,104.8094325°„E,918.4,0.071,
12:01:07.00,24-07-14,28.203832833333333°„N,104.8094325°„E,918.3,0.007,
12:01:08.00,24-07-14,28.203832666666667°„N,104.8094325°„E,918.3,0.020,
12:01:09.00,24-07-14,28.203832666666667°„N,104.8094325°„E,918.3,0.028,
12:01:10.00,24-07-14,28.203832666666667°„N,104.8094325°„E,918.2,0.014,
12:01:11.00,24-07-14,28.203832666666667°„N,104.80943233333333°„E,918.2,0.029,
12:01:12.00,24-07-14,28.203832833333333°„N,104.80943233333333°„E,918.2,0.008,
12:01:13.00,24-07-14,28.203832833333333°„N,104.80943233333333°„E,918.1,0.021,
12:01:14.00,24-07-14,28.203832833333333°„N,104.80943233333333°„E,918.1,0.028,
12:01:15.00,24-07-14,28.203832666666667°„N,104.80943233333333°„E,918.2,0.008,
12:01:16.00,24-07-14,28.203832666666667°„N,104.80943216666667°„E,918.2,0.036,
12:01:17.00,24-07-14,28.203832833333333°„N,104.80943216666667°„E,918.2,0.016,
12:01:18.00,24-07-14,28.203832833333333°„N,104.80943216666667°„E,918.3,0.032,
12:01:19.00,24-07-14,28.203832833333333°„N,104.80943216666667°„E,918.3,0.032,
12:01:20.00,24-07-14,28.203832833333333°„N,104.80943216666667°„E,918.3,0.022,
12:01:21.00,24-07-14,28.203832666666667°„N,104.80943216666667°„E,918.3,0.017,
12:01:22.00,24-07-14,28.2038325°„N,104.80943216666667°„E,918.4,0.032,
12:01:23.00,24-07-14,28.203832333333335°„N,104.80943216666667°„E,918.4,0.016,
12:01:24.00,24-07-14,28.203832°„N,104.809432°„E,918.4,0.014,
12:01:25.00,24-07-14,28.203831833333332°„N,104.809432°„E,918.4,0.014,
12:01:26.00,24-07-14,28.2038315°„N,104.809432°„E,918.4,0.022,
12:01:27.00,24-07-14,28.203831333333333°„N,104.80943183333333°„E,918.4,0.007,
12:01:28.00,24-07-14,28.203831166666667°„N,104.80943183333333°„E,918.5,0.024,
12:01:29.00,24-07-14,28.203831°„N,104.80943166666667°„E,918.5,0.011,
12:01:30.00,24-07-14,28.203830666666665°„N,104.80943166666667°„E,918.4,0.019,
12:01:31.00,24-07-14,28.2038305°„N,104.8094315°„E,918.4,0.011,
12:01:32.00,24-07-14,28.203830166666666°„N,104.8094315°„E,918.4,0.037,
12:01:33.00,24-07-14,28.203829833333334°„N,104.80943133333334°„E,918.3,0.010,
12:01:34.00,24-07-14,28.203829666666667°„N,104.80943133333334°„E,918.3,0.029,
12:01:35.00,24-07-14,28.2038295°„N,104.80943133333334°„E,918.3,0.011,
12:01:36.00,24-07-14,28.203829333333335°„N,104.80943116666667°„E,918.2,0.032,
12:01:37.00,24-07-14,28.203829333333335°„N,104.809431°„E,918.2,0.015,
12:01:38.00,24-07-14,28.203829166666665°„N,104.809431°„E,918.2,0.020,
12:01:39.00,24-07-14,28.203829°„N,104.809431°„E,918.2,0.035,
12:01:40.00,24-07-14,28.203829°„N,104.80943116666667°„E,918.2,0.014,
12:01:41.00,24-07-14,28.203828833333333°„N,104.80943116666667°„E,918.2,0.017,
12:01:42.00,24-07-14,28.203828833333333°„N,104.80943116666667°„E,918.2,0.037,
12:01:43.00,24-07-14,28.203828666666666°„N,104.80943116666667°„E,918.2,0.027,
12:01:44.00,24-07-14,28.203828666666666°„N,104.80943133333334°„E,918.1,0.037,
12:01:45.00,24-07-14,28.203828666666666°„N,104.8094315°„E,918.1,0.022,
12:01:46.00,24-07-14,28.203828666666666°„N,104.8094315°„E,918.1,0.010,
12:01:47.00,24-07-14,28.203828833333333°„N,104.8094315°„E,918.1,0.019,
12:01:48.00,24-07-14,28.203828833333333°„N,104.8094315°„E,918.1,0.022,
12:01:49.00,24-07-14,28.203829°„N,104.80943133333334°„E,918.1,0.029,
12:01:50.00,24-07-14,28.203829166666665°„N,104.80943116666667°„E,918.0,0.039,
12:01:51.00,24-07-14,28.203829333333335°„N,104.80943116666667°„E,918.0,0.038,
12:01:52.00,24-07-14,28.203829333333335°„N,104.80943116666667°„E,918.0,0.019,
12:01:53.00,24-07-14,28.2038295°„N,104.80943116666667°„E,917.9,0.018,
12:01:54.00,24-07-14,28.203829666666667°„N,104.80943116666667°„E,917.9,0.031,
12:01:55.00,24-07-14,28.203829833333334°„N,104.80943116666667°„E,917.8,0.023,
12:01:56.00,24-07-14,28.203829833333334°„N,104.80943116666667°„E,917.7,0.012,
12:01:57.00,24-07-14,28.20383°„N,104.809431°„E,917.7,0.020,
12:01:58.00,24-07-14,28.203830166666666°„N,104.80943083333334°„E,917.6,0.010,
12:01:59.00,24-07-14,28.203830333333332°„N,104.80943083333334°„E,917.5,0.021,
12:02:00.00,24-07-14,28.2038305°„N,104.80943066666667°„E,917.5,0.023,
12:02:01.00,24-07-14,28.203830666666665°„N,104.80943066666667°„E,917.5,0.038,
12:02:02.00,24-07-14,28.203831°„N,104.8094305°„E,917.5,0.027,
12:02:03.00,24-07-14,28.203831166666667°„N,104.8094305°„E,917.4,0.020,
12:02:04.00,24-07-14,28.2038315°„N,104.80943033333334°„E,917.4,0.011,
12:02:05.00,24-07-14,28.203831833333332°„N,104.80943033333334°„E,917.5,0.029,
12:02:06.00,24-07-14,28.203832°„N,104.80943016666667°„E,917.4,0.026,
12:02:07.00,24-07-14,28.203832333333335°„N,104.80943016666667°„E,917.4,0.021,
12:02:08.00,24-07-14,28.2038325°„N,104.80943016666667°„E,917.4,0.008,
12:02:09.00,24-07-14,28.203832666666667°„N,104.80943033333334°„E,917.5,0.022,
12:02:10.00,24-07-14,28.203832833333333°„N,104.8094305°„E,917.5,0.016,
12:02:11.00,24-07-14,28.203833166666666°„N,104.80943066666667°„E,917.5,0.020,
12:02:12.00,24-07-14,28.203833333333332°„N,104.80943066666667°„E,917.6,0.029,
12:02:13.00,24-07-14,28.203833500000002°„N,104.80943083333334°„E,917.6,0.032,
12:02:14.00,24-07-14,28.203833500000002°„N,104.80943083333334°„E,917.6,0.018,
12:02:15.00,24-07-14,28.203833500000002°„N,104.80943083333334°„E,917.6,0.021,
12:02:16.00,24-07-14,28.203833500000002°„N,104.80943083333334°„E,917.7,0.022,
12:02:17.00,24-07-14,28.203833500000002°„N,104.80943083333334°„E,917.7,0.029,
12:02:18.00,24-07-14,28.203833333333332°„N,104.809431°„E,917.7,0.023,
12:02:19.00,24-07-14,28.203833166666666°„N,104.80943116666667°„E,917.7,0.030,
12:02:20.00,24-07-14,28.203833°„N,104.80943116666667°„E,917.7,0.033,
12:02:21.00,24-07-14,28.203832833333333°„N,104.80943133333334°„E,917.7,0.024,
12:02:22.00,24-07-14,28.203832666666667°„N,104.8094315°„E,917.8,0.007,
12:02:23.00,24-07-14,28.2038325°„N,104.80943166666667°„E,917.8,0.010,
12:02:24.00,24-07-14,28.203832333333335°„N,104.80943183333333°„E,917.8,0.029,
12:02:25.00,24-07-14,28.203832°„N,104.809432°„E,917.9,0.005,
12:02:26.00,24-07-14,28.203832°„N,104.80943216666667°„E,917.9,0.010,
12:02:27.00,24-07-14,28.203831833333332°„N,104.80943233333333°„E,917.9,0.017,
12:02:28.00,24-07-14,28.203831666666666°„N,104.8094325°„E,917.9,0.024,
12:02:29.00,24-07-14,28.2038315°„N,104.8094325°„E,918.0,0.027,
12:02:30.00,24-07-14,28.203831166666667°„N,104.80943266666667°„E,918.0,0.031,
12:02:31.00,24-07-14,28.203831°„N,104.80943283333333°„E,918.0,0.038,
12:02:32.00,24-07-14,28.203830666666665°„N,104.809433°„E,918.0,0.044,
12:02:33.00,24-07-14,28.203830333333332°„N,104.809433°„E,918.0,0.019,
12:02:34.00,24-07-14,28.203830166666666°„N,104.809433°„E,918.0,0.040,
12:02:35.00,24-07-14,28.20383°„N,104.809433°„E,918.0,0.029,
12:02:36.00,24-07-14,28.203829666666667°„N,104.80943283333333°„E,918.0,0.034,
12:02:37.00,24-07-14,28.2038295°„N,104.80943283333333°„E,918.1,0.035,
12:02:38.00,24-07-14,28.2038295°„N,104.80943266666667°„E,918.1,0.034,
12:02:39.00,24-07-14,28.203829333333335°„N,104.80943233333333°„E,918.1,0.026,
12:02:40.00,24-07-14,28.203829333333335°„N,104.80943216666667°„E,918.1,0.035,
12:02:41.00,24-07-14,28.203829333333335°„N,104.809432°„E,918.1,0.032,
12:02:42.00,24-07-14,28.203829333333335°„N,104.80943183333333°„E,918.1,0.045,
12:02:43.00,24-07-14,28.203829333333335°„N,104.80943166666667°„E,918.1,0.025,
12:02:44.00,24-07-14,28.203829166666665°„N,104.8094315°„E,918.1,0.006,
12:02:45.00,24-07-14,28.203829°„N,104.80943116666667°„E,918.1,0.002,
12:02:46.00,24-07-14,28.203829°„N,104.80943083333334°„E,918.1,0.046,
12:02:47.00,24-07-14,28.203828833333333°„N,104.80943066666667°„E,918.1,0.014,
12:02:48.00,24-07-14,28.203828833333333°„N,104.8094305°„E,918.1,0.022,
12:02:49.00,24-07-14,28.203828833333333°„N,104.80943016666667°„E,918.2,0.016,
12:02:50.00,24-07-14,28.203828666666666°„N,104.80943°„E,918.2,0.018,
12:02:51.00,24-07-14,28.203828666666666°„N,104.80942983333334°„E,918.3,0.024,
12:02:52.00,24-07-14,28.203828666666666°„N,104.80942966666667°„E,918.3,0.019,
12:02:53.00,24-07-14,28.2038285°„N,104.8094295°„E,918.3,0.018,
12:02:54.00,24-07-14,28.2038285°„N,104.8094295°„E,918.3,0.046,
12:02:55.00,24-07-14,28.2038285°„N,104.80942933333333°„E,918.4,0.025,
12:02:56.00,24-07-14,28.203828333333334°„N,104.80942933333333°„E,918.4,0.023,
12:02:57.00,24-07-14,28.203828166666668°„N,104.80942933333333°„E,918.4,0.013,
12:02:58.00,24-07-14,28.203828166666668°„N,104.80942916666666°„E,918.4,0.028,
12:02:59.00,24-07-14,28.203828166666668°„N,104.80942916666666°„E,918.4,0.021,
12:03:00.00,24-07-14,28.203828°„N,104.809429°„E,918.4,0.029,
12:03:01.00,24-07-14,28.203828°„N,104.80942883333333°„E,918.4,0.033,
12:03:02.00,24-07-14,28.203828°„N,104.80942866666666°„E,918.4,0.027,
12:03:03.00,24-07-14,28.203828°„N,104.80942833333333°„E,918.4,0.053,
12:03:04.00,24-07-14,28.20382783333333°„N,104.809428°„E,918.4,0.010,
12:03:05.00,24-07-14,28.203827666666665°„N,104.80942766666666°„E,918.4,0.011,
12:03:06.00,24-07-14,28.2038275°„N,104.8094275°„E,918.4,0.046,
12:03:07.00,24-07-14,28.2038275°„N,104.80942716666667°„E,918.4,0.022,
12:03:08.00,24-07-14,28.203827166666667°„N,104.809427°„E,918.4,0.016,
12:03:09.00,24-07-14,28.203827°„N,104.80942666666667°„E,918.3,0.022,
12:03:10.00,24-07-14,28.203826833333334°„N,104.8094265°„E,918.3,0.012,
12:03:11.00,24-07-14,28.2038265°„N,104.8094265°„E,918.4,0.020,
12:03:12.00,24-07-14,28.203826333333332°„N,104.8094265°„E,918.4,0.049,
12:03:13.00,24-07-14,28.203826333333332°„N,104.8094265°„E,918.4,0.013,
12:03:14.00,24-07-14,28.203826166666666°„N,104.8094265°„E,918.5,0.010,
12:03:15.00,24-07-14,28.203826°„N,104.80942666666667°„E,918.5,0.017,
12:03:16.00,24-07-14,28.203825833333333°„N,104.80942666666667°„E,918.5,0.009,
12:03:17.00,24-07-14,28.203825833333333°„N,104.80942683333333°„E,918.6,0.059,
12:03:18.00,24-07-14,28.203825833333333°„N,104.80942683333333°„E,918.6,0.017,
12:03:19.00,24-07-14,28.203825833333333°„N,104.809427°„E,918.6,0.018,
12:03:20.00,24-07-14,28.203825666666667°„N,104.809427°„E,918.6,0.050,
12:03:21.00,24-07-14,28.203825666666667°„N,104.809427°„E,918.6,0.032,
12:03:22.00,24-07-14,28.203825666666667°„N,104.80942716666667°„E,918.6,0.024,
12:03:23.00,24-07-14,28.203825666666667°„N,104.809427°„E,918.6,0.008,
12:03:24.00,24-07-14,28.2038255°„N,104.809427°„E,918.6,0.020,
12:03:25.00,24-07-14,28.2038255°„N,104.80942683333333°„E,918.6,0.008,
12:03:26.00,24-07-14,28.203825333333334°„N,104.80942683333333°„E,918.5,0.005,
12:03:27.00,24-07-14,28.203825333333334°„N,104.80942666666667°„E,918.5,0.003,
12:03:28.00,24-07-14,28.203825333333334°„N,104.80942666666667°„E,918.5,0.008,
12:03:29.00,24-07-14,28.203825333333334°„N,104.80942666666667°„E,918.5,0.022,
12:03:30.00,24-07-14,28.203825166666668°„N,104.80942683333333°„E,918.5,0.021,
12:03:31.00,24-07-14,28.203825166666668°„N,104.809427°„E,918.5,0.017,
12:03:32.00,24-07-14,28.203825°„N,104.80942716666667°„E,918.6,0.023,
12:03:33.00,24-07-14,28.203825°„N,104.80942733333333°„E,918.6,0.029,
12:03:34.00,24-07-14,28.203825°„N,104.8094275°„E,918.6,0.033,
12:03:35.00,24-07-14,28.203825°„N,104.80942766666666°„E,918.7,0.007,
12:03:36.00,24-07-14,28.203825166666668°„N,104.80942783333333°„E,918.7,0.037,
12:03:37.00,24-07-14,28.203825333333334°„N,104.80942816666666°„E,918.8,0.020,
12:03:38.00,24-07-14,28.2038255°„N,104.80942833333333°„E,918.8,0.029,
12:03:39.00,24-07-14,28.203825833333333°„N,104.8094285°„E,918.9,0.020,
12:03:40.00,24-07-14,28.203826°„N,104.80942866666666°„E,918.9,0.008,
12:03:41.00,24-07-14,28.203826166666666°„N,104.80942883333333°„E,918.9,0.025,
12:03:42.00,24-07-14,28.203826333333332°„N,104.80942883333333°„E,919.0,0.019,
12:03:43.00,24-07-14,28.2038265°„N,104.809429°„E,919.0,0.019,
12:03:44.00,24-07-14,28.203826666666668°„N,104.80942916666666°„E,919.0,0.020,
12:03:45.00,24-07-14,28.203826833333334°„N,104.80942933333333°„E,919.0,0.021,
12:03:46.00,24-07-14,28.203827°„N,104.80942933333333°„E,919.1,0.024,
12:03:47.00,24-07-14,28.203827166666667°„N,104.8094295°„E,919.1,0.028,
12:03:48.00,24-07-14,28.2038275°„N,104.8094295°„E,919.1,0.033,
12:03:49.00,24-07-14,28.203827666666665°„N,104.8094295°„E,919.1,0.014,
12:03:50.00,24-07-14,28.20382783333333°„N,104.8094295°„E,919.1,0.018,
12:03:51.00,24-07-14,28.203828°„N,104.8094295°„E,919.1,0.019,
12:03:52.00,24-07-14,28.203828166666668°„N,104.80942966666667°„E,919.1,0.013,
12:03:53.00,24-07-14,28.203828166666668°„N,104.80942983333334°„E,919.2,0.006,
12:03:54.00,24-07-14,28.203828333333334°„N,104.80942983333334°„E,919.2,0.023,
12:03:55.00,24-07-14,28.203828333333334°„N,104.80943°„E,919.2,0.020,
12:03:56.00,24-07-14,28.2038285°„N,104.80942983333334°„E,919.2,0.004,
12:03:57.00,24-07-14,28.2038285°„N,104.80942983333334°„E,919.1,0.007,
12:03:58.00,24-07-14,28.203828666666666°„N,104.80942966666667°„E,919.1,0.011,
12:03:59.00,24-07-14,28.203828666666666°„N,104.8094295°„E,919.1,0.023,
12:04:00.00,24-07-14,28.203828833333333°„N,104.80942933333333°„E,919.0,0.034,
12:04:01.00,24-07-14,28.203829°„N,104.809429°„E,919.0,0.033,
12:04:02.00,24-07-14,28.203829166666665°„N,104.80942883333333°„E,918.9,0.024,
12:04:03.00,24-07-14,28.2038295°„N,104.8094285°„E,918.9,0.019,
12:04:04.00,24-07-14,28.203829666666667°„N,104.80942816666666°„E,918.8,0.015,
12:04:05.00,24-07-14,28.20383°„N,104.80942783333333°„E,918.7,0.018,
12:04:06.00,24-07-14,28.203830166666666°„N,104.8094275°„E,918.7,0.027,
12:04:07.00,24-07-14,28.203830333333332°„N,104.80942733333333°„E,918.6,0.010,
12:04:08.00,24-07-14,28.203830333333332°„N,104.80942716666667°„E,918.6,0.019,
12:04:09.00,24-07-14,28.203830333333332°„N,104.809427°„E,918.6,0.021,
12:04:10.00,24-07-14,28.2038305°„N,104.809427°„E,918.6,0.022,
12:04:11.00,24-07-14,28.2038305°„N,104.809427°„E,918.6,0.013,
12:04:12.00,24-07-14,28.2038305°„N,104.809427°„E,918.6,0.031,
12:04:13.00,24-07-14,28.203830666666665°„N,104.80942716666667°„E,918.7,0.027,
12:04:14.00,24-07-14,28.2038305°„N,104.80942716666667°„E,918.7,0.014,
12:04:15.00,24-07-14,28.203830333333332°„N,104.80942716666667°„E,918.7,0.022,
12:04:16.00,24-07-14,28.203830166666666°„N,104.80942716666667°„E,918.6,0.005,
12:04:17.00,24-07-14,28.20383°„N,104.80942733333333°„E,918.6,0.025,
12:04:18.00,24-07-14,28.203829833333334°„N,104.80942733333333°„E,918.6,0.004,
12:04:19.00,24-07-14,28.2038295°„N,104.80942733333333°„E,918.6,0.021,
12:04:20.00,24-07-14,28.203829333333335°„N,104.809427°„E,918.6,0.017,
12:04:21.00,24-07-14,28.203829166666665°„N,104.809427°„E,918.5,0.026,
12:04:22.00,24-07-14,28.203829°„N,104.80942666666667°„E,918.5,0.049,
12:04:23.00,24-07-14,28.203828833333333°„N,104.8094265°„E,918.5,0.010,
12:04:24.00,24-07-14,28.203828666666666°„N,104.80942616666667°„E,918.5,0.039,
12:04:25.00,24-07-14,28.203828666666666°„N,104.80942616666667°„E,918.5,0.023,
12:04:26.00,24-07-14,28.203828666666666°„N,104.809426°„E,918.5,0.039,
12:04:27.00,24-07-14,28.203828666666666°„N,104.809426°„E,918.5,0.030,
12:04:28.00,24-07-14,28.2038285°„N,104.80942583333334°„E,918.4,0.019,
12:04:29.00,24-07-14,28.2038285°„N,104.80942566666667°„E,918.4,0.023,
12:04:30.00,24-07-14,28.203828333333334°„N,104.80942566666667°„E,918.4,0.017,
12:04:31.00,24-07-14,28.203828°„N,104.8094255°„E,918.4,0.009,
12:04:32.00,24-07-14,28.20382783333333°„N,104.80942533333334°„E,918.4,0.023,
12:04:33.00,24-07-14,28.2038275°„N,104.80942533333334°„E,918.4,0.015,
12:04:34.00,24-07-14,28.203827333333333°„N,104.80942516666667°„E,918.3,0.022,
12:04:35.00,24-07-14,28.203827166666667°„N,104.80942516666667°„E,918.3,0.011,
12:04:36.00,24-07-14,28.203827°„N,104.80942516666667°„E,918.3,0.046,
12:04:37.00,24-07-14,28.203826833333334°„N,104.80942533333334°„E,918.3,0.011,
12:04:38.00,24-07-14,28.203826666666668°„N,104.80942533333334°„E,918.3,0.002,
12:04:39.00,24-07-14,28.2038265°„N,104.8094255°„E,918.3,0.013,
12:04:40.00,24-07-14,28.2038265°„N,104.8094255°„E,918.3,0.002,
12:04:41.00,24-07-14,28.203826333333332°„N,104.80942566666667°„E,918.3,0.018,
12:04:42.00,24-07-14,28.203826333333332°„N,104.80942583333334°„E,918.3,0.005,
12:04:43.00,24-07-14,28.203826166666666°„N,104.80942583333334°„E,918.3,0.007,
12:04:44.00,24-07-14,28.203826166666666°„N,104.80942583333334°„E,918.3,0.014,
12:04:45.00,24-07-14,28.203826166666666°„N,104.809426°„E,918.3,0.014,
12:04:46.00,24-07-14,28.203826°„N,104.809426°„E,918.3,0.013,
12:04:47.00,24-07-14,28.203826°„N,104.80942583333334°„E,918.3,0.028,
12:04:48.00,24-07-14,28.203825833333333°„N,104.80942583333334°„E,918.4,0.038,
12:04:49.00,24-07-14,28.203826°„N,104.80942583333334°„E,918.4,0.028,
12:04:50.00,24-07-14,28.203826°„N,104.80942566666667°„E,918.4,0.022,
12:04:51.00,24-07-14,28.203826°„N,104.80942566666667°„E,918.5,0.021,
12:04:52.00,24-07-14,28.203826°„N,104.80942566666667°„E,918.5,0.022,
12:04:53.00,24-07-14,28.203826°„N,104.80942566666667°„E,918.5,0.037,
12:04:54.00,24-07-14,28.203826166666666°„N,104.80942566666667°„E,918.5,0.031,
12:04:55.00,24-07-14,28.203826333333332°„N,104.80942566666667°„E,918.6,0.030,
12:04:56.00,24-07-14,28.203826333333332°„N,104.80942566666667°„E,918.6,0.032,
12:04:57.00,24-07-14,28.2038265°„N,104.80942583333334°„E,918.6,0.021,
12:04:58.00,24-07-14,28.2038265°„N,104.80942583333334°„E,918.6,0.034,
12:04:59.00,24-07-14,28.203826666666668°„N,104.809426°„E,918.6,0.046,
12:05:00.00,24-07-14,28.203826833333334°„N,104.80942616666667°„E,918.6,0.018,
12:05:01.00,24-07-14,28.203827166666667°„N,104.80942633333333°„E,918.6,0.040,
12:05:02.00,24-07-14,28.2038275°„N,104.8094265°„E,918.6,0.046,
12:05:03.00,24-07-14,28.20382783333333°„N,104.8094265°„E,918.6,0.042,
12:05:04.00,24-07-14,28.203828166666668°„N,104.8094265°„E,918.6,0.034,
12:05:05.00,24-07-14,28.2038285°„N,104.8094265°„E,918.6,0.029,
12:05:06.00,24-07-14,28.203828833333333°„N,104.80942633333333°„E,918.5,0.028,
12:05:07.00,24-07-14,28.203829°„N,104.80942633333333°„E,918.5,0.027,
12:05:08.00,24-07-14,28.203829166666665°„N,104.80942633333333°„E,918.5,0.017,
12:05:09.00,24-07-14,28.2038295°„N,104.80942633333333°„E,918.5,0.026,
12:05:10.00,24-07-14,28.203829666666667°„N,104.80942633333333°„E,918.5,0.020,
12:05:11.00,24-07-14,28.20383°„N,104.8094265°„E,918.4,0.029,
12:05:12.00,24-07-14,28.203830166666666°„N,104.8094265°„E,918.4,0.015,
12:05:13.00,24-07-14,28.2038305°„N,104.80942666666667°„E,918.4,0.035,
12:05:14.00,24-07-14,28.203831°„N,104.80942666666667°„E,918.4,0.048,
12:05:15.00,24-07-14,28.203831333333333°„N,104.80942666666667°„E,918.4,0.038,
12:05:16.00,24-07-14,28.2038315°„N,104.80942666666667°„E,918.4,0.028,
12:05:17.00,24-07-14,28.203831833333332°„N,104.80942666666667°„E,918.3,0.043,
12:05:18.00,24-07-14,28.203832°„N,104.80942666666667°„E,918.3,0.025,
12:05:19.00,24-07-14,28.20383216666667°„N,104.80942666666667°„E,918.3,0.024,
12:05:20.00,24-07-14,28.20383216666667°„N,104.80942666666667°„E,918.3,0.017,
12:05:21.00,24-07-14,28.203832333333335°„N,104.80942666666667°„E,918.3,0.016,
12:05:22.00,24-07-14,28.2038325°„N,104.80942666666667°„E,918.3,0.022,
12:05:23.00,24-07-14,28.2038325°„N,104.80942666666667°„E,918.3,0.039,
12:05:24.00,24-07-14,28.203832666666667°„N,104.8094265°„E,918.2,0.024,
12:05:25.00,24-07-14,28.203832666666667°„N,104.8094265°„E,918.2,0.038,
12:05:26.00,24-07-14,28.203832666666667°„N,104.8094265°„E,918.2,0.050,
12:05:27.00,24-07-14,28.203832666666667°„N,104.8094265°„E,918.1,0.046,
12:05:28.00,24-07-14,28.203832833333333°„N,104.8094265°„E,918.1,0.030,
12:05:29.00,24-07-14,28.203832833333333°„N,104.8094265°„E,918.1,0.030,
12:05:30.00,24-07-14,28.203832833333333°„N,104.8094265°„E,918.0,0.041,
12:05:31.00,24-07-14,28.203832666666667°„N,104.80942633333333°„E,918.0,0.041,
12:05:32.00,24-07-14,28.203832666666667°„N,104.8094265°„E,918.0,0.017,
12:05:33.00,24-07-14,28.203832666666667°„N,104.8094265°„E,918.0,0.030,
12:05:34.00,24-07-14,28.2038325°„N,104.8094265°„E,918.0,0.019,
12:05:35.00,24-07-14,28.2038325°„N,104.80942633333333°„E,918.0,0.012,
12:05:36.00,24-07-14,28.2038325°„N,104.80942633333333°„E,918.0,0.035,
12:05:37.00,24-07-14,28.2038325°„N,104.80942633333333°„E,918.0,0.024,
12:05:38.00,24-07-14,28.203832333333335°„N,104.80942633333333°„E,918.0,0.022,
12:05:39.00,24-07-14,28.203832333333335°„N,104.80942633333333°„E,918.0,0.053,
12:05:40.00,24-07-14,28.20383216666667°„N,104.8094265°„E,918.0,0.049,
12:05:41.00,24-07-14,28.20383216666667°„N,104.8094265°„E,917.9,0.012,
12:05:42.00,24-07-14,28.203832°„N,104.8094265°„E,917.9,0.000,
12:05:43.00,24-07-14,28.203832°„N,104.8094265°„E,917.9,0.015,
12:05:44.00,24-07-14,28.203831833333332°„N,104.80942666666667°„E,917.9,0.002,
12:05:45.00,24-07-14,28.203831666666666°„N,104.80942666666667°„E,917.9,0.013,
12:05:46.00,24-07-14,28.203831333333333°„N,104.80942666666667°„E,917.9,0.011,
12:05:47.00,24-07-14,28.203831166666667°„N,104.80942683333333°„E,917.9,0.030,
12:05:48.00,24-07-14,28.203831°„N,104.809427°„E,918.0,0.029,
12:05:49.00,24-07-14,28.203830666666665°„N,104.80942716666667°„E,918.0,0.004,
12:05:50.00,24-07-14,28.203830666666665°„N,104.8094275°„E,918.1,0.022,
12:05:51.00,24-07-14,28.2038305°„N,104.80942783333333°„E,918.2,0.027,
12:05:52.00,24-07-14,28.203830333333332°„N,104.80942816666666°„E,918.3,0.028,
12:05:53.00,24-07-14,28.203830333333332°„N,104.80942833333333°„E,918.3,0.030,
12:05:54.00,24-07-14,28.203830333333332°„N,104.80942866666666°„E,918.4,0.014,
12:05:55.00,24-07-14,28.203830166666666°„N,104.80942883333333°„E,918.4,0.032,
12:05:56.00,24-07-14,28.20383°„N,104.809429°„E,918.5,0.042,
12:05:57.00,24-07-14,28.203829833333334°„N,104.80942916666666°„E,918.5,0.029,
12:05:58.00,24-07-14,28.203829833333334°„N,104.80942916666666°„E,918.5,0.011,
12:05:59.00,24-07-14,28.203829666666667°„N,104.80942933333333°„E,918.6,0.019,
12:06:00.00,24-07-14,28.203829333333335°„N,104.80942933333333°„E,918.6,0.039,
12:06:01.00,24-07-14,28.203829166666665°„N,104.8094295°„E,918.6,0.036,
12:06:02.00,24-07-14,28.203829°„N,104.8094295°„E,918.7,0.020,
12:06:03.00,24-07-14,28.203828833333333°„N,104.80942933333333°„E,918.7,0.023,
12:06:04.00,24-07-14,28.203828666666666°„N,104.80942933333333°„E,918.7,0.032,
12:06:05.00,24-07-14,28.2038285°„N,104.80942916666666°„E,918.7,0.035,
12:06:06.00,24-07-14,28.2038285°„N,104.809429°„E,918.7,0.013,
12:06:07.00,24-07-14,28.203828333333334°„N,104.80942883333333°„E,918.7,0.020,
12:06:08.00,24-07-14,28.203828166666668°„N,104.80942866666666°„E,918.7,0.016,
12:06:09.00,24-07-14,28.203828°„N,104.8094285°„E,918.7,0.023,
12:06:10.00,24-07-14,28.20382783333333°„N,104.80942816666666°„E,918.7,0.040,
12:06:11.00,24-07-14,28.203827666666665°„N,104.80942783333333°„E,918.7,0.030,
12:06:12.00,24-07-14,28.203827666666665°„N,104.80942766666666°„E,918.6,0.027,
12:06:13.00,24-07-14,28.203827666666665°„N,104.8094275°„E,918.6,0.029,
12:06:14.00,24-07-14,28.20382783333333°„N,104.80942733333333°„E,918.6,0.033,
12:06:15.00,24-07-14,28.20382783333333°„N,104.80942716666667°„E,918.6,0.019,
12:06:16.00,24-07-14,28.20382783333333°„N,104.809427°„E,918.6,0.034,
12:06:17.00,24-07-14,28.203828°„N,104.80942683333333°„E,918.6,0.014,
12:06:18.00,24-07-14,28.203828°„N,104.80942666666667°„E,918.6,0.019,
12:06:19.00,24-07-14,28.203828°„N,104.80942633333333°„E,918.6,0.028,
12:06:20.00,24-07-14,28.203828°„N,104.80942616666667°„E,918.5,0.024,
12:06:21.00,24-07-14,28.20382783333333°„N,104.809426°„E,918.5,0.024,
12:06:22.00,24-07-14,28.20382783333333°„N,104.80942566666667°„E,918.5,0.024,
12:06:23.00,24-07-14,28.20382783333333°„N,104.80942566666667°„E,918.4,0.016,
12:06:24.00,24-07-14,28.20382783333333°„N,104.80942566666667°„E,918.4,0.012,
12:06:25.00,24-07-14,28.203828°„N,104.80942566666667°„E,918.4,0.021,
12:06:26.00,24-07-14,28.203828°„N,104.80942566666667°„E,918.4,0.005,
12:06:27.00,24-07-14,28.203828166666668°„N,104.8094255°„E,918.4,0.029,
12:06:28.00,24-07-14,28.203828166666668°„N,104.8094255°„E,918.4,0.027,
12:06:29.00,24-07-14,28.203828333333334°„N,104.80942566666667°„E,918.4,0.036,
12:06:30.00,24-07-14,28.2038285°„N,104.80942566666667°„E,918.4,0.019,
12:06:31.00,24-07-14,28.2038285°„N,104.80942566666667°„E,918.4,0.036,
12:06:32.00,24-07-14,28.203828666666666°„N,104.80942566666667°„E,918.3,0.018,
12:06:33.00,24-07-14,28.203828666666666°„N,104.80942583333334°„E,918.3,0.012,
12:06:34.00,24-07-14,28.203828833333333°„N,104.80942583333334°„E,918.2,0.014,
12:06:35.00,24-07-14,28.203829°„N,104.809426°„E,918.2,0.014,
12:06:36.00,24-07-14,28.203829166666665°„N,104.809426°„E,918.2,0.007,
12:06:37.00,24-07-14,28.203829333333335°„N,104.809426°„E,918.1,0.012,
12:06:38.00,24-07-14,28.2038295°„N,104.809426°„E,918.1,0.011,
12:06:39.00,24-07-14,28.203829666666667°„N,104.80942616666667°„E,918.1,0.024,
12:06:40.00,24-07-14,28.203829666666667°„N,104.80942616666667°„E,918.1,0.009,
12:06:41.00,24-07-14,28.203829833333334°„N,104.80942616666667°„E,918.1,0.017,
12:06:42.00,24-07-14,28.203829833333334°„N,104.80942616666667°„E,918.1,0.026,
12:06:43.00,24-07-14,28.203829833333334°„N,104.80942616666667°„E,918.1,0.007,
12:06:44.00,24-07-14,28.203829833333334°„N,104.80942616666667°„E,918.2,0.011,
12:06:45.00,24-07-14,28.203829833333334°„N,104.80942633333333°„E,918.2,0.028,
12:06:46.00,24-07-14,28.203829666666667°„N,104.80942633333333°„E,918.3,0.004,
12:06:47.00,24-07-14,28.203829666666667°„N,104.80942633333333°„E,918.3,0.008,
12:06:48.00,24-07-14,28.2038295°„N,104.80942633333333°„E,918.4,0.027,
12:06:49.00,24-07-14,28.203829333333335°„N,104.80942633333333°„E,918.4,0.003,
12:06:50.00,24-07-14,28.203829166666665°„N,104.80942633333333°„E,918.5,0.005,
12:06:51.00,24-07-14,28.203829°„N,104.80942633333333°„E,918.6,0.007,
12:06:52.00,24-07-14,28.203828833333333°„N,104.80942633333333°„E,918.6,0.026,
12:06:53.00,24-07-14,28.203828666666666°„N,104.80942633333333°„E,918.7,0.042,
12:06:54.00,24-07-14,28.2038285°„N,104.80942633333333°„E,918.8,0.022,
12:06:55.00,24-07-14,28.203828166666668°„N,104.80942633333333°„E,918.8,0.035,
12:06:56.00,24-07-14,28.20382783333333°„N,104.8094265°„E,918.9,0.043,
12:06:57.00,24-07-14,28.2038275°„N,104.8094265°„E,918.9,0.044,
12:06:58.00,24-07-14,28.203827333333333°„N,104.8094265°„E,919.0,0.017,
12:06:59.00,24-07-14,28.203827166666667°„N,104.8094265°„E,919.0,0.024,
12:07:00.00,24-07-14,28.203827166666667°„N,104.80942666666667°„E,919.0,0.044,
12:07:01.00,24-07-14,28.203827166666667°„N,104.8094265°„E,919.1,0.026,
12:07:02.00,24-07-14,28.203827166666667°„N,104.8094265°„E,919.1,0.014,
12:07:03.00,24-07-14,28.203827166666667°„N,104.80942633333333°„E,919.1,0.028,
12:07:04.00,24-07-14,28.203827166666667°„N,104.80942633333333°„E,919.2,0.024,
12:07:05.00,24-07-14,28.203827333333333°„N,104.80942633333333°„E,919.2,0.024,
12:07:06.00,24-07-14,28.2038275°„N,104.8094265°„E,919.3,0.011,
12:07:07.00,24-07-14,28.2038275°„N,104.8094265°„E,919.3,0.027,
12:07:08.00,24-07-14,28.203827666666665°„N,104.80942666666667°„E,919.4,0.045,
12:07:09.00,24-07-14,28.20382783333333°„N,104.80942683333333°„E,919.4,0.024,
12:07:10.00,24-07-14,28.20382783333333°„N,104.80942683333333°„E,919.5,0.016,
12:07:11.00,24-07-14,28.203827666666665°„N,104.809427°„E,919.6,0.016,
12:07:12.00,24-07-14,28.203827666666665°„N,104.80942716666667°„E,919.6,0.003,
12:07:13.00,24-07-14,28.20382783333333°„N,104.80942733333333°„E,919.6,0.008,
12:07:14.00,24-07-14,28.20382783333333°„N,104.8094275°„E,919.7,0.013,
12:07:15.00,24-07-14,28.203828°„N,104.80942766666666°„E,919.7,0.033,
12:07:16.00,24-07-14,28.203828°„N,104.80942783333333°„E,919.8,0.022,
12:07:17.00,24-07-14,28.203828166666668°„N,104.809428°„E,919.8,0.023,
12:07:18.00,24-07-14,28.203828333333334°„N,104.80942816666666°„E,919.8,0.009,
12:07:19.00,24-07-14,28.203828333333334°„N,104.8094285°„E,919.9,0.008,
12:07:20.00,24-07-14,28.2038285°„N,104.80942866666666°„E,919.9,0.031,
12:07:21.00,24-07-14,28.2038285°„N,104.80942883333333°„E,919.9,0.035,
12:07:22.00,24-07-14,28.2038285°„N,104.809429°„E,919.9,0.015,
12:07:23.00,24-07-14,28.203828666666666°„N,104.809429°„E,919.9,0.037,
12:07:24.00,24-07-14,28.203828833333333°„N,104.809429°„E,919.9,0.019,
12:07:25.00,24-07-14,28.203828833333333°„N,104.80942866666666°„E,919.9,0.016,
12:07:26.00,24-07-14,28.203828833333333°„N,104.8094285°„E,919.8,0.010,
12:07:27.00,24-07-14,28.203828833333333°„N,104.80942816666666°„E,919.8,0.032,
12:07:28.00,24-07-14,28.203828833333333°„N,104.809428°„E,919.8,0.031,
12:07:29.00,24-07-14,28.203829°„N,104.809428°„E,919.8,0.041,
12:07:30.00,24-07-14,28.203829166666665°„N,104.809428°„E,919.7,0.019,
12:07:31.00,24-07-14,28.203829333333335°„N,104.809428°„E,919.7,0.016,
12:07:32.00,24-07-14,28.2038295°„N,104.809428°„E,919.7,0.029,
12:07:33.00,24-07-14,28.2038295°„N,104.80942783333333°„E,919.6,0.027,
12:07:34.00,24-07-14,28.203829333333335°„N,104.80942766666666°„E,919.6,0.006,
12:07:35.00,24-07-14,28.203829°„N,104.8094275°„E,919.5,0.018,
12:07:36.00,24-07-14,28.203828833333333°„N,104.80942716666667°„E,919.5,0.009,
12:07:37.00,24-07-14,28.2038285°„N,104.80942683333333°„E,919.4,0.015,
12:07:38.00,24-07-14,28.203828166666668°„N,104.8094265°„E,919.4,0.024,
12:07:39.00,24-07-14,28.20382783333333°„N,104.80942616666667°„E,919.4,0.030,
12:07:40.00,24-07-14,28.2038275°„N,104.809426°„E,919.4,0.047,
12:07:41.00,24-07-14,28.203827166666667°„N,104.80942583333334°„E,919.4,0.036,
12:07:42.00,24-07-14,28.203827°„N,104.80942583333334°„E,919.4,0.025,
12:07:43.00,24-07-14,28.203826666666668°„N,104.80942583333334°„E,919.4,0.032,
12:07:44.00,24-07-14,28.203826666666668°„N,104.809426°„E,919.5,0.027,
12:07:45.00,24-07-14,28.2038265°„N,104.809426°„E,919.5,0.027,
12:07:46.00,24-07-14,28.203826666666668°„N,104.80942633333333°„E,919.6,0.030,
12:07:47.00,24-07-14,28.203826666666668°„N,104.8094265°„E,919.6,0.004,
12:07:48.00,24-07-14,28.203826666666668°„N,104.80942666666667°„E,919.6,0.003,
12:07:49.00,24-07-14,28.203826833333334°„N,104.80942683333333°„E,919.7,0.012,
12:07:50.00,24-07-14,28.203827°„N,104.809427°„E,919.7,0.003,
12:07:51.00,24-07-14,28.203827166666667°„N,104.80942716666667°„E,919.7,0.027,
12:07:52.00,24-07-14,28.203827333333333°„N,104.80942733333333°„E,919.7,0.004,
12:07:53.00,24-07-14,28.2038275°„N,104.80942733333333°„E,919.7,0.043,
12:07:54.00,24-07-14,28.203827666666665°„N,104.80942733333333°„E,919.7,0.004,
12:07:55.00,24-07-14,28.20382783333333°„N,104.8094275°„E,919.7,0.044,
12:07:56.00,24-07-14,28.203828°„N,104.8094275°„E,919.6,0.010,
12:07:57.00,24-07-14,28.203828166666668°„N,104.8094275°„E,919.6,0.041,
12:07:58.00,24-07-14,28.203828333333334°„N,104.8094275°„E,919.6,0.026,
12:07:59.00,24-07-14,28.203828666666666°„N,104.80942766666666°„E,919.5,0.034,
12:08:00.00,24-07-14,28.203828833333333°„N,104.80942766666666°„E,919.5,0.026,
12:08:01.00,24-07-14,28.203829°„N,104.80942783333333°„E,919.4,0.013,
12:08:02.00,24-07-14,28.203829166666665°„N,104.809428°„E,919.4,0.017,
12:08:03.00,24-07-14,28.203829333333335°„N,104.809428°„E,919.4,0.042,
12:08:04.00,24-07-14,28.203829333333335°„N,104.80942816666666°„E,919.3,0.025,
12:08:05.00,24-07-14,28.203829333333335°„N,104.80942833333333°„E,919.3,0.034,
12:08:06.00,24-07-14,28.2038295°„N,104.80942833333333°„E,919.3,0.035,
12:08:07.00,24-07-14,28.203829333333335°„N,104.8094285°„E,919.2,0.043,
12:08:08.00,24-07-14,28.203829333333335°„N,104.80942883333333°„E,919.2,0.063,
12:08:09.00,24-07-14,28.203829166666665°„N,104.809429°„E,919.1,0.053,
12:08:10.00,24-07-14,28.203829°„N,104.80942916666666°„E,919.1,0.042,
12:08:11.00,24-07-14,28.203828833333333°„N,104.80942933333333°„E,919.1,0.038,
12:08:12.00,24-07-14,28.203828666666666°„N,104.8094295°„E,919.0,0.038,
12:08:13.00,24-07-14,28.203828666666666°„N,104.8094295°„E,919.0,0.044,
12:08:14.00,24-07-14,28.2038285°„N,104.8094295°„E,918.9,0.048,
12:08:15.00,24-07-14,28.203828333333334°„N,104.80942933333333°„E,918.9,0.044,
12:08:16.00,24-07-14,28.203828333333334°„N,104.80942933333333°„E,918.9,0.050,
12:08:17.00,24-07-14,28.203828333333334°„N,104.80942933333333°„E,918.9,0.039,
12:08:18.00,24-07-14,28.2038285°„N,104.8094295°„E,918.9,0.032,
12:08:19.00,24-07-14,28.2038285°„N,104.80942966666667°„E,918.9,0.042,
12:08:20.00,24-07-14,28.203828666666666°„N,104.80942983333334°„E,918.9,0.049,
12:08:21.00,24-07-14,28.203828666666666°„N,104.80942983333334°„E,918.9,0.054,
12:08:22.00,24-07-14,28.2038285°„N,104.80943°„E,918.9,0.047,
12:08:23.00,24-07-14,28.2038285°„N,104.80943016666667°„E,918.9,0.052,
12:08:24.00,24-07-14,28.2038285°„N,104.80943033333334°„E,919.0,0.011,
12:08:25.00,24-07-14,28.203828333333334°„N,104.80943033333334°„E,919.0,0.040,
12:08:26.00,24-07-14,28.203828333333334°„N,104.80943033333334°„E,919.1,0.039,
12:08:27.00,24-07-14,28.203828166666668°„N,104.80943033333334°„E,919.1,0.040,
12:08:28.00,24-07-14,28.203828166666668°„N,104.80943033333334°„E,919.2,0.047,
12:08:29.00,24-07-14,28.203828166666668°„N,104.80943033333334°„E,919.2,0.023,
12:08:30.00,24-07-14,28.203828°„N,104.80943016666667°„E,919.3,0.028,
12:08:31.00,24-07-14,28.203828°„N,104.80943°„E,919.3,0.038,
12:08:32.00,24-07-14,28.203828°„N,104.80943°„E,919.3,0.050,
12:08:33.00,24-07-14,28.203828°„N,104.80942983333334°„E,919.3,0.035,
12:08:34.00,24-07-14,28.203828166666668°„N,104.80942966666667°„E,919.3,0.038,
12:08:35.00,24-07-14,28.203828166666668°„N,104.8094295°„E,919.3,0.031,
12:08:36.00,24-07-14,28.203828166666668°„N,104.80942933333333°„E,919.3,0.025,
12:08:37.00,24-07-14,28.203828166666668°„N,104.809429°„E,919.3,0.035,
12:08:38.00,24-07-14,28.203828166666668°„N,104.80942866666666°„E,919.2,0.045,
12:08:39.00,24-07-14,28.203828166666668°„N,104.80942816666666°„E,919.2,0.047,
12:08:40.00,24-07-14,28.203828166666668°„N,104.80942783333333°„E,919.1,0.021,
12:08:41.00,24-07-14,28.203828166666668°„N,104.80942766666666°„E,919.1,0.019,
12:08:42.00,24-07-14,28.203828333333334°„N,104.8094275°„E,919.0,0.008,
12:08:43.00,24-07-14,28.2038285°„N,104.80942716666667°„E,919.0,0.043,
12:08:44.00,24-07-14,28.2038285°„N,104.809427°„E,919.0,0.018,
12:08:45.00,24-07-14,28.203828666666666°„N,104.80942666666667°„E,918.9,0.040,
12:08:46.00,24-07-14,28.203828666666666°„N,104.80942633333333°„E,918.9,0.033,
12:08:47.00,24-07-14,28.203828666666666°„N,104.80942616666667°„E,918.9,0.050,
12:08:48.00,24-07-14,28.203828666666666°„N,104.80942583333334°„E,918.9,0.026,
12:08:49.00,24-07-14,28.203828666666666°„N,104.8094255°„E,918.9,0.026,
12:08:50.00,24-07-14,28.203828666666666°„N,104.80942516666667°„E,918.9,0.022,
12:08:51.00,24-07-14,28.203828666666666°„N,104.809425°„E,918.8,0.022,
12:08:52.00,24-07-14,28.2038285°„N,104.80942466666667°„E,918.8,0.026,
12:08:53.00,24-07-14,28.2038285°„N,104.80942433333334°„E,918.8,0.035,
12:08:54.00,24-07-14,28.2038285°„N,104.809424°„E,918.7,0.023,
12:08:55.00,24-07-14,28.2038285°„N,104.80942383333333°„E,918.7,0.041,
12:08:56.00,24-07-14,28.2038285°„N,104.8094235°„E,918.6,0.041,
12:08:57.00,24-07-14,28.2038285°„N,104.80942333333333°„E,918.6,0.027,
12:08:58.00,24-07-14,28.203828333333334°„N,104.80942316666666°„E,918.6,0.016,
12:08:59.00,24-07-14,28.203828166666668°„N,104.80942316666666°„E,918.5,0.033,
12:09:00.00,24-07-14,28.203828°„N,104.809423°„E,918.5,0.007,
12:09:01.00,24-07-14,28.203828°„N,104.80942316666666°„E,918.5,0.006,
12:09:02.00,24-07-14,28.20382783333333°„N,104.80942316666666°„E,918.4,0.035,
12:09:03.00,24-07-14,28.203827666666665°„N,104.80942333333333°„E,918.4,0.043,
12:09:04.00,24-07-14,28.2038275°„N,104.8094235°„E,918.4,0.027,
12:09:05.00,24-07-14,28.203827333333333°„N,104.80942366666666°„E,918.4,0.036,
12:09:06.00,24-07-14,28.203827333333333°„N,104.80942366666666°„E,918.4,0.019,
12:09:07.00,24-07-14,28.203827166666667°„N,104.80942383333333°„E,918.4,0.030,
12:09:08.00,24-07-14,28.203827°„N,104.809424°„E,918.4,0.016,
12:09:09.00,24-07-14,28.203826833333334°„N,104.809424°„E,918.4,0.033,
12:09:10.00,24-07-14,28.203826833333334°„N,104.80942416666667°„E,918.5,0.055,
12:09:11.00,24-07-14,28.203826833333334°„N,104.80942433333334°„E,918.5,0.043,
12:09:12.00,24-07-14,28.203826833333334°„N,104.8094245°„E,918.5,0.008,
12:09:13.00,24-07-14,28.203826833333334°„N,104.8094245°„E,918.6,0.007,
12:09:14.00,24-07-14,28.203826666666668°„N,104.8094245°„E,918.6,0.032,
12:09:15.00,24-07-14,28.203826666666668°„N,104.8094245°„E,918.6,0.039,
12:09:16.00,24-07-14,28.203826666666668°„N,104.80942466666667°„E,918.6,0.014,
12:09:17.00,24-07-14,28.203826666666668°„N,104.80942466666667°„E,918.6,0.026,
12:09:18.00,24-07-14,28.2038265°„N,104.80942466666667°„E,918.6,0.025,
12:09:19.00,24-07-14,28.2038265°„N,104.80942483333334°„E,918.6,0.050,
12:09:20.00,24-07-14,28.203826333333332°„N,104.80942516666667°„E,918.6,0.046,
12:09:21.00,24-07-14,28.203826166666666°„N,104.80942516666667°„E,918.6,0.029,
12:09:22.00,24-07-14,28.203826166666666°„N,104.80942533333334°„E,918.6,0.033,
12:09:23.00,24-07-14,28.203826°„N,104.8094255°„E,918.6,0.030,
12:09:24.00,24-07-14,28.203826°„N,104.80942566666667°„E,918.7,0.013,
12:09:25.00,24-07-14,28.203826°„N,104.8094255°„E,918.7,0.029,
12:09:26.00,24-07-14,28.203825833333333°„N,104.8094255°„E,918.7,0.003,
12:09:27.00,24-07-14,28.203825833333333°„N,104.80942533333334°„E,918.7,0.016,
12:09:28.00,24-07-14,28.203825666666667°„N,104.80942533333334°„E,918.8,0.030,
12:09:29.00,24-07-14,28.203825666666667°„N,104.80942516666667°„E,918.8,0.009,
12:09:30.00,24-07-14,28.2038255°„N,104.80942516666667°„E,918.8,0.024,
12:09:31.00,24-07-14,28.203825333333334°„N,104.809425°„E,918.9,0.030,
12:09:32.00,24-07-14,28.203825166666668°„N,104.809425°„E,918.9,0.043,
12:09:33.00,24-07-14,28.203825°„N,104.80942483333334°„E,918.9,0.039,
12:09:34.00,24-07-14,28.203824833333332°„N,104.80942483333334°„E,919.0,0.033,
12:09:35.00,24-07-14,28.203824666666666°„N,104.80942483333334°„E,919.0,0.015,
12:09:36.00,24-07-14,28.203824666666666°„N,104.80942483333334°„E,919.0,0.050,
12:09:37.00,24-07-14,28.2038245°„N,104.80942483333334°„E,919.0,0.033,
12:09:38.00,24-07-14,28.203824666666666°„N,104.809425°„E,919.0,0.034,
12:09:39.00,24-07-14,28.203824666666666°„N,104.809425°„E,918.9,0.014,
12:09:40.00,24-07-14,28.203824833333332°„N,104.809425°„E,918.9,0.038,
12:09:41.00,24-07-14,28.203824833333332°„N,104.80942516666667°„E,918.8,0.030,
12:09:42.00,24-07-14,28.203825°„N,104.80942516666667°„E,918.8,0.053,
12:09:43.00,24-07-14,28.203825333333334°„N,104.80942533333334°„E,918.8,0.031,
12:09:44.00,24-07-14,28.203825333333334°„N,104.80942533333334°„E,918.7,0.037,
12:09:45.00,24-07-14,28.203825666666667°„N,104.80942533333334°„E,918.7,0.014,
12:09:46.00,24-07-14,28.203825833333333°„N,104.80942533333334°„E,918.7,0.027,
12:09:47.00,24-07-14,28.203826166666666°„N,104.80942516666667°„E,918.6,0.038,
12:09:48.00,24-07-14,28.2038265°„N,104.80942516666667°„E,918.6,0.019,
12:09:49.00,24-07-14,28.203826833333334°„N,104.809425°„E,918.5,0.024,
12:09:50.00,24-07-14,28.203827°„N,104.809425°„E,918.5,0.016,
12:09:51.00,24-07-14,28.203827166666667°„N,104.80942483333334°„E,918.5,0.006,
12:09:52.00,24-07-14,28.203827333333333°„N,104.80942466666667°„E,918.4,0.033,
12:09:53.00,24-07-14,28.2038275°„N,104.8094245°„E,918.4,0.018,
12:09:54.00,24-07-14,28.203827666666665°„N,104.80942433333334°„E,918.3,0.040,
12:09:55.00,24-07-14,28.20382783333333°„N,104.80942433333334°„E,918.3,0.022,
12:09:56.00,24-07-14,28.20382783333333°„N,104.80942433333334°„E,918.3,0.018,
12:09:57.00,24-07-14,28.203827666666665°„N,104.80942433333334°„E,918.2,0.047,
12:09:58.00,24-07-14,28.203827666666665°„N,104.80942433333334°„E,918.2,0.026,
12:09:59.00,24-07-14,28.203827666666665°„N,104.80942433333334°„E,918.2,0.019,
12:10:00.00,24-07-14,28.203827666666665°„N,104.80942433333334°„E,918.2,0.016,
12:10:01.00,24-07-14,28.2038275°„N,104.80942416666667°„E,918.2,0.010,
12:10:02.00,24-07-14,28.2038275°„N,104.80942416666667°„E,918.1,0.028,
12:10:03.00,24-07-14,28.2038275°„N,104.809424°„E,918.1,0.017,
12:10:04.00,24-07-14,28.203827666666665°„N,104.809424°„E,918.1,0.005,
12:10:05.00,24-07-14,28.203827666666665°„N,104.80942383333333°„E,918.0,0.023,
12:10:06.00,24-07-14,28.203827666666665°„N,104.80942383333333°„E,918.0,0.024,
12:10:07.00,24-07-14,28.203827666666665°„N,104.80942383333333°„E,918.0,0.041,
12:10:08.00,24-07-14,28.20382783333333°„N,104.80942366666666°„E,918.0,0.042,
12:10:09.00,24-07-14,28.20382783333333°„N,104.80942366666666°„E,918.0,0.031,
12:10:10.00,24-07-14,28.20382783333333°„N,104.80942366666666°„E,918.0,0.009,
12:10:11.00,24-07-14,28.20382783333333°„N,104.8094235°„E,917.9,0.031,
12:10:12.00,24-07-14,28.203827666666665°„N,104.8094235°„E,917.9,0.014,
12:10:13.00,24-07-14,28.2038275°„N,104.80942316666666°„E,917.9,0.022,
12:10:14.00,24-07-14,28.203827333333333°„N,104.809423°„E,917.9,0.017,
12:10:15.00,24-07-14,28.203827166666667°„N,104.80942283333333°„E,917.9,0.034,
12:10:16.00,24-07-14,28.203827°„N,104.8094225°„E,917.9,0.026,
12:10:17.00,24-07-14,28.203826833333334°„N,104.80942233333333°„E,917.9,0.009,
12:10:18.00,24-07-14,28.203826666666668°„N,104.80942233333333°„E,917.9,0.005,
12:10:19.00,24-07-14,28.2038265°„N,104.80942216666666°„E,917.9,0.032,
12:10:20.00,24-07-14,28.203826333333332°„N,104.809422°„E,918.0,0.023,
12:10:21.00,24-07-14,28.203826166666666°„N,104.80942183333333°„E,918.0,0.022,
12:10:22.00,24-07-14,28.203826°„N,104.80942183333333°„E,918.0,0.033,
12:10:23.00,24-07-14,28.203826°„N,104.80942183333333°„E,918.0,0.024,
12:10:24.00,24-07-14,28.203825833333333°„N,104.80942183333333°„E,918.0,0.031,
12:10:25.00,24-07-14,28.203825666666667°„N,104.809422°„E,918.1,0.030,
12:10:26.00,24-07-14,28.203825666666667°„N,104.80942216666666°„E,918.1,0.006,
12:10:27.00,24-07-14,28.203825666666667°„N,104.8094225°„E,918.2,0.016,
12:10:28.00,24-07-14,28.203825666666667°„N,104.80942283333333°„E,918.2,0.002,
12:10:29.00,24-07-14,28.203825666666667°„N,104.80942333333333°„E,918.3,0.005,
12:10:30.00,24-07-14,28.203825666666667°„N,104.80942383333333°„E,918.3,0.003,
12:10:31.00,24-07-14,28.203825666666667°„N,104.80942433333334°„E,918.4,0.012,
12:10:32.00,24-07-14,28.203825833333333°„N,104.80942483333334°„E,918.4,0.020,
12:10:33.00,24-07-14,28.203825833333333°„N,104.80942533333334°„E,918.4,0.041,
12:10:34.00,24-07-14,28.203825833333333°„N,104.80942583333334°„E,918.5,0.022,
12:10:35.00,24-07-14,28.203826°„N,104.80942616666667°„E,918.5,0.051,
12:10:36.00,24-07-14,28.203826°„N,104.80942633333333°„E,918.6,0.016,
12:10:37.00,24-07-14,28.203825833333333°„N,104.8094265°„E,918.6,0.027,
12:10:38.00,24-07-14,28.203825833333333°„N,104.80942666666667°„E,918.6,0.032,
12:10:39.00,24-07-14,28.203825666666667°„N,104.80942683333333°„E,918.7,0.039,
12:10:40.00,24-07-14,28.2038255°„N,104.809427°„E,918.7,0.033,
12:10:41.00,24-07-14,28.2038255°„N,104.809427°„E,918.8,0.032,
12:10:42.00,24-07-14,28.203825333333334°„N,104.80942716666667°„E,918.8,0.017,
12:10:43.00,24-07-14,28.203825333333334°„N,104.80942716666667°„E,918.8,0.034,
12:10:44.00,24-07-14,28.203825166666668°„N,104.80942716666667°„E,918.8,0.052,
12:10:45.00,24-07-14,28.203825166666668°„N,104.80942733333333°„E,918.8,0.034,
12:10:46.00,24-07-14,28.203825166666668°„N,104.80942716666667°„E,918.7,0.031,
12:10:47.00,24-07-14,28.203825166666668°„N,104.80942716666667°„E,918.7,0.044,
12:10:48.00,24-07-14,28.203825166666668°„N,104.80942716666667°„E,918.7,0.021,
12:10:49.00,24-07-14,28.203825°„N,104.809427°„E,918.7,0.027,
12:10:50.00,24-07-14,28.203824833333332°„N,104.809427°„E,918.7,0.012,
12:10:51.00,24-07-14,28.203824666666666°„N,104.80942683333333°„E,918.6,0.032,
12:10:52.00,24-07-14,28.203824666666666°„N,104.80942683333333°„E,918.6,0.023,
12:10:53.00,24-07-14,28.2038245°„N,104.809427°„E,918.5,0.013,
12:10:54.00,24-07-14,28.2038245°„N,104.809427°„E,918.5,0.006,
12:10:55.00,24-07-14,28.203824333333333°„N,104.809427°„E,918.5,0.024,
12:10:56.00,24-07-14,28.203824333333333°„N,104.80942683333333°„E,918.5,0.036,
12:10:57.00,24-07-14,28.203824333333333°„N,104.80942683333333°„E,918.5,0.023,
12:10:58.00,24-07-14,28.203824166666667°„N,104.80942683333333°„E,918.4,0.042,
12:10:59.00,24-07-14,28.203824166666667°„N,104.80942683333333°„E,918.4,0.033,
12:11:00.00,24-07-14,28.203824166666667°„N,104.80942666666667°„E,918.4,0.006,
12:11:01.00,24-07-14,28.203824°„N,104.80942666666667°„E,918.3,0.022,
12:11:02.00,24-07-14,28.203824°„N,104.80942666666667°„E,918.3,0.036,
12:11:03.00,24-07-14,28.203824°„N,104.80942683333333°„E,918.2,0.011,
12:11:04.00,24-07-14,28.203824°„N,104.809427°„E,918.1,0.012,
12:11:05.00,24-07-14,28.203824°„N,104.809427°„E,918.1,0.025,
12:11:06.00,24-07-14,28.203823833333335°„N,104.80942716666667°„E,918.0,0.008,
12:11:07.00,24-07-14,28.203823833333335°„N,104.80942716666667°„E,918.0,0.024,
12:11:08.00,24-07-14,28.203823833333335°„N,104.80942733333333°„E,918.0,0.027,
12:11:09.00,24-07-14,28.203824°„N,104.80942733333333°„E,917.9,0.039,
12:11:10.00,24-07-14,28.203824°„N,104.8094275°„E,917.9,0.040,
12:11:11.00,24-07-14,28.203824°„N,104.8094275°„E,917.8,0.015,
12:11:12.00,24-07-14,28.203824°„N,104.8094275°„E,917.8,0.015,
12:11:13.00,24-07-14,28.203824°„N,104.8094275°„E,917.8,0.024,
12:11:14.00,24-07-14,28.203823833333335°„N,104.80942766666666°„E,917.8,0.053,
12:11:15.00,24-07-14,28.20382366666667°„N,104.80942766666666°„E,917.8,0.023,
12:11:16.00,24-07-14,28.20382366666667°„N,104.80942783333333°„E,917.8,0.009,
12:11:17.00,24-07-14,28.2038235°„N,104.80942783333333°„E,917.8,0.014,
12:11:18.00,24-07-14,28.203823333333332°„N,104.80942783333333°„E,917.8,0.019,
12:11:19.00,24-07-14,28.203823333333332°„N,104.80942783333333°„E,917.8,0.051,
12:11:20.00,24-07-14,28.203823166666666°„N,104.80942783333333°„E,917.9,0.026,
12:11:21.00,24-07-14,28.203823166666666°„N,104.80942783333333°„E,917.9,0.028,
12:11:22.00,24-07-14,28.203823166666666°„N,104.809428°„E,918.0,0.043,
12:11:23.00,24-07-14,28.203823°„N,104.809428°„E,918.0,0.040,
12:11:24.00,24-07-14,28.203822833333334°„N,104.809428°„E,918.1,0.029,
12:11:25.00,24-07-14,28.203822833333334°„N,104.809428°„E,918.2,0.069,
12:11:26.00,24-07-14,28.203822666666667°„N,104.809428°„E,918.2,0.036,
12:11:27.00,24-07-14,28.203822666666667°„N,104.80942816666666°„E,918.3,0.018,
12:11:28.00,24-07-14,28.203822666666667°„N,104.80942816666666°„E,918.3,0.054,
12:11:29.00,24-07-14,28.203822666666667°„N,104.80942816666666°„E,918.3,0.010,
12:11:30.00,24-07-14,28.203822833333334°„N,104.80942833333333°„E,918.3,0.026,
12:11:31.00,24-07-14,28.203822833333334°„N,104.8094285°„E,918.3,0.046,
12:11:32.00,24-07-14,28.203823°„N,104.80942883333333°„E,918.3,0.032,
12:11:33.00,24-07-14,28.203823°„N,104.80942883333333°„E,918.3,0.040,
12:11:34.00,24-07-14,28.203823333333332°„N,104.809429°„E,918.3,0.034,
12:11:35.00,24-07-14,28.2038235°„N,104.80942933333333°„E,918.2,0.034,
12:11:36.00,24-07-14,28.203823833333335°„N,104.8094295°„E,918.2,0.030,
12:11:37.00,24-07-14,28.203824°„N,104.80942983333334°„E,918.2,0.017,
12:11:38.00,24-07-14,28.203824166666667°„N,104.80943°„E,918.1,0.019,
12:11:39.00,24-07-14,28.203824333333333°„N,104.80943033333334°„E,918.1,0.010,
12:11:40.00,24-07-14,28.2038245°„N,104.8094305°„E,918.1,0.025,
12:11:41.00,24-07-14,28.203824666666666°„N,104.80943083333334°„E,918.0,0.024,
12:11:42.00,24-07-14,28.203825166666668°„N,104.809431°„E,918.0,0.052,
12:11:43.00,24-07-14,28.203825°„N,104.80943133333334°„E,918.0,0.152,
12:11:44.00,24-07-14,28.203824°„N,104.80943116666667°„E,918.0,0.662,155.43
12:11:45.00,24-07-14,28.203821°„N,104.80943066666667°„E,918.1,1.649,186.34
12:11:46.00,24-07-14,28.203817166666667°„N,104.80943016666667°„E,918.1,1.539,184.59
12:11:47.00,24-07-14,28.203816166666666°„N,104.80943016666667°„E,918.2,0.099,
12:11:48.00,24-07-14,28.203816833333335°„N,104.8094305°„E,918.2,0.367,
12:11:49.00,24-07-14,28.203820166666667°„N,104.80943283333333°„E,918.2,2.040,88.43
12:11:50.00,24-07-14,28.203825166666668°„N,104.80943833333333°„E,918.1,3.115,59.38
12:11:51.00,24-07-14,28.203833°„N,104.80944616666666°„E,918.1,4.583,46.46
12:11:52.00,24-07-14,28.203844166666666°„N,104.8094555°„E,918.0,5.861,38.74
12:11:53.00,24-07-14,28.2038575°„N,104.80946633333333°„E,917.9,6.820,37.05
12:11:54.00,24-07-14,28.203873166666668°„N,104.80947766666667°„E,917.7,7.645,33.03
12:11:55.00,24-07-14,28.2038915°„N,104.80948966666666°„E,917.5,8.900,30.85
12:11:56.00,24-07-14,28.203913333333333°„N,104.80950383333334°„E,917.2,10.591,30.35
12:11:57.00,24-07-14,28.20393766666667°„N,104.80952066666667°„E,916.9,11.725,32.27
12:11:58.00,24-07-14,28.203963°„N,104.80953916666667°„E,916.6,12.241,33.28
12:11:59.00,24-07-14,28.203989333333332°„N,104.809559°„E,916.2,12.891,34.33
12:12:00.00,24-07-14,28.204016°„N,104.80958066666666°„E,915.8,13.190,36.51
12:12:01.00,24-07-14,28.204041833333335°„N,104.809603°„E,915.4,12.991,37.83
12:12:02.00,24-07-14,28.2040665°„N,104.80962383333333°„E,915.0,11.988,36.89
12:12:03.00,24-07-14,28.204087833333332°„N,104.80964233333333°„E,914.6,10.250,38.29
12:12:04.00,24-07-14,28.204104833333332°„N,104.80965766666667°„E,914.4,8.077,38.42
12:12:05.00,24-07-14,28.204118333333334°„N,104.80966966666666°„E,914.3,6.300,38.77
12:12:06.00,24-07-14,28.204130166666666°„N,104.80968033333333°„E,914.1,6.001,38.94
12:12:07.00,24-07-14,28.204142666666666°„N,104.80969183333333°„E,913.9,6.704,39.22
12:12:08.00,24-07-14,28.204157833333333°„N,104.80970583333334°„E,913.7,8.362,39.78
12:12:09.00,24-07-14,28.204176166666667°„N,104.80972233333334°„E,913.4,9.914,38.67
12:12:10.00,24-07-14,28.204197833333332°„N,104.80974183333333°„E,913.1,11.584,38.74
12:12:11.00,24-07-14,28.204222166666668°„N,104.80976333333334°„E,912.7,12.697,37.92
12:12:12.00,24-07-14,28.204249166666667°„N,104.80978566666667°„E,912.4,13.687,36.13
12:12:13.00,24-07-14,28.20427816666667°„N,104.80980816666667°„E,912.1,14.161,34.54
12:12:14.00,24-07-14,28.2043085°„N,104.80983133333334°„E,911.7,14.827,33.99
12:12:15.00,24-07-14,28.204341°„N,104.809854°„E,911.3,15.439,31.26
12:12:16.00,24-07-14,28.204375666666667°„N,104.80987566666667°„E,910.9,16.054,28.47
12:12:17.00,24-07-14,28.204409833333333°„N,104.80989733333334°„E,910.5,15.436,29.93
12:12:18.00,24-07-14,28.204442°„N,104.80991816666666°„E,910.2,14.600,30.24
12:12:19.00,24-07-14,28.204472°„N,104.8099365°„E,909.8,13.379,28.03
12:12:20.00,24-07-14,28.204501°„N,104.80995466666667°„E,909.5,13.308,29.75
12:12:21.00,24-07-14,28.204528166666666°„N,104.8099725°„E,909.2,12.348,30.85
12:12:22.00,24-07-14,28.204555833333334°„N,104.80998916666667°„E,909.1,12.732,28.06
12:12:23.00,24-07-14,28.204584666666666°„N,104.81000716666667°„E,909.2,13.380,29.67
12:12:24.00,24-07-14,28.204612833333332°„N,104.81002066666667°„E,909.4,11.861,21.46
12:12:25.00,24-07-14,28.204644°„N,104.81003016666666°„E,909.6,13.375,14.29
12:12:26.00,24-07-14,28.204680166666666°„N,104.81003716666666°„E,909.9,15.217,8.83
12:12:27.00,24-07-14,28.204722°„N,104.810041°„E,910.2,17.482,3.70
12:12:28.00,24-07-14,28.20477066666667°„N,104.81004033333333°„E,910.7,20.323,358.07
12:12:29.00,24-07-14,28.204825833333334°„N,104.8100335°„E,911.3,23.020,352.39
12:12:30.00,24-07-14,28.204883833333334°„N,104.81002066666667°„E,911.8,23.876,347.92
12:12:31.00,24-07-14,28.204943333333333°„N,104.81000316666666°„E,912.3,24.805,344.61
12:12:32.00,24-07-14,28.205003333333334°„N,104.809983°„E,912.8,25.078,343.23
12:12:33.00,24-07-14,28.205063833333334°„N,104.80996033333334°„E,913.3,25.583,341.10
12:12:34.00,24-07-14,28.205122166666666°„N,104.8099335°„E,914.0,24.971,336.53
12:12:35.00,24-07-14,28.205176333333334°„N,104.80990166666666°„E,914.6,24.169,331.09
12:12:36.00,24-07-14,28.2052275°„N,104.8098645°„E,915.1,24.268,326.05
12:12:37.00,24-07-14,28.205277833333334°„N,104.80982066666667°„E,915.5,25.788,321.05
12:12:38.00,24-07-14,28.205327°„N,104.80976916666667°„E,915.9,27.167,315.81
12:12:39.00,24-07-14,28.205373°„N,104.80971283333334°„E,916.5,27.036,311.39
12:12:40.00,24-07-14,28.205413333333333°„N,104.80965333333333°„E,917.0,26.255,305.78
12:12:41.00,24-07-14,28.205448333333333°„N,104.80959033333333°„E,917.7,26.267,300.53
12:12:42.00,24-07-14,28.205477666666667°„N,104.8095245°„E,918.5,26.046,295.29
12:12:43.00,24-07-14,28.2055005°„N,104.80945766666666°„E,919.4,25.167,289.48
12:12:44.00,24-07-14,28.2055205°„N,104.80939066666667°„E,920.2,24.925,288.33
12:12:45.00,24-07-14,28.2055395°„N,104.80932333333334°„E,920.7,24.906,287.39
12:12:46.00,24-07-14,28.2055575°„N,104.80925483333333°„E,921.4,25.411,286.18
12:12:47.00,24-07-14,28.205573666666666°„N,104.80918416666667°„E,922.1,26.039,283.52
12:12:48.00,24-07-14,28.205590333333333°„N,104.80911116666667°„E,922.6,26.858,284.71
12:12:49.00,24-07-14,28.205608166666668°„N,104.80903733333334°„E,922.9,26.957,285.18
12:12:50.00,24-07-14,28.205625666666666°„N,104.80896366666667°„E,923.1,26.913,284.74
12:12:51.00,24-07-14,28.205640333333335°„N,104.80888883333333°„E,923.2,26.946,281.56
12:12:52.00,24-07-14,28.205649666666666°„N,104.80881166666667°„E,923.1,27.491,276.58
12:12:53.00,24-07-14,28.205654°„N,104.80873133333333°„E,923.2,28.598,272.36
12:12:54.00,24-07-14,28.205653166666668°„N,104.808649°„E,923.3,29.311,268.00
12:12:55.00,24-07-14,28.205648166666666°„N,104.80856583333333°„E,923.4,29.358,265.39
12:12:56.00,24-07-14,28.205639166666668°„N,104.80848583333334°„E,923.5,28.054,261.72
12:12:57.00,24-07-14,28.205625833333333°„N,104.80840883333333°„E,923.6,27.561,258.17
12:12:58.00,24-07-14,28.205609166666665°„N,104.80833383333334°„E,923.9,27.096,255.09
12:12:59.00,24-07-14,28.205589°„N,104.80826133333333°„E,924.5,26.705,251.67
12:13:00.00,24-07-14,28.205563666666666°„N,104.80819183333334°„E,925.0,26.547,246.34
12:13:01.00,24-07-14,28.205532°„N,104.8081255°„E,925.5,26.695,239.98
12:13:02.00,24-07-14,28.205493666666666°„N,104.80806183333334°„E,925.9,27.494,234.17
12:13:03.00,24-07-14,28.205450166666665°„N,104.8079995°„E,926.4,28.295,230.89
12:13:04.00,24-07-14,28.20540383333333°„N,104.80793783333333°„E,926.9,28.721,229.37
12:13:05.00,24-07-14,28.205355666666666°„N,104.80787616666667°„E,927.4,29.170,228.33
12:13:06.00,24-07-14,28.205307833333332°„N,104.80781533333334°„E,927.8,28.575,228.50
12:13:07.00,24-07-14,28.205264666666668°„N,104.80775866666667°„E,928.2,25.445,229.63
12:13:08.00,24-07-14,28.205228833333333°„N,104.80770933333334°„E,928.5,21.306,231.17
12:13:09.00,24-07-14,28.2051995°„N,104.80766566666667°„E,928.6,18.506,233.80
12:13:10.00,24-07-14,28.205175333333333°„N,104.80762566666667°„E,928.7,16.455,236.51
12:13:11.00,24-07-14,28.205155°„N,104.807584°„E,928.6,16.966,242.98
12:13:12.00,24-07-14,28.20514216666667°„N,104.807539°„E,928.5,16.799,255.67
12:13:13.00,24-07-14,28.2051395°„N,104.80749466666667°„E,928.3,15.386,269.49
12:13:14.00,24-07-14,28.205147333333333°„N,104.80745366666666°„E,928.2,14.768,286.35
12:13:15.00,24-07-14,28.205164833333335°„N,104.80741383333333°„E,927.9,16.200,299.30
12:13:16.00,24-07-14,28.205187333333335°„N,104.80737183333333°„E,927.6,17.858,301.13
12:13:17.00,24-07-14,28.205212°„N,104.80732983333333°„E,927.5,17.760,304.59
12:13:18.00,24-07-14,28.205236°„N,104.807296°„E,927.5,14.252,310.59
12:13:19.00,24-07-14,28.205256833333333°„N,104.80727033333334°„E,927.4,11.474,312.45
12:13:20.00,24-07-14,28.2052755°„N,104.80724783333334°„E,927.4,10.606,312.93
12:13:21.00,24-07-14,28.205296333333333°„N,104.80722516666667°„E,927.5,11.888,317.21
12:13:22.00,24-07-14,28.205322833333334°„N,104.80720233333334°„E,927.6,14.003,323.72
12:13:23.00,24-07-14,28.205355166666667°„N,104.80717883333334°„E,927.8,15.955,328.92
12:13:24.00,24-07-14,28.205392166666666°„N,104.8071545°„E,928.1,17.709,330.00
12:13:25.00,24-07-14,28.205432666666667°„N,104.80712883333334°„E,928.5,19.004,330.82
12:13:26.00,24-07-14,28.2054735°„N,104.80710083333334°„E,929.2,19.230,328.76
12:13:27.00,24-07-14,28.205514166666667°„N,104.80707216666667°„E,929.9,19.215,327.68
12:13:28.00,24-07-14,28.2055555°„N,104.80703983333333°„E,930.4,20.516,324.08
12:13:29.00,24-07-14,28.20559666666667°„N,104.80700166666666°„E,930.8,21.524,319.28
12:13:30.00,24-07-14,28.205632666666666°„N,104.806958°„E,930.9,20.932,310.60
12:13:31.00,24-07-14,28.205658333333332°„N,104.80691216666666°„E,931.2,18.530,298.61
12:13:32.00,24-07-14,28.205673166666667°„N,104.80687033333334°„E,931.4,14.923,289.17
12:13:33.00,24-07-14,28.2056775°„N,104.80683266666666°„E,931.6,12.957,274.15
12:13:34.00,24-07-14,28.205673166666667°„N,104.8067945°„E,931.8,13.941,260.33
12:13:35.00,24-07-14,28.205660833333333°„N,104.80675233333334°„E,931.9,16.546,249.57
12:13:36.00,24-07-14,28.205642166666667°„N,104.806706°„E,932.0,18.586,245.00
12:13:37.00,24-07-14,28.2056205°„N,104.80666066666667°„E,932.2,18.078,241.47
12:13:38.00,24-07-14,28.205599°„N,104.80662083333333°„E,932.4,15.886,237.80
12:13:39.00,24-07-14,28.205581333333335°„N,104.80659116666666°„E,932.7,11.171,235.79
12:13:40.00,24-07-14,28.205568833333334°„N,104.80657233333334°„E,932.9,7.137,233.13
12:13:41.00,24-07-14,28.2055615°„N,104.80656266666666°„E,933.0,3.316,232.08
12:13:42.00,24-07-14,28.205558°„N,104.806558°„E,933.1,1.682,231.74
12:13:43.00,24-07-14,28.205556833333333°„N,104.8065565°„E,933.1,0.349,
12:13:44.00,24-07-14,28.205556666666666°„N,104.80655633333333°„E,933.1,0.032,
12:13:45.00,24-07-14,28.205556666666666°„N,104.80655633333333°„E,933.1,0.034,
12:13:46.00,24-07-14,28.205556666666666°„N,104.80655616666667°„E,933.1,0.033,
12:13:47.00,24-07-14,28.205556666666666°„N,104.806556°„E,933.1,0.035,
12:13:48.00,24-07-14,28.205556833333333°„N,104.80655583333333°„E,933.1,0.045,
12:13:49.00,24-07-14,28.205557°„N,104.80655566666667°„E,933.1,0.061,
12:13:50.00,24-07-14,28.205557°„N,104.8065555°„E,933.1,0.031,
12:13:51.00,24-07-14,28.205557°„N,104.80655533333334°„E,933.1,0.039,
12:13:52.00,24-07-14,28.205557°„N,104.806555°„E,933.1,0.040,
12:13:53.00,24-07-14,28.205557°„N,104.80655483333334°„E,933.1,0.039,
12:13:54.00,24-07-14,28.205557°„N,104.80655466666667°„E,933.1,0.010,
12:13:55.00,24-07-14,28.205556833333333°„N,104.8065545°„E,933.1,0.035,
12:13:56.00,24-07-14,28.205556833333333°„N,104.80655416666667°„E,933.1,0.036,
12:13:57.00,24-07-14,28.205556666666666°„N,104.806554°„E,933.1,0.025,
12:13:58.00,24-07-14,28.205556666666666°„N,104.80655383333334°„E,933.1,0.029,
12:13:59.00,24-07-14,28.2055565°„N,104.8065535°„E,933.0,0.035,
12:14:00.00,24-07-14,28.205556833333333°„N,104.80655383333334°„E,933.0,0.333,
12:14:01.00,24-07-14,28.205556666666666°„N,104.8065535°„E,932.9,0.258,
12:14:02.00,24-07-14,28.2055535°„N,104.80654966666667°„E,933.0,2.528,228.07
12:14:03.00,24-07-14,28.205544833333335°„N,104.80654133333333°„E,933.0,5.298,220.90
12:14:04.00,24-07-14,28.205529333333335°„N,104.80653316666667°„E,933.1,7.613,204.35
12:14:05.00,24-07-14,28.20550933333333°„N,104.8065295°„E,933.2,8.449,188.43
12:14:06.00,24-07-14,28.20548416666667°„N,104.8065325°„E,933.2,10.905,172.40
12:14:07.00,24-07-14,28.205453833333333°„N,104.80654333333334°„E,933.3,13.583,160.82
12:14:08.00,24-07-14,28.205420166666666°„N,104.80656166666667°„E,933.4,15.540,152.97
12:14:09.00,24-07-14,28.205382666666665°„N,104.80658516666666°„E,933.5,17.822,150.68
12:14:10.00,24-07-14,28.205341666666666°„N,104.806613°„E,933.6,19.788,148.59
12:14:11.00,24-07-14,28.205297166666668°„N,104.80664433333334°„E,933.7,21.421,147.93
12:14:12.00,24-07-14,28.205250166666666°„N,104.80667783333334°„E,933.9,22.477,147.88
12:14:13.00,24-07-14,28.2052005°„N,104.8067115°„E,934.1,23.444,149.56
12:14:14.00,24-07-14,28.205147333333333°„N,104.80674566666667°„E,934.2,24.814,150.59
12:14:15.00,24-07-14,28.205090666666667°„N,104.80678°„E,934.4,26.017,152.38
12:14:16.00,24-07-14,28.205030333333333°„N,104.80681233333334°„E,934.6,26.878,155.63
12:14:17.00,24-07-14,28.204966666666667°„N,104.80684183333334°„E,934.8,27.786,158.60
12:14:18.00,24-07-14,28.204899833333332°„N,104.80686766666666°„E,935.0,28.348,162.11
12:14:19.00,24-07-14,28.204830833333332°„N,104.80688933333333°„E,935.3,28.722,165.53
12:14:20.00,24-07-14,28.204760333333333°„N,104.806907°„E,935.6,28.904,168.35
12:14:21.00,24-07-14,28.204689166666668°„N,104.80691983333334°„E,936.0,28.733,172.17
12:14:22.00,24-07-14,28.204618°„N,104.80692833333333°„E,936.4,28.578,174.77
12:14:23.00,24-07-14,28.204546833333332°„N,104.80693366666667°„E,936.9,28.408,176.69
12:14:24.00,24-07-14,28.204476166666666°„N,104.80693666666667°„E,937.3,28.187,178.44
12:14:25.00,24-07-14,28.204404833333335°„N,104.80693766666667°„E,937.9,28.528,179.79
12:14:26.00,24-07-14,28.204333°„N,104.806936°„E,938.5,28.750,181.76
12:14:27.00,24-07-14,28.204260333333334°„N,104.80693216666667°„E,939.1,29.110,183.22
12:14:28.00,24-07-14,28.204186666666665°„N,104.80692716666667°„E,939.6,29.550,183.63
12:14:29.00,24-07-14,28.204111833333332°„N,104.80692183333333°„E,940.2,30.049,183.63
12:14:30.00,24-07-14,28.204035666666666°„N,104.80691616666667°„E,940.8,30.674,183.92
12:14:31.00,24-07-14,28.203961°„N,104.80691°„E,941.4,29.538,184.44
12:14:32.00,24-07-14,28.2038925°„N,104.80690383333334°„E,942.0,26.537,184.69
12:14:33.00,24-07-14,28.203830666666665°„N,104.806898°„E,942.4,24.013,185.02
12:14:34.00,24-07-14,28.20377433333333°„N,104.8068925°„E,942.8,22.026,185.05
12:14:35.00,24-07-14,28.203721°„N,104.80688733333334°„E,943.2,21.195,184.95
12:14:36.00,24-07-14,28.203667833333334°„N,104.80688183333334°„E,943.7,21.354,185.47
12:14:37.00,24-07-14,28.203613666666666°„N,104.806876°„E,944.1,21.955,185.52
12:14:38.00,24-07-14,28.203557666666665°„N,104.80687°„E,944.5,22.647,185.33
12:14:39.00,24-07-14,28.203499833333332°„N,104.806864°„E,944.9,23.351,185.22
12:14:40.00,24-07-14,28.203440666666665°„N,104.806858°„E,945.3,23.873,185.20
12:14:41.00,24-07-14,28.203380166666665°„N,104.80685183333334°„E,945.8,24.291,185.27
12:14:42.00,24-07-14,28.203318333333332°„N,104.80684583333333°„E,946.2,24.973,185.03
12:14:43.00,24-07-14,28.2032545°„N,104.80683916666666°„E,946.7,25.919,185.43
12:14:44.00,24-07-14,28.203188166666667°„N,104.80683266666666°„E,947.2,26.875,184.95
12:14:45.00,24-07-14,28.20311866666667°„N,104.80682616666667°„E,947.8,28.170,184.72
12:14:46.00,24-07-14,28.20304683333333°„N,104.80681983333334°„E,948.4,29.081,184.36
12:14:47.00,24-07-14,28.202972666666668°„N,104.80681333333334°„E,948.9,30.002,184.59
12:14:48.00,24-07-14,28.202896166666665°„N,104.8068065°„E,949.4,30.837,184.68
12:14:49.00,24-07-14,28.2028175°„N,104.806799°„E,949.9,31.801,184.90
12:14:50.00,24-07-14,28.202735833333332°„N,104.80679133333334°„E,950.3,33.063,184.84
12:14:51.00,24-07-14,28.2026515°„N,104.80678316666666°„E,950.7,34.068,184.98
12:14:52.00,24-07-14,28.2025645°„N,104.80677466666667°„E,951.1,35.208,184.94
12:14:53.00,24-07-14,28.202474666666667°„N,104.8067665°„E,951.5,36.310,184.48
12:14:54.00,24-07-14,28.202382166666666°„N,104.80675816666667°„E,951.8,37.273,184.61
12:14:55.00,24-07-14,28.202287833333333°„N,104.80674933333333°„E,952.1,38.063,184.82
12:14:56.00,24-07-14,28.202192666666665°„N,104.80673983333334°„E,952.4,38.227,185.21
12:14:57.00,24-07-14,28.202097166666668°„N,104.80672916666667°„E,952.7,38.281,185.71
12:14:58.00,24-07-14,28.202002166666666°„N,104.80671783333334°„E,953.0,38.193,186.24
12:14:59.00,24-07-14,28.2019075°„N,104.8067045°„E,953.3,38.085,187.57
12:15:00.00,24-07-14,28.201813833333333°„N,104.80668816666666°„E,953.6,37.750,189.33
12:15:01.00,24-07-14,28.201721°„N,104.8066685°„E,954.0,37.745,191.24
12:15:02.00,24-07-14,28.201629166666667°„N,104.80664366666667°„E,954.4,37.673,194.45
12:15:03.00,24-07-14,28.2015395°„N,104.80661216666667°„E,954.8,37.484,198.60
12:15:04.00,24-07-14,28.2014525°„N,104.80657316666667°„E,955.2,37.358,203.01
12:15:05.00,24-07-14,28.201368833333333°„N,104.80652733333334°„E,955.6,37.039,207.11
12:15:06.00,24-07-14,28.20128933333333°„N,104.80647833333333°„E,956.0,35.792,209.27
12:15:07.00,24-07-14,28.201214833333335°„N,104.80643016666667°„E,956.4,33.581,209.96
12:15:08.00,24-07-14,28.201144666666668°„N,104.80638383333333°„E,956.8,32.053,210.45
12:15:09.00,24-07-14,28.201077166666668°„N,104.8063395°„E,957.2,30.862,210.04
12:15:10.00,24-07-14,28.201011166666667°„N,104.8062965°„E,957.6,30.166,210.07
12:15:11.00,24-07-14,28.200945833333332°„N,104.80625316666666°„E,957.9,30.325,210.48
12:15:12.00,24-07-14,28.200879333333333°„N,104.80620883333333°„E,958.0,31.023,210.55
12:15:13.00,24-07-14,28.2008125°„N,104.806164°„E,958.4,31.022,210.62
12:15:14.00,24-07-14,28.200745166666668°„N,104.80611933333333°„E,958.8,31.250,210.52
12:15:15.00,24-07-14,28.2006775°„N,104.80607366666666°„E,959.1,31.455,210.98
12:15:16.00,24-07-14,28.200608833333334°„N,104.806028°„E,959.5,31.983,210.20
12:15:17.00,24-07-14,28.200539°„N,104.80598233333333°„E,959.9,32.316,210.16
12:15:18.00,24-07-14,28.200469166666668°„N,104.80593616666667°„E,960.2,32.292,210.44
12:15:19.00,24-07-14,28.200399333333333°„N,104.80588983333334°„E,960.5,32.379,210.45
12:15:20.00,24-07-14,28.200329333333332°„N,104.80584333333333°„E,960.8,32.458,210.70
12:15:21.00,24-07-14,28.200260666666665°„N,104.80579716666666°„E,961.1,31.692,210.86
12:15:22.00,24-07-14,28.200193666666667°„N,104.80575233333333°„E,961.5,30.801,210.66
12:15:23.00,24-07-14,28.200128666666668°„N,104.80570933333334°„E,961.8,29.757,210.35
12:15:24.00,24-07-14,28.200067166666667°„N,104.80566833333333°„E,962.2,28.010,210.69
12:15:25.00,24-07-14,28.200011166666666°„N,104.80563083333334°„E,962.5,25.216,210.91
12:15:26.00,24-07-14,28.199961666666667°„N,104.80559733333334°„E,962.8,22.083,211.07
12:15:27.00,24-07-14,28.199917666666668°„N,104.80556766666666°„E,963.1,19.680,210.94
12:15:28.00,24-07-14,28.199878666666667°„N,104.80554166666667°„E,963.3,17.415,210.56
12:15:29.00,24-07-14,28.199843333333334°„N,104.80551816666667°„E,963.4,15.875,210.63
12:15:30.00,24-07-14,28.199811333333333°„N,104.80549733333334°„E,963.5,14.188,209.92
12:15:31.00,24-07-14,28.1997845°„N,104.805481°„E,963.7,11.339,207.81
12:15:32.00,24-07-14,28.1997625°„N,104.80546983333333°„E,963.7,8.881,203.89
12:15:33.00,24-07-14,28.199743°„N,104.8054605°„E,963.8,8.307,203.37
12:15:34.00,24-07-14,28.199724333333332°„N,104.80545°„E,963.8,8.402,207.51
12:15:35.00,24-07-14,28.199703333333332°„N,104.80543633333333°„E,963.9,10.296,210.11
12:15:36.00,24-07-14,28.199681166666668°„N,104.80542216666667°„E,963.9,10.225,209.82
12:15:37.00,24-07-14,28.199658666666668°„N,104.80540666666667°„E,963.9,10.679,211.71
12:15:38.00,24-07-14,28.1996345°„N,104.80538933333334°„E,963.7,11.773,212.50
12:15:39.00,24-07-14,28.199607666666665°„N,104.80536966666666°„E,963.4,13.263,212.77
12:15:40.00,24-07-14,28.199579666666665°„N,104.80535133333333°„E,963.2,12.842,209.01
12:15:41.00,24-07-14,28.199552666666666°„N,104.80534016666667°„E,963.0,10.997,197.39
12:15:42.00,24-07-14,28.199529166666668°„N,104.80533816666667°„E,962.9,8.844,181.67
12:15:43.00,24-07-14,28.19951216666667°„N,104.80534266666666°„E,962.8,6.298,167.82
12:15:44.00,24-07-14,28.199502666666667°„N,104.80534783333333°„E,962.8,3.393,162.56
12:15:45.00,24-07-14,28.199495666666667°„N,104.80535283333333°„E,962.8,3.354,153.57
12:15:46.00,24-07-14,28.19949°„N,104.80535916666666°„E,962.8,3.192,141.20
12:15:47.00,24-07-14,28.199486166666667°„N,104.80536516666666°„E,962.8,2.357,134.77
12:15:48.00,24-07-14,28.19948533333333°„N,104.80536683333334°„E,962.9,0.099,
12:15:49.00,24-07-14,28.1994855°„N,104.8053665°„E,962.8,0.015,
12:15:50.00,24-07-14,28.199485666666668°„N,104.805366°„E,962.8,0.170,
12:15:51.00,24-07-14,28.199486333333333°„N,104.80536433333333°„E,962.7,0.634,146.00
12:15:52.00,24-07-14,28.199487833333333°„N,104.80536233333333°„E,962.7,0.993,266.01
12:15:53.00,24-07-14,28.199490333333333°„N,104.80535966666666°„E,962.6,1.427,304.36
12:15:54.00,24-07-14,28.199492333333332°„N,104.80535716666667°„E,962.6,1.099,307.04
12:15:55.00,24-07-14,28.199494166666668°„N,104.80535483333334°„E,962.5,1.003,308.96
12:15:56.00,24-07-14,28.199494833333333°„N,104.805354°„E,962.5,0.027,
12:15:57.00,24-07-14,28.199494833333333°„N,104.80535416666666°„E,962.5,0.021,
12:15:58.00,24-07-14,28.199494833333333°„N,104.80535433333333°„E,962.5,0.025,
12:15:59.00,24-07-14,28.199495°„N,104.80535449999999°„E,962.5,0.034,
12:16:00.00,24-07-14,28.199496166666666°„N,104.80535383333333°„E,962.5,0.845,314.19
12:16:01.00,24-07-14,28.199498666666667°„N,104.80535166666667°„E,962.5,1.426,315.48
12:16:02.00,24-07-14,28.199502°„N,104.80534833333333°„E,962.5,1.970,315.57
12:16:03.00,24-07-14,28.1995055°„N,104.8053445°„E,962.4,1.926,313.37
12:16:04.00,24-07-14,28.199508666666667°„N,104.805338°„E,962.4,2.919,300.79
12:16:05.00,24-07-14,28.199511666666666°„N,104.8053305°„E,962.3,2.843,297.28
12:16:06.00,24-07-14,28.199514°„N,104.8053225°„E,962.1,3.104,290.92
12:16:07.00,24-07-14,28.199515°„N,104.80531466666666°„E,962.1,2.703,283.51
12:16:08.00,24-07-14,28.199515166666668°„N,104.80530983333334°„E,961.9,1.255,280.74
12:16:09.00,24-07-14,28.199515166666668°„N,104.80530916666666°„E,961.9,0.017,
12:16:10.00,24-07-14,28.199515333333334°„N,104.80530966666667°„E,961.9,0.159,
12:16:11.00,24-07-14,28.199515833333333°„N,104.80531116666667°„E,961.9,0.593,303.44
12:16:12.00,24-07-14,28.1995185°„N,104.80531616666667°„E,961.9,2.614,54.03
12:16:13.00,24-07-14,28.199525°„N,104.8053265°„E,962.0,5.202,53.23
12:16:14.00,24-07-14,28.199536833333333°„N,104.80534033333333°„E,962.1,7.345,45.86
12:16:15.00,24-07-14,28.199553833333333°„N,104.80535533333334°„E,962.2,9.153,37.38
12:16:16.00,24-07-14,28.199575666666668°„N,104.80537116666666°„E,962.4,10.810,31.90
12:16:17.00,24-07-14,28.199601333333334°„N,104.8053875°„E,962.5,12.128,29.08
12:16:18.00,24-07-14,28.19963°„N,104.80540516666667°„E,962.8,13.460,28.61
12:16:19.00,24-07-14,28.199661833333334°„N,104.805425°„E,963.0,14.908,28.54
12:16:20.00,24-07-14,28.19969783333333°„N,104.80544883333333°„E,963.0,17.323,30.91
12:16:21.00,24-07-14,28.199737833333334°„N,104.80547616666666°„E,963.1,19.203,31.45
12:16:22.00,24-07-14,28.199781166666668°„N,104.80550633333333°„E,963.0,20.703,31.65
12:16:23.00,24-07-14,28.199827666666668°„N,104.8055385°„E,962.9,22.183,31.38
12:16:24.00,24-07-14,28.199877666666666°„N,104.80557383333333°„E,962.9,24.111,32.65
12:16:25.00,24-07-14,28.199931833333334°„N,104.80561166666666°„E,962.7,25.867,31.45
12:16:26.00,24-07-14,28.19998916666667°„N,104.80565083333333°„E,962.4,27.149,31.20
12:16:27.00,24-07-14,28.200049833333335°„N,104.8056915°„E,962.1,28.461,30.48
12:16:28.00,24-07-14,28.2001125°„N,104.805733°„E,961.8,29.230,30.35
12:16:29.00,24-07-14,28.200175166666668°„N,104.80577466666666°„E,961.6,28.920,30.48
12:16:30.00,24-07-14,28.200236666666665°„N,104.80581566666666°„E,961.3,28.266,30.64
12:16:31.00,24-07-14,28.200296666666667°„N,104.80585566666667°„E,961.0,27.642,30.48
12:16:32.00,24-07-14,28.200355166666668°„N,104.80589466666666°„E,960.7,26.807,30.55
12:16:33.00,24-07-14,28.200411833333334°„N,104.80593233333333°„E,960.5,25.936,30.69
12:16:34.00,24-07-14,28.200466333333335°„N,104.80596866666667°„E,960.3,24.966,30.50
12:16:35.00,24-07-14,28.200518166666665°„N,104.80600333333334°„E,960.1,23.650,30.79
12:16:36.00,24-07-14,28.200567°„N,104.80603616666667°„E,959.8,22.230,30.79
12:16:37.00,24-07-14,28.2006125°„N,104.80606683333333°„E,959.6,20.601,30.98
12:16:38.00,24-07-14,28.200652666666667°„N,104.806094°„E,959.4,17.839,30.90
12:16:39.00,24-07-14,28.2006875°„N,104.806117°„E,959.3,15.296,30.48
12:16:40.00,24-07-14,28.200719666666668°„N,104.80613833333334°„E,959.1,14.704,30.37
12:16:41.00,24-07-14,28.200750833333334°„N,104.80615916666666°„E,959.0,14.342,30.27
12:16:42.00,24-07-14,28.200780333333334°„N,104.80617783333334°„E,958.8,13.016,28.93
12:16:43.00,24-07-14,28.200807833333332°„N,104.80619483333334°„E,958.7,12.350,28.48
12:16:44.00,24-07-14,28.200835833333333°„N,104.80621183333334°„E,958.6,12.779,28.41
12:16:45.00,24-07-14,28.200863°„N,104.80622833333334°„E,958.4,12.131,28.16
12:16:46.00,24-07-14,28.200889833333335°„N,104.80624483333334°„E,958.3,12.250,28.61
12:16:47.00,24-07-14,28.200916833333334°„N,104.80626166666667°„E,958.2,12.257,28.93
12:16:48.00,24-07-14,28.200944166666666°„N,104.8062785°„E,958.1,12.500,28.89
12:16:49.00,24-07-14,28.200971833333334°„N,104.806296°„E,958.0,12.715,29.49
12:16:50.00,24-07-14,28.20099816666667°„N,104.8063125°„E,957.9,11.678,29.07
12:16:51.00,24-07-14,28.201021°„N,104.80632483333333°„E,957.8,9.518,24.37
12:16:52.00,24-07-14,28.2010425°„N,104.80633116666667°„E,957.6,8.572,12.73
12:16:53.00,24-07-14,28.2010595°„N,104.80633116666667°„E,957.5,6.190,0.90
12:16:54.00,24-07-14,28.2010695°„N,104.80632883333334°„E,957.5,3.226,355.64
12:16:55.00,24-07-14,28.201074333333334°„N,104.80632716666666°„E,957.5,1.547,352.34
12:16:56.00,24-07-14,28.2010775°„N,104.80632566666667°„E,957.5,1.356,344.93
12:16:57.00,24-07-14,28.201082166666666°„N,104.8063225°„E,957.5,2.604,330.16
12:16:58.00,24-07-14,28.201087833333332°„N,104.806317°„E,957.5,3.195,321.24
12:16:59.00,24-07-14,28.2010935°„N,104.80630983333333°„E,957.4,3.503,314.43
12:17:00.00,24-07-14,28.2010975°„N,104.8063025°„E,957.4,2.882,306.90
12:17:01.00,24-07-14,28.201099°„N,104.806299°„E,957.4,0.800,306.12
12:17:02.00,24-07-14,28.201099166666665°„N,104.8062985°„E,957.4,0.017,
12:17:03.00,24-07-14,28.201099°„N,104.80629833333333°„E,957.3,0.017,
12:17:04.00,24-07-14,28.201098833333333°„N,104.80629833333333°„E,957.3,0.020,
12:17:05.00,24-07-14,28.201098666666667°„N,104.80629833333333°„E,957.2,0.010,
12:17:06.00,24-07-14,28.2010985°„N,104.80629833333333°„E,957.2,0.020,
12:17:07.00,24-07-14,28.201098333333334°„N,104.80629816666666°„E,957.2,0.020,
12:17:08.00,24-07-14,28.201098166666668°„N,104.80629816666666°„E,957.2,0.018,
12:17:09.00,24-07-14,28.201098°„N,104.80629816666666°„E,957.2,0.014,
12:17:10.00,24-07-14,28.201097833333332°„N,104.80629816666666°„E,957.2,0.018,
12:17:11.00,24-07-14,28.201097666666666°„N,104.80629833333333°„E,957.2,0.016,
12:17:12.00,24-07-14,28.201097666666666°„N,104.80629833333333°„E,957.2,0.013,
12:17:13.00,24-07-14,28.2010975°„N,104.80629866666666°„E,957.2,0.038,
12:17:14.00,24-07-14,28.201097333333333°„N,104.80629883333333°„E,957.2,0.023,
12:17:15.00,24-07-14,28.201097333333333°„N,104.806299°„E,957.2,0.041,
12:17:16.00,24-07-14,28.201097333333333°„N,104.80629916666666°„E,957.3,0.033,
12:17:17.00,24-07-14,28.201097166666667°„N,104.80629933333333°„E,957.3,0.015,
12:17:18.00,24-07-14,28.201097°„N,104.8062995°„E,957.3,0.011,
12:17:19.00,24-07-14,28.201096833333335°„N,104.8062995°„E,957.3,0.018,
12:17:20.00,24-07-14,28.201096833333335°„N,104.8062995°„E,957.2,0.030,
12:17:21.00,24-07-14,28.20109666666667°„N,104.8062995°„E,957.2,0.014,
12:17:22.00,24-07-14,28.20109666666667°„N,104.80629933333333°„E,957.2,0.033,
12:17:23.00,24-07-14,28.2010965°„N,104.80629933333333°„E,957.2,0.035,
12:17:24.00,24-07-14,28.2010965°„N,104.80629933333333°„E,957.1,0.021,
12:17:25.00,24-07-14,28.2010965°„N,104.80629933333333°„E,957.1,0.055,
12:17:26.00,24-07-14,28.201096333333332°„N,104.8062995°„E,957.0,0.148,
12:17:27.00,24-07-14,28.201096166666666°„N,104.8062995°„E,956.9,0.036,
12:17:28.00,24-07-14,28.201096333333332°„N,104.80629966666666°„E,956.8,0.029,
12:17:29.00,24-07-14,28.201096333333332°„N,104.8063°„E,956.8,0.120,
12:17:30.00,24-07-14,28.201095166666665°„N,104.8063015°„E,956.8,0.975,203.75
12:17:31.00,24-07-14,28.201094°„N,104.80630283333333°„E,956.8,0.508,186.66
12:17:32.00,24-07-14,28.201092666666668°„N,104.80630466666666°„E,956.8,0.994,143.45
12:17:33.00,24-07-14,28.201091333333334°„N,104.80630633333334°„E,956.8,0.721,140.08
12:17:34.00,24-07-14,28.20109°„N,104.80630816666667°„E,956.8,0.856,135.95
12:17:35.00,24-07-14,28.201088°„N,104.80631066666666°„E,956.9,1.307,133.58
12:17:36.00,24-07-14,28.201086166666666°„N,104.80631333333334°„E,956.8,1.147,129.35
12:17:37.00,24-07-14,28.201084333333334°„N,104.80631633333333°„E,956.9,1.330,127.36
12:17:38.00,24-07-14,28.201082333333332°„N,104.80631983333333°„E,956.8,1.497,124.36
12:17:39.00,24-07-14,28.201080166666667°„N,104.80632583333333°„E,956.9,2.614,114.06
12:17:40.00,24-07-14,28.201078333333335°„N,104.80633333333333°„E,956.9,2.765,108.09
12:17:41.00,24-07-14,28.201076666666665°„N,104.80634066666667°„E,956.9,2.613,106.02
12:17:42.00,24-07-14,28.201075666666668°„N,104.80634816666667°„E,956.9,2.659,101.40
12:17:43.00,24-07-14,28.201075333333332°„N,104.8063545°„E,957.0,2.055,97.03
12:17:44.00,24-07-14,28.201075333333332°„N,104.80635633333333°„E,957.0,0.027,
12:17:45.00,24-07-14,28.201075333333332°„N,104.80635616666666°„E,957.0,0.112,
12:17:46.00,24-07-14,28.2010745°„N,104.80635383333333°„E,957.1,1.242,140.26
12:17:47.00,24-07-14,28.201072°„N,104.80634866666666°„E,957.2,2.517,220.83
12:17:48.00,24-07-14,28.201066166666667°„N,104.80634033333334°„E,957.2,4.284,228.44
12:17:49.00,24-07-14,28.201056166666667°„N,104.80632983333334°„E,957.2,6.009,222.25
12:17:50.00,24-07-14,28.201041833333335°„N,104.80631783333334°„E,957.3,7.524,217.31
12:17:51.00,24-07-14,28.2010245°„N,104.80630416666666°„E,957.4,8.805,215.43
12:17:52.00,24-07-14,28.201005333333335°„N,104.80628966666667°„E,957.5,9.375,213.79
12:17:53.00,24-07-14,28.200985°„N,104.8062755°„E,957.6,9.474,211.86
12:17:54.00,24-07-14,28.200966°„N,104.80626266666667°„E,957.6,8.500,211.04
12:17:55.00,24-07-14,28.200949°„N,104.8062515°„E,957.7,7.488,210.01
12:17:56.00,24-07-14,28.200935166666667°„N,104.806241°„E,957.8,6.332,214.07
12:17:57.00,24-07-14,28.200923166666666°„N,104.8062305°„E,957.9,5.862,217.47
12:17:58.00,24-07-14,28.200912166666665°„N,104.80621983333333°„E,958.0,5.782,220.20
12:17:59.00,24-07-14,28.20090233333333°„N,104.80621033333334°„E,958.1,4.899,219.44
12:18:00.00,24-07-14,28.2008945°„N,104.8062045°„E,958.1,3.152,216.58
12:18:01.00,24-07-14,28.20089°„N,104.80620183333333°„E,958.2,1.559,214.46
12:18:02.00,24-07-14,28.200888833333334°„N,104.80620116666667°„E,958.1,0.025,
12:18:03.00,24-07-14,28.200888666666668°„N,104.80620116666667°„E,958.1,0.030,
12:18:04.00,24-07-14,28.200888666666668°„N,104.806201°„E,958.0,0.031,
12:18:05.00,24-07-14,28.2008885°„N,104.806201°„E,958.0,0.027,
12:18:06.00,24-07-14,28.20088833333333°„N,104.806201°„E,957.9,0.010,
12:18:07.00,24-07-14,28.200888166666665°„N,104.806201°„E,957.8,0.029,
12:18:08.00,24-07-14,28.200888°„N,104.80620083333334°„E,957.8,0.026,
12:18:09.00,24-07-14,28.200887833333333°„N,104.80620083333334°„E,957.7,0.044,
12:18:10.00,24-07-14,28.200887666666667°„N,104.80620066666667°„E,957.7,0.032,
12:18:11.00,24-07-14,28.2008875°„N,104.8062005°„E,957.6,0.007,
12:18:12.00,24-07-14,28.2008875°„N,104.80620033333334°„E,957.6,0.016,
12:18:13.00,24-07-14,28.200887666666667°„N,104.80620016666667°„E,957.5,0.033,
12:18:14.00,24-07-14,28.200887666666667°„N,104.8062°„E,957.5,0.009,
12:18:15.00,24-07-14,28.200887666666667°„N,104.80619983333334°„E,957.4,0.014,
12:18:16.00,24-07-14,28.200887666666667°„N,104.80619966666667°„E,957.4,0.043,
12:18:17.00,24-07-14,28.200887833333333°„N,104.8061995°„E,957.3,0.027,
12:18:18.00,24-07-14,28.200887833333333°„N,104.8061995°„E,957.3,0.001,
12:18:19.00,24-07-14,28.200887833333333°„N,104.80619933333334°„E,957.2,0.015,
12:18:20.00,24-07-14,28.200887833333333°„N,104.80619916666667°„E,957.2,0.032,
12:18:21.00,24-07-14,28.200887833333333°„N,104.806199°„E,957.1,0.032,
12:18:22.00,24-07-14,28.200887833333333°„N,104.80619883333334°„E,957.1,0.009,
12:18:23.00,24-07-14,28.200887833333333°„N,104.80619866666666°„E,957.0,0.026,
12:18:24.00,24-07-14,28.200887833333333°„N,104.8061985°„E,957.0,0.021,
12:18:25.00,24-07-14,28.200887666666667°„N,104.80619833333333°„E,956.9,0.021,
12:18:26.00,24-07-14,28.200887666666667°„N,104.80619816666666°„E,956.9,0.017,
12:18:27.00,24-07-14,28.200887666666667°„N,104.80619816666666°„E,956.9,0.022,
12:18:28.00,24-07-14,28.2008875°„N,104.806198°„E,956.9,0.032,
12:18:29.00,24-07-14,28.2008875°„N,104.806198°„E,956.8,0.011,
12:18:30.00,24-07-14,28.2008875°„N,104.806198°„E,956.8,0.004,
12:18:31.00,24-07-14,28.2008875°„N,104.80619783333333°„E,956.8,0.002,
12:18:32.00,24-07-14,28.2008875°„N,104.80619783333333°„E,956.8,0.008,
12:18:33.00,24-07-14,28.2008875°„N,104.80619783333333°„E,956.8,0.012,
12:18:34.00,24-07-14,28.2008875°„N,104.80619783333333°„E,956.8,0.009,
12:18:35.00,24-07-14,28.2008875°„N,104.80619783333333°„E,956.8,0.005,
12:18:36.00,24-07-14,28.2008875°„N,104.80619783333333°„E,956.9,0.016,
12:18:37.00,24-07-14,28.2008875°„N,104.80619783333333°„E,956.9,0.033,
12:18:38.00,24-07-14,28.2008875°„N,104.80619783333333°„E,956.9,0.033,
12:18:39.00,24-07-14,28.2008875°„N,104.80619783333333°„E,956.9,0.027,
12:18:40.00,24-07-14,28.2008875°„N,104.80619766666666°„E,956.9,0.049,
12:18:41.00,24-07-14,28.2008875°„N,104.80619766666666°„E,956.9,0.030,
12:18:42.00,24-07-14,28.2008875°„N,104.8061975°„E,956.9,0.017,
12:18:43.00,24-07-14,28.2008875°„N,104.8061975°„E,956.9,0.029,
12:18:44.00,24-07-14,28.200887666666667°„N,104.8061975°„E,956.9,0.007,
12:18:45.00,24-07-14,28.200887666666667°„N,104.8061975°„E,956.9,0.010,
12:18:46.00,24-07-14,28.200887666666667°„N,104.80619766666666°„E,957.0,0.033,
12:18:47.00,24-07-14,28.200887666666667°„N,104.80619766666666°„E,957.0,0.003,
12:18:48.00,24-07-14,28.200887666666667°„N,104.80619766666666°„E,957.1,0.028,
12:18:49.00,24-07-14,28.2008875°„N,104.80619766666666°„E,957.1,0.037,
12:18:50.00,24-07-14,28.200887666666667°„N,104.80619783333333°„E,957.2,0.034,
12:18:51.00,24-07-14,28.200887666666667°„N,104.80619783333333°„E,957.2,0.020,
12:18:52.00,24-07-14,28.200887666666667°„N,104.80619783333333°„E,957.2,0.040,
12:18:53.00,24-07-14,28.200887666666667°„N,104.80619783333333°„E,957.2,0.037,
12:18:54.00,24-07-14,28.200887833333333°„N,104.80619783333333°„E,957.2,0.012,
12:18:55.00,24-07-14,28.200887833333333°„N,104.80619783333333°„E,957.2,0.020,
12:18:56.00,24-07-14,28.200887833333333°„N,104.80619783333333°„E,957.1,0.021,
12:18:57.00,24-07-14,28.200887833333333°„N,104.80619783333333°„E,957.1,0.037,
12:18:58.00,24-07-14,28.200887833333333°„N,104.80619766666666°„E,957.1,0.039,
12:18:59.00,24-07-14,28.200888°„N,104.80619766666666°„E,957.0,0.019,
12:19:00.00,24-07-14,28.200888°„N,104.80619766666666°„E,957.0,0.016,
12:19:01.00,24-07-14,28.200888166666665°„N,104.80619766666666°„E,957.0,0.041,
12:19:02.00,24-07-14,28.200888166666665°„N,104.80619766666666°„E,957.0,0.002,
12:19:03.00,24-07-14,28.200888166666665°„N,104.80619766666666°„E,956.9,0.024,
12:19:04.00,24-07-14,28.20088833333333°„N,104.80619766666666°„E,956.9,0.007,
12:19:05.00,24-07-14,28.20088833333333°„N,104.80619783333333°„E,956.9,0.018,
12:19:06.00,24-07-14,28.20088833333333°„N,104.80619783333333°„E,956.9,0.006,
12:19:07.00,24-07-14,28.20088833333333°„N,104.80619783333333°„E,956.9,0.012,
12:19:08.00,24-07-14,28.20088833333333°„N,104.806198°„E,956.9,0.015,
12:19:09.00,24-07-14,28.20088833333333°„N,104.806198°„E,956.9,0.029,
12:19:10.00,24-07-14,28.20088833333333°„N,104.80619783333333°„E,956.9,0.013,
12:19:11.00,24-07-14,28.2008885°„N,104.80619783333333°„E,956.9,0.022,
12:19:12.00,24-07-14,28.2008885°„N,104.806198°„E,956.9,0.029,
12:19:13.00,24-07-14,28.200888666666668°„N,104.806198°„E,956.9,0.026,
12:19:14.00,24-07-14,28.200888666666668°„N,104.80619816666666°„E,956.9,0.019,
12:19:15.00,24-07-14,28.200888833333334°„N,104.80619833333333°„E,956.9,0.024,
12:19:16.00,24-07-14,28.200888833333334°„N,104.80619833333333°„E,956.9,0.016,
12:19:17.00,24-07-14,28.200889°„N,104.8061985°„E,956.9,0.009,
12:19:18.00,24-07-14,28.200889°„N,104.8061985°„E,956.9,0.012,
12:19:19.00,24-07-14,28.200889166666666°„N,104.80619866666666°„E,956.9,0.019,
12:19:20.00,24-07-14,28.200889166666666°„N,104.80619866666666°„E,956.9,0.008,
12:19:21.00,24-07-14,28.200889333333333°„N,104.80619866666666°„E,956.9,0.025,
12:19:22.00,24-07-14,28.200889333333333°„N,104.80619866666666°„E,957.0,0.010,
12:19:23.00,24-07-14,28.200889333333333°„N,104.8061985°„E,957.0,0.033,
12:19:24.00,24-07-14,28.2008895°„N,104.8061985°„E,956.9,0.016,
12:19:25.00,24-07-14,28.200889333333333°„N,104.8061985°„E,956.9,0.013,
12:19:26.00,24-07-14,28.200889333333333°„N,104.80619833333333°„E,956.9,0.023,
12:19:27.00,24-07-14,28.200889333333333°„N,104.80619833333333°„E,956.9,0.013,
12:19:28.00,24-07-14,28.200889333333333°„N,104.80619833333333°„E,956.9,0.003,
12:19:29.00,24-07-14,28.200889333333333°„N,104.80619816666666°„E,956.9,0.006,
12:19:30.00,24-07-14,28.2008895°„N,104.80619816666666°„E,956.9,0.040,
12:19:31.00,24-07-14,28.2008895°„N,104.80619816666666°„E,956.9,0.011,
12:19:32.00,24-07-14,28.200889666666665°„N,104.80619816666666°„E,957.0,0.019,
12:19:33.00,24-07-14,28.200889666666665°„N,104.80619833333333°„E,957.0,0.009,
12:19:34.00,24-07-14,28.200889666666665°„N,104.8061985°„E,957.0,0.011,
12:19:35.00,24-07-14,28.200889666666665°„N,104.80619866666666°„E,957.0,0.027,
12:19:36.00,24-07-14,28.200889666666665°„N,104.80619866666666°„E,957.0,0.009,
12:19:37.00,24-07-14,28.200889666666665°„N,104.806199°„E,957.0,0.007,
12:19:38.00,24-07-14,28.200889666666665°„N,104.80619916666667°„E,957.0,0.010,
12:19:39.00,24-07-14,28.200889666666665°„N,104.80619933333334°„E,957.0,0.020,
12:19:40.00,24-07-14,28.2008895°„N,104.80619966666667°„E,957.1,0.020,
12:19:41.00,24-07-14,28.2008895°„N,104.80619983333334°„E,957.1,0.017,
12:19:42.00,24-07-14,28.2008895°„N,104.8062°„E,957.2,0.020,
12:19:43.00,24-07-14,28.2008895°„N,104.80620016666667°„E,957.2,0.016,
12:19:44.00,24-07-14,28.2008895°„N,104.80620033333334°„E,957.3,0.017,
12:19:45.00,24-07-14,28.200889666666665°„N,104.80620033333334°„E,957.3,0.008,
12:19:46.00,24-07-14,28.200889666666665°„N,104.80620033333334°„E,957.4,0.014,
12:19:47.00,24-07-14,28.200889833333335°„N,104.80620033333334°„E,957.4,0.021,
12:19:48.00,24-07-14,28.20089°„N,104.80620033333334°„E,957.4,0.013,
12:19:49.00,24-07-14,28.200890166666667°„N,104.80620033333334°„E,957.5,0.017,
12:19:50.00,24-07-14,28.200890333333334°„N,104.80620016666667°„E,957.5,0.039,
12:19:51.00,24-07-14,28.2008905°„N,104.80620033333334°„E,957.6,0.006,
12:19:52.00,24-07-14,28.200890666666666°„N,104.80620033333334°„E,957.7,0.053,
12:19:53.00,24-07-14,28.200890833333332°„N,104.80620033333334°„E,957.7,0.009,
12:19:54.00,24-07-14,28.200891°„N,104.8062005°„E,957.8,0.016,
12:19:55.00,24-07-14,28.20089116666667°„N,104.80620083333334°„E,957.9,0.022,
12:19:56.00,24-07-14,28.20089116666667°„N,104.806201°„E,958.0,0.026,
12:19:57.00,24-07-14,28.2008915°„N,104.80620133333333°„E,958.2,0.031,
12:19:58.00,24-07-14,28.2008915°„N,104.8062015°„E,958.2,0.035,
12:19:59.00,24-07-14,28.200891666666667°„N,104.80620166666667°„E,958.3,0.035,
12:20:00.00,24-07-14,28.200891666666667°„N,104.80620166666667°„E,958.4,0.019,
12:20:01.00,24-07-14,28.200891833333333°„N,104.8062015°„E,958.4,0.033,
12:20:02.00,24-07-14,28.200891833333333°„N,104.8062015°„E,958.4,0.029,
12:20:03.00,24-07-14,28.200891833333333°„N,104.8062015°„E,958.4,0.014,
12:20:04.00,24-07-14,28.200891833333333°„N,104.8062015°„E,958.4,0.012,
12:20:05.00,24-07-14,28.20089116666667°„N,104.80620116666667°„E,958.4,0.392,
12:20:06.00,24-07-14,28.200887666666667°„N,104.80620016666667°„E,958.5,1.889,200.11
12:20:07.00,24-07-14,28.2008775°„N,104.8061965°„E,958.5,5.250,198.42
12:20:08.00,24-07-14,28.2008615°„N,104.80618966666667°„E,958.5,7.405,201.15
12:20:09.00,24-07-14,28.200840666666668°„N,104.80617916666667°„E,958.6,9.838,204.72
12:20:10.00,24-07-14,28.2008145°„N,104.80616366666666°„E,958.7,12.589,208.69
12:20:11.00,24-07-14,28.200783666666666°„N,104.80614383333334°„E,958.9,14.854,209.55
12:20:12.00,24-07-14,28.200749333333334°„N,104.80612116666667°„E,959.1,16.291,210.73
12:20:13.00,24-07-14,28.200711666666667°„N,104.80609583333333°„E,959.3,17.960,210.71
12:20:14.00,24-07-14,28.2006705°„N,104.8060685°„E,959.5,19.515,210.55
12:20:15.00,24-07-14,28.200626166666666°„N,104.80603933333333°„E,959.8,20.828,210.04
12:20:16.00,24-07-14,28.200579333333334°„N,104.806009°„E,960.0,21.838,209.87
12:20:17.00,24-07-14,28.200532166666665°„N,104.80597833333333°„E,960.3,21.710,209.98
12:20:18.00,24-07-14,28.200484666666668°„N,104.80594733333334°„E,960.5,21.912,210.13
12:20:19.00,24-07-14,28.200436166666666°„N,104.80591566666666°„E,960.7,22.525,210.14
12:20:20.00,24-07-14,28.200386166666668°„N,104.80588266666666°„E,960.9,23.307,210.34
12:20:21.00,24-07-14,28.200334666666667°„N,104.80584833333333°„E,961.1,24.093,210.74
12:20:22.00,24-07-14,28.200282333333334°„N,104.80581333333333°„E,961.3,24.310,210.84
12:20:23.00,24-07-14,28.200230666666666°„N,104.80577883333333°„E,961.6,23.674,210.62
12:20:24.00,24-07-14,28.200180833333334°„N,104.80574566666667°„E,961.8,22.755,210.70
12:20:25.00,24-07-14,28.200133°„N,104.8057135°„E,962.0,21.968,210.83
12:20:26.00,24-07-14,28.200085833333333°„N,104.805682°„E,962.2,21.730,210.79
12:20:27.00,24-07-14,28.2000405°„N,104.80565166666666°„E,962.5,20.690,210.70
12:20:28.00,24-07-14,28.199998°„N,104.8056235°„E,962.7,19.103,210.72
12:20:29.00,24-07-14,28.199959833333335°„N,104.80559816666667°„E,962.9,16.993,210.52
12:20:30.00,24-07-14,28.199926666666666°„N,104.80557616666667°„E,963.1,14.608,210.59
12:20:31.00,24-07-14,28.199897666666665°„N,104.805557°„E,963.2,12.806,210.50
12:20:32.00,24-07-14,28.1998715°„N,104.8055395°„E,963.4,11.834,210.73
12:20:33.00,24-07-14,28.199846°„N,104.8055225°„E,963.5,11.752,210.52
12:20:34.00,24-07-14,28.199820166666665°„N,104.8055055°„E,963.6,11.937,210.32
12:20:35.00,24-07-14,28.199792333333335°„N,104.80548716666667°„E,963.6,13.240,210.32
12:20:36.00,24-07-14,28.1997615°„N,104.805467°„E,963.7,14.566,210.18
12:20:37.00,24-07-14,28.199728166666667°„N,104.8054455°„E,963.8,15.638,209.63
12:20:38.00,24-07-14,28.199693°„N,104.80542233333334°„E,963.8,16.429,210.63
12:20:39.00,24-07-14,28.199656°„N,104.80539816666666°„E,963.7,17.351,210.16
12:20:40.00,24-07-14,28.199615666666666°„N,104.80537166666667°„E,963.4,19.165,210.29
12:20:41.00,24-07-14,28.1995725°„N,104.80534266666666°„E,963.0,20.461,210.84
12:20:42.00,24-07-14,28.19952766666667°„N,104.80531233333333°„E,962.7,21.038,210.95
12:20:43.00,24-07-14,28.199480833333332°„N,104.80528083333333°„E,962.5,22.038,210.93
12:20:44.00,24-07-14,28.199431166666667°„N,104.80524666666666°„E,962.2,23.801,211.38
12:20:45.00,24-07-14,28.199377333333334°„N,104.80520983333334°„E,961.9,25.673,211.23
12:20:46.00,24-07-14,28.199320666666665°„N,104.80517066666667°„E,961.5,26.962,211.71
12:20:47.00,24-07-14,28.199262333333333°„N,104.80513116666667°„E,961.1,27.227,210.63
12:20:48.00,24-07-14,28.199203666666666°„N,104.8050935°„E,960.8,26.785,209.25
12:20:49.00,24-07-14,28.19914483333333°„N,104.8050575°„E,960.5,26.572,208.36
12:20:50.00,24-07-14,28.199083333333334°„N,104.80502166666666°„E,960.0,27.999,207.10
12:20:51.00,24-07-14,28.1990185°„N,104.804985°„E,959.7,29.218,206.49
12:20:52.00,24-07-14,28.198951666666666°„N,104.8049495°„E,959.3,29.505,204.66
12:20:53.00,24-07-14,28.198883333333335°„N,104.80491783333333°„E,958.8,29.414,201.43
12:20:54.00,24-07-14,28.198813333333334°„N,104.80489083333333°„E,958.3,29.469,197.73
12:20:55.00,24-07-14,28.198742°„N,104.8048695°„E,957.8,29.368,193.76
12:20:56.00,24-07-14,28.198669333333335°„N,104.80485516666667°„E,957.3,29.448,188.30
12:20:57.00,24-07-14,28.198595666666666°„N,104.80484833333334°„E,956.8,29.494,183.04
12:20:58.00,24-07-14,28.198521333333332°„N,104.80484833333334°„E,956.3,29.670,178.68
12:20:59.00,24-07-14,28.1984465°„N,104.80485483333334°„E,955.7,30.089,174.40
12:21:00.00,24-07-14,28.198369°„N,104.80486816666667°„E,955.1,31.710,169.99
12:21:01.00,24-07-14,28.1982885°„N,104.80488933333334°„E,954.4,33.520,165.48
12:21:02.00,24-07-14,28.198205666666667°„N,104.804919°„E,953.7,35.197,160.94
12:21:03.00,24-07-14,28.1981215°„N,104.8049565°„E,952.9,36.640,157.24
12:21:04.00,24-07-14,28.198037333333332°„N,104.805001°„E,952.2,37.198,153.93
12:21:05.00,24-07-14,28.197955166666667°„N,104.80504833333333°„E,951.3,36.684,152.48
12:21:06.00,24-07-14,28.19787566666667°„N,104.8050955°„E,950.4,35.561,152.12
12:21:07.00,24-07-14,28.197798166666665°„N,104.805141°„E,949.7,34.537,152.59
12:21:08.00,24-07-14,28.197722°„N,104.80518316666667°„E,948.9,33.659,154.29
12:21:09.00,24-07-14,28.1976465°„N,104.805222°„E,948.0,32.911,156.17
12:21:10.00,24-07-14,28.1975705°„N,104.80525666666666°„E,947.2,32.682,158.83
12:21:11.00,24-07-14,28.197492°„N,104.805287°„E,946.4,33.220,162.20
12:21:12.00,24-07-14,28.197410333333334°„N,104.805311°„E,945.8,33.875,166.59
12:21:13.00,24-07-14,28.1973255°„N,104.80532816666667°„E,945.2,34.586,170.99
12:21:14.00,24-07-14,28.197235833333334°„N,104.80533716666666°„E,944.8,36.451,176.45
12:21:15.00,24-07-14,28.197141666666667°„N,104.80533783333334°„E,944.2,38.032,180.81
12:21:16.00,24-07-14,28.197045166666665°„N,104.80533433333333°„E,943.8,38.687,182.26
12:21:17.00,24-07-14,28.196950166666667°„N,104.80532883333333°„E,943.5,37.551,183.30
12:21:18.00,24-07-14,28.196858333333335°„N,104.80532166666667°„E,943.2,36.373,184.30
12:21:19.00,24-07-14,28.196768833333334°„N,104.80531433333333°„E,942.9,35.503,184.07
12:21:20.00,24-07-14,28.196681166666668°„N,104.80530983333334°„E,942.6,34.747,182.10
12:21:21.00,24-07-14,28.196595666666667°„N,104.80531166666667°„E,942.3,33.828,177.49
12:21:22.00,24-07-14,28.196513166666666°„N,104.805322°„E,942.1,32.843,172.01
12:21:23.00,24-07-14,28.196434166666666°„N,104.80534216666666°„E,941.8,32.133,165.33
12:21:24.00,24-07-14,28.196358°„N,104.8053725°„E,941.5,32.289,158.48
12:21:25.00,24-07-14,28.196284833333333°„N,104.80541366666667°„E,941.2,32.887,151.35
12:21:26.00,24-07-14,28.196215833333333°„N,104.805466°„E,940.9,33.332,143.88
12:21:27.00,24-07-14,28.196152833333333°„N,104.80552883333333°„E,940.6,33.691,136.43
12:21:28.00,24-07-14,28.196096166666667°„N,104.8056005°„E,940.2,34.187,130.05
12:21:29.00,24-07-14,28.196046°„N,104.805678°„E,939.9,33.828,124.61
12:21:30.00,24-07-14,28.196001333333335°„N,104.805757°„E,939.7,32.862,121.62
12:21:31.00,24-07-14,28.195959666666667°„N,104.8058375°„E,939.4,33.098,119.85
12:21:32.00,24-07-14,28.195919666666665°„N,104.80592016666667°„E,939.1,33.438,118.22
12:21:33.00,24-07-14,28.195881333333332°„N,104.80600366666667°„E,938.6,33.102,117.05
12:21:34.00,24-07-14,28.195844°„N,104.80608616666666°„E,938.2,32.608,117.03
12:21:35.00,24-07-14,28.19580716666667°„N,104.8061675°„E,937.9,32.256,116.92
12:21:36.00,24-07-14,28.195770666666668°„N,104.80624833333333°„E,937.5,31.987,117.00
12:21:37.00,24-07-14,28.195734833333333°„N,104.80632933333334°„E,937.1,31.953,116.35
12:21:38.00,24-07-14,28.195699°„N,104.8064105°„E,936.6,32.093,116.72
12:21:39.00,24-07-14,28.195662833333333°„N,104.806492°„E,936.1,32.310,116.84
12:21:40.00,24-07-14,28.19562566666667°„N,104.8065735°„E,935.6,32.421,117.67
12:21:41.00,24-07-14,28.195586833333333°„N,104.8066545°„E,935.1,32.634,118.54
12:21:42.00,24-07-14,28.195546°„N,104.80673533333334°„E,934.5,33.056,120.22
12:21:43.00,24-07-14,28.195502333333334°„N,104.80681516666667°„E,933.9,33.310,122.38
12:21:44.00,24-07-14,28.195453666666666°„N,104.80689283333334°„E,933.2,33.750,126.63
12:21:45.00,24-07-14,28.195399°„N,104.80696633333334°„E,932.5,34.046,131.63
12:21:46.00,24-07-14,28.195337666666667°„N,104.80703433333333°„E,931.8,34.399,137.27
12:21:47.00,24-07-14,28.195269833333334°„N,104.80709516666667°„E,931.2,34.689,143.45
12:21:48.00,24-07-14,28.195195833333333°„N,104.807146°„E,930.5,34.697,151.00
12:21:49.00,24-07-14,28.195116333333335°„N,104.8071865°„E,929.9,34.910,157.82
12:21:50.00,24-07-14,28.195032833333332°„N,104.807217°„E,929.3,35.104,163.84
12:21:51.00,24-07-14,28.1949465°„N,104.80723866666666°„E,928.7,35.272,168.95
12:21:52.00,24-07-14,28.194858833333335°„N,104.807252°„E,928.2,35.307,173.64
12:21:53.00,24-07-14,28.1947705°„N,104.80725883333334°„E,927.6,35.310,177.12
12:21:54.00,24-07-14,28.1946815°„N,104.807261°„E,927.0,35.456,179.51
12:21:55.00,24-07-14,28.1945915°„N,104.80726066666666°„E,926.4,36.008,180.37
12:21:56.00,24-07-14,28.194499°„N,104.80725883333334°„E,925.8,37.274,181.12
12:21:57.00,24-07-14,28.1944035°„N,104.8072565°„E,925.1,38.283,181.27
12:21:58.00,24-07-14,28.194305666666665°„N,104.80725383333333°„E,924.5,39.309,181.36
12:21:59.00,24-07-14,28.1942055°„N,104.807251°„E,923.8,40.094,181.32
12:22:00.00,24-07-14,28.1941035°„N,104.807248°„E,923.1,40.930,181.46
12:22:01.00,24-07-14,28.1939995°„N,104.80724516666666°„E,922.4,41.711,181.32
12:22:02.00,24-07-14,28.193894333333333°„N,104.80724233333333°„E,921.6,41.990,181.30
12:22:03.00,24-07-14,28.193789333333335°„N,104.8072395°„E,920.9,41.919,181.32
12:22:04.00,24-07-14,28.193684166666667°„N,104.80723633333334°„E,920.2,41.893,181.56
12:22:05.00,24-07-14,28.193579166666666°„N,104.80723366666666°„E,919.4,41.908,181.15
12:22:06.00,24-07-14,28.193474°„N,104.80723166666667°„E,918.6,41.974,180.90
12:22:07.00,24-07-14,28.1933705°„N,104.80722983333334°„E,917.8,41.019,180.86
12:22:08.00,24-07-14,28.193269666666666°„N,104.80722766666666°„E,917.0,39.873,181.09
12:22:09.00,24-07-14,28.193170833333333°„N,104.80722583333333°„E,916.3,39.202,180.81
12:22:10.00,24-07-14,28.1930735°„N,104.8072235°„E,915.5,38.635,181.36
12:22:11.00,24-07-14,28.192977°„N,104.80722066666667°„E,914.8,38.452,181.48
12:22:12.00,24-07-14,28.19288°„N,104.8072175°„E,914.1,38.850,181.65
12:22:13.00,24-07-14,28.192782166666667°„N,104.80721416666667°„E,913.4,39.112,181.64
12:22:14.00,24-07-14,28.1926835°„N,104.80721116666666°„E,912.7,39.466,181.49
12:22:15.00,24-07-14,28.192584333333333°„N,104.80720833333334°„E,912.0,39.532,181.33
12:22:16.00,24-07-14,28.1924855°„N,104.8072055°„E,911.3,39.355,181.45
12:22:17.00,24-07-14,28.192387833333335°„N,104.80720083333334°„E,910.6,38.838,182.76
12:22:18.00,24-07-14,28.192291166666667°„N,104.80719183333333°„E,909.9,38.578,185.42
12:22:19.00,24-07-14,28.192195°„N,104.8071775°„E,909.2,38.683,188.31
12:22:20.00,24-07-14,28.1921°„N,104.80715633333334°„E,908.6,38.704,192.35
12:22:21.00,24-07-14,28.192007333333333°„N,104.80712616666666°„E,907.9,38.406,197.65
12:22:22.00,24-07-14,28.191919°„N,104.80708533333333°„E,907.4,38.036,204.15
12:22:23.00,24-07-14,28.191836666666667°„N,104.80703333333334°„E,907.1,37.591,211.44
12:22:24.00,24-07-14,28.191760333333335°„N,104.80697066666667°„E,906.8,37.721,217.88
12:22:25.00,24-07-14,28.191689°„N,104.806899°„E,906.6,38.387,223.27
12:22:26.00,24-07-14,28.191622333333335°„N,104.80681933333334°„E,906.5,38.804,228.11
12:22:27.00,24-07-14,28.191559166666668°„N,104.806735°„E,906.4,39.153,230.48
12:22:28.00,24-07-14,28.191499°„N,104.806646°„E,906.2,39.691,233.58
12:22:29.00,24-07-14,28.1914415°„N,104.806553°„E,906.1,40.270,235.66
12:22:30.00,24-07-14,28.191384833333334°„N,104.80645733333333°„E,905.9,40.821,236.42
12:22:31.00,24-07-14,28.191327833333332°„N,104.80636016666666°„E,905.8,41.297,236.53
12:22:32.00,24-07-14,28.191271°„N,104.80626283333334°„E,905.6,41.107,236.57
12:22:33.00,24-07-14,28.191214666666667°„N,104.80616783333333°„E,905.5,40.113,235.98
12:22:34.00,24-07-14,28.1911585°„N,104.806077°„E,905.4,38.698,234.66
12:22:35.00,24-07-14,28.19110166666667°„N,104.805993°„E,905.2,36.780,231.67
12:22:36.00,24-07-14,28.191044°„N,104.80592083333333°„E,905.1,33.408,226.30
12:22:37.00,24-07-14,28.1909845°„N,104.80586366666667°„E,904.9,30.297,217.57
12:22:38.00,24-07-14,28.190921333333332°„N,104.8058235°„E,904.8,28.489,205.81
12:22:39.00,24-07-14,28.190855°„N,104.80580133333333°„E,904.7,27.388,192.51
12:22:40.00,24-07-14,28.190788833333333°„N,104.80579766666666°„E,904.6,26.189,178.74
12:22:41.00,24-07-14,28.190726833333333°„N,104.80581216666667°„E,904.5,25.095,164.01
12:22:42.00,24-07-14,28.190669833333335°„N,104.80584433333334°„E,904.4,25.822,149.28
12:22:43.00,24-07-14,28.19062033333333°„N,104.80589366666666°„E,904.2,26.823,134.36
12:22:44.00,24-07-14,28.190582166666665°„N,104.805958°„E,904.0,27.879,119.90
12:22:45.00,24-07-14,28.190557166666668°„N,104.80603333333333°„E,903.7,28.889,106.82
12:22:46.00,24-07-14,28.190548°„N,104.80611633333334°„E,903.6,30.037,93.19
12:22:47.00,24-07-14,28.190557°„N,104.80620266666666°„E,903.3,31.172,79.19
12:22:48.00,24-07-14,28.190583°„N,104.80628833333333°„E,903.1,32.472,67.89
12:22:49.00,24-07-14,28.190619666666667°„N,104.80637333333334°„E,902.9,33.726,62.29
12:22:50.00,24-07-14,28.190660166666667°„N,104.80645983333334°„E,902.6,34.909,62.04
12:22:51.00,24-07-14,28.190701666666666°„N,104.80655°„E,902.3,36.290,62.62
12:22:52.00,24-07-14,28.1907425°„N,104.80664316666666°„E,901.9,37.044,63.97
12:22:53.00,24-07-14,28.190780333333333°„N,104.8067385°„E,901.5,36.916,66.67
12:22:54.00,24-07-14,28.190814666666668°„N,104.80683483333334°„E,901.1,36.633,68.82
12:22:55.00,24-07-14,28.190845500000002°„N,104.8069345°„E,900.7,37.623,71.52
12:22:56.00,24-07-14,28.190872°„N,104.807039°„E,900.4,38.741,75.00
12:22:57.00,24-07-14,28.190894666666665°„N,104.80714733333333°„E,900.1,39.599,77.34
12:22:58.00,24-07-14,28.190914333333332°„N,104.80725716666667°„E,899.8,39.564,79.08
12:22:59.00,24-07-14,28.1909305°„N,104.807366°„E,899.4,38.827,81.02
12:23:00.00,24-07-14,28.190943666666666°„N,104.8074735°„E,899.1,38.118,82.41
12:23:01.00,24-07-14,28.190954833333333°„N,104.807579°„E,898.9,37.409,83.41
12:23:02.00,24-07-14,28.190964833333332°„N,104.80768316666666°„E,898.6,36.828,83.86
12:23:03.00,24-07-14,28.190973833333334°„N,104.80778616666667°„E,898.3,36.534,84.51
12:23:04.00,24-07-14,28.190981833333332°„N,104.807889°„E,898.0,36.535,85.12
12:23:05.00,24-07-14,28.190989°„N,104.80799216666666°„E,897.7,36.578,85.51
12:23:06.00,24-07-14,28.1909945°„N,104.80809366666666°„E,897.5,35.715,86.79
12:23:07.00,24-07-14,28.190995166666667°„N,104.80819066666666°„E,897.1,33.720,90.82
12:23:08.00,24-07-14,28.190986666666667°„N,104.80828183333334°„E,896.7,31.877,98.20
12:23:09.00,24-07-14,28.190966333333332°„N,104.808366°„E,896.2,30.566,108.34
12:23:10.00,24-07-14,28.190931666666668°„N,104.80844066666667°„E,895.9,29.703,121.62
12:23:11.00,24-07-14,28.190883833333334°„N,104.80850216666667°„E,895.6,28.941,135.26
12:23:12.00,24-07-14,28.190825°„N,104.808546°„E,895.4,28.090,151.42
12:23:13.00,24-07-14,28.190759333333332°„N,104.808569°„E,895.1,27.398,167.31
12:23:14.00,24-07-14,28.1906905°„N,104.8085705°„E,894.7,27.896,183.68
12:23:15.00,24-07-14,28.190622°„N,104.80854833333333°„E,894.4,28.979,200.82
12:23:16.00,24-07-14,28.190557°„N,104.80850716666667°„E,894.1,30.150,212.91
12:23:17.00,24-07-14,28.190495666666667°„N,104.80845366666667°„E,893.8,31.238,219.61
12:23:18.00,24-07-14,28.190435333333333°„N,104.8083935°„E,893.3,32.510,222.27
12:23:19.00,24-07-14,28.190374833333333°„N,104.80832783333334°„E,892.9,33.796,224.63
12:23:20.00,24-07-14,28.190314166666667°„N,104.80825666666667°„E,892.6,35.241,226.59
12:23:21.00,24-07-14,28.19025316666667°„N,104.80818033333334°„E,892.2,36.732,228.60
12:23:22.00,24-07-14,28.1901905°„N,104.8081°„E,891.8,38.308,228.70
12:23:23.00,24-07-14,28.190124833333332°„N,104.80801633333333°„E,891.2,40.028,228.33
12:23:24.00,24-07-14,28.190055666666666°„N,104.807929°„E,890.6,41.926,228.02
12:23:25.00,24-07-14,28.1899835°„N,104.80783983333333°„E,889.9,43.102,227.44
12:23:26.00,24-07-14,28.1899095°„N,104.80774933333333°„E,889.1,43.646,227.19
12:23:27.00,24-07-14,28.189834833333332°„N,104.80765866666667°„E,888.4,43.699,227.01
12:23:28.00,24-07-14,28.189759833333333°„N,104.80756866666667°„E,887.6,43.671,226.54
12:23:29.00,24-07-14,28.18968466666667°„N,104.807479°„E,886.7,43.565,226.61
12:23:30.00,24-07-14,28.189609666666666°„N,104.80738916666667°„E,885.8,43.719,226.57
12:23:31.00,24-07-14,28.18953266666667°„N,104.807297°„E,885.0,45.203,226.66
12:23:32.00,24-07-14,28.189452666666668°„N,104.8072015°„E,884.1,46.941,226.67
12:23:33.00,24-07-14,28.189371666666666°„N,104.80710316666666°„E,883.0,47.788,227.18
12:23:34.00,24-07-14,28.189289666666667°„N,104.8070045°„E,882.1,47.730,226.70
12:23:35.00,24-07-14,28.189208833333332°„N,104.80690666666666°„E,881.3,47.150,227.16
12:23:36.00,24-07-14,28.189127833333334°„N,104.80680816666667°„E,880.6,47.652,226.98
12:23:37.00,24-07-14,28.189045°„N,104.80670733333334°„E,879.9,48.981,227.26
12:23:38.00,24-07-14,28.188961333333335°„N,104.80660466666667°„E,879.1,49.424,227.45
12:23:39.00,24-07-14,28.188878666666668°„N,104.80650283333334°„E,878.6,48.398,227.45
12:23:40.00,24-07-14,28.188799166666666°„N,104.8064055°„E,878.0,46.091,227.29
12:23:41.00,24-07-14,28.1887205°„N,104.8063125°„E,877.6,45.108,225.83
12:23:42.00,24-07-14,28.188640166666666°„N,104.80622366666667°„E,877.2,44.744,223.80
12:23:43.00,24-07-14,28.1885555°„N,104.80614133333333°„E,876.9,44.585,219.38
12:23:44.00,24-07-14,28.188467°„N,104.80606483333334°„E,876.5,44.406,216.56
12:23:45.00,24-07-14,28.188374666666668°„N,104.80599383333333°„E,876.1,44.628,213.35
12:23:46.00,24-07-14,28.18827883333333°„N,104.80592933333334°„E,875.7,44.510,209.68
12:23:47.00,24-07-14,28.1881815°„N,104.805869°„E,875.3,44.172,208.53
12:23:48.00,24-07-14,28.188082833333333°„N,104.80581233333334°„E,874.9,44.133,206.26
12:23:49.00,24-07-14,28.187982166666668°„N,104.80576016666667°„E,874.4,44.190,203.94
12:23:50.00,24-07-14,28.187879333333335°„N,104.80571383333333°„E,873.9,44.143,200.86
12:23:51.00,24-07-14,28.187774166666667°„N,104.80567433333333°„E,873.3,44.267,197.29
12:23:52.00,24-07-14,28.187666333333333°„N,104.805642°„E,872.6,44.628,193.90
12:23:53.00,24-07-14,28.187558166666665°„N,104.80561666666667°„E,871.9,43.802,190.73
12:23:54.00,24-07-14,28.187451°„N,104.80559833333334°„E,871.1,43.007,187.79
12:23:55.00,24-07-14,28.187344833333334°„N,104.80558683333334°„E,870.2,42.347,184.58
12:23:56.00,24-07-14,28.18724°„N,104.80558216666667°„E,869.3,41.606,181.46
12:23:57.00,24-07-14,28.1871375°„N,104.80558466666666°„E,868.4,40.708,177.74
12:23:58.00,24-07-14,28.187038°„N,104.805596°„E,867.7,39.602,172.51
12:23:59.00,24-07-14,28.186943333333332°„N,104.80562083333334°„E,866.8,38.546,164.54
12:24:00.00,24-07-14,28.1868535°„N,104.8056595°„E,866.0,38.443,156.75
12:24:01.00,24-07-14,28.1867685°„N,104.8057115°„E,865.2,38.742,149.39
12:24:02.00,24-07-14,28.186689°„N,104.80577566666666°„E,864.4,39.302,142.32
12:24:03.00,24-07-14,28.186616666666666°„N,104.80585216666667°„E,863.6,39.819,134.60
12:24:04.00,24-07-14,28.186553666666665°„N,104.80593966666666°„E,862.9,39.945,126.82
12:24:05.00,24-07-14,28.186501833333335°„N,104.80603583333334°„E,862.2,39.939,118.97
12:24:06.00,24-07-14,28.186462°„N,104.80613866666667°„E,861.7,39.745,111.48
12:24:07.00,24-07-14,28.186434333333334°„N,104.8062455°„E,861.1,39.304,104.19
12:24:08.00,24-07-14,28.186417666666667°„N,104.80635383333333°„E,860.6,38.775,98.12
12:24:09.00,24-07-14,28.186409333333334°„N,104.80646166666666°„E,860.2,38.004,93.70
12:24:10.00,24-07-14,28.186407°„N,104.8065675°„E,859.8,37.167,90.56
12:24:11.00,24-07-14,28.186407166666665°„N,104.8066715°„E,859.5,36.656,89.72
12:24:12.00,24-07-14,28.186408333333333°„N,104.806774°„E,859.1,36.103,89.13
12:24:13.00,24-07-14,28.1864095°„N,104.806875°„E,858.7,35.549,89.27
12:24:14.00,24-07-14,28.186410333333335°„N,104.80697516666666°„E,858.6,35.455,89.44
12:24:15.00,24-07-14,28.186411333333332°„N,104.80707366666667°„E,858.2,34.591,89.05
12:24:16.00,24-07-14,28.186413166666668°„N,104.8071685°„E,857.9,33.133,88.69
12:24:17.00,24-07-14,28.186414166666665°„N,104.80725883333334°„E,857.5,31.485,89.48
12:24:18.00,24-07-14,28.1864105°„N,104.80734416666667°„E,857.3,29.669,94.36
12:24:19.00,24-07-14,28.186398166666667°„N,104.80742333333333°„E,857.0,27.957,102.67
12:24:20.00,24-07-14,28.186375333333334°„N,104.80749566666667°„E,856.7,26.970,112.83
12:24:21.00,24-07-14,28.186340833333333°„N,104.80755933333333°„E,856.3,26.407,125.04
12:24:22.00,24-07-14,28.186294666666665°„N,104.80761133333333°„E,856.0,26.158,139.12
12:24:23.00,24-07-14,28.186237333333334°„N,104.80764933333333°„E,855.6,27.006,153.89
12:24:24.00,24-07-14,28.186170833333332°„N,104.80766866666667°„E,855.2,28.023,170.19
12:24:25.00,24-07-14,28.186099833333333°„N,104.80766533333333°„E,855.0,28.872,187.21
12:24:26.00,24-07-14,28.186032166666667°„N,104.8076385°„E,854.6,28.962,204.40
12:24:27.00,24-07-14,28.1859725°„N,104.80759016666667°„E,854.4,29.670,220.54
12:24:28.00,24-07-14,28.185922666666666°„N,104.80752533333333°„E,854.2,30.774,232.76
12:24:29.00,24-07-14,28.185882°„N,104.807449°„E,853.8,32.126,241.45
12:24:30.00,24-07-14,28.185848166666666°„N,104.80736366666666°„E,853.5,33.554,247.53
12:24:31.00,24-07-14,28.185817166666666°„N,104.80727233333333°„E,853.2,35.160,249.57
12:24:32.00,24-07-14,28.185787°„N,104.80717566666667°„E,852.7,36.770,250.85
12:24:33.00,24-07-14,28.18575583333333°„N,104.80707383333333°„E,852.4,38.575,251.04
12:24:34.00,24-07-14,28.1857235°„N,104.80696733333333°„E,852.0,40.229,251.00
12:24:35.00,24-07-14,28.18569°„N,104.806856°„E,851.5,41.963,251.53
12:24:36.00,24-07-14,28.185656333333334°„N,104.80673966666667°„E,851.0,43.772,252.09
12:24:37.00,24-07-14,28.1856215°„N,104.80661883333333°„E,850.4,45.300,251.99
12:24:38.00,24-07-14,28.185585666666668°„N,104.80649583333333°„E,849.8,45.878,251.76
12:24:39.00,24-07-14,28.18555°„N,104.80637266666666°„E,848.9,45.754,251.97
12:24:40.00,24-07-14,28.185514166666668°„N,104.80625016666667°„E,848.1,45.430,251.79
12:24:41.00,24-07-14,28.1854785°„N,104.80612933333333°„E,847.3,44.760,251.51
12:24:42.00,24-07-14,28.185442666666667°„N,104.80601166666666°„E,846.5,43.555,250.95
12:24:43.00,24-07-14,28.185406°„N,104.8058985°„E,845.8,42.148,249.49
12:24:44.00,24-07-14,28.185367°„N,104.8057895°„E,845.2,41.200,247.49
12:24:45.00,24-07-14,28.185324833333333°„N,104.8056825°„E,844.4,41.426,245.33
12:24:46.00,24-07-14,28.185276666666667°„N,104.8055765°„E,843.7,42.325,241.82
12:24:47.00,24-07-14,28.1852205°„N,104.80547283333334°„E,842.9,43.163,237.27
12:24:48.00,24-07-14,28.185156166666665°„N,104.80537266666667°„E,842.1,43.905,232.75
12:24:49.00,24-07-14,28.18508466666667°„N,104.80527583333334°„E,841.3,44.765,229.13
12:24:50.00,24-07-14,28.185006166666668°„N,104.80518283333333°„E,840.6,45.598,225.31
12:24:51.00,24-07-14,28.184922333333333°„N,104.80509383333333°„E,839.8,45.994,222.41
12:24:52.00,24-07-14,28.184834333333335°„N,104.80500966666666°„E,839.0,45.982,219.43
12:24:53.00,24-07-14,28.184743333333333°„N,104.8049325°„E,838.2,45.102,215.84
12:24:54.00,24-07-14,28.1846495°„N,104.80486683333334°„E,837.4,43.625,210.07
12:24:55.00,24-07-14,28.184551833333334°„N,104.80481583333334°„E,836.6,42.626,202.58
12:24:56.00,24-07-14,28.184450833333333°„N,104.80477816666667°„E,836.0,42.385,196.43
12:24:57.00,24-07-14,28.1843475°„N,104.8047515°„E,835.3,42.263,191.34
12:24:58.00,24-07-14,28.18424316666667°„N,104.80473383333333°„E,834.6,41.982,187.22
12:24:59.00,24-07-14,28.1841395°„N,104.8047235°„E,834.0,41.273,184.14
12:25:00.00,24-07-14,28.184037833333335°„N,104.80472233333333°„E,833.7,40.409,178.95
12:25:01.00,24-07-14,28.183938833333332°„N,104.80473566666667°„E,833.2,39.604,170.74
12:25:02.00,24-07-14,28.183843666666668°„N,104.80476633333333°„E,832.8,39.591,161.26
12:25:03.00,24-07-14,28.1837545°„N,104.80481416666666°„E,832.4,39.381,151.93
12:25:04.00,24-07-14,28.1836735°„N,104.80487683333334°„E,832.0,39.167,142.82
12:25:05.00,24-07-14,28.1836025°„N,104.80495183333333°„E,831.7,38.913,134.54
12:25:06.00,24-07-14,28.183538333333335°„N,104.80503433333334°„E,831.3,38.871,130.22
12:25:07.00,24-07-14,28.183476833333334°„N,104.80511933333334°„E,831.0,38.904,128.92
12:25:08.00,24-07-14,28.183415666666665°„N,104.80520516666667°„E,830.5,38.887,128.75
12:25:09.00,24-07-14,28.183355°„N,104.80529133333333°„E,830.1,38.995,128.41
12:25:10.00,24-07-14,28.183294166666666°„N,104.80537716666667°„E,829.6,38.873,128.81
12:25:11.00,24-07-14,28.183233166666668°„N,104.80546333333334°„E,829.0,38.964,128.55
12:25:12.00,24-07-14,28.1831715°„N,104.805549°„E,828.4,39.124,129.31
12:25:13.00,24-07-14,28.183109166666668°„N,104.80563516666666°„E,827.5,39.339,129.47
12:25:14.00,24-07-14,28.183046166666667°„N,104.80572066666667°„E,826.7,39.406,129.96
12:25:15.00,24-07-14,28.182981666666667°„N,104.8058055°„E,825.9,39.646,130.93
12:25:16.00,24-07-14,28.182913666666668°„N,104.80588816666666°„E,825.0,40.060,133.85
12:25:17.00,24-07-14,28.182839833333333°„N,104.8059645°„E,824.0,39.991,139.07
12:25:18.00,24-07-14,28.182758166666666°„N,104.80603033333334°„E,823.0,40.234,146.91
12:25:19.00,24-07-14,28.182666666666666°„N,104.80608233333334°„E,821.9,41.392,155.87
12:25:20.00,24-07-14,28.182566166666668°„N,104.80611683333333°„E,820.9,42.338,166.01
12:25:21.00,24-07-14,28.1824595°„N,104.80613083333333°„E,819.9,43.325,176.36
12:25:22.00,24-07-14,28.182351°„N,104.80612183333334°„E,819.0,43.605,187.45
12:25:23.00,24-07-14,28.1822455°„N,104.80609066666666°„E,818.1,43.779,197.75
12:25:24.00,24-07-14,28.182145°„N,104.80604133333334°„E,817.1,43.822,206.03
12:25:25.00,24-07-14,28.182048333333334°„N,104.8059825°„E,816.2,43.828,209.19
12:25:26.00,24-07-14,28.1819525°„N,104.80592116666666°„E,815.5,43.838,209.40
12:25:27.00,24-07-14,28.181856°„N,104.80586116666667°„E,814.6,44.001,208.69
12:25:28.00,24-07-14,28.181757°„N,104.80580833333333°„E,813.7,43.581,203.87
12:25:29.00,24-07-14,28.181654166666668°„N,104.80576783333333°„E,812.7,43.702,197.61
12:25:30.00,24-07-14,28.181546666666666°„N,104.80573766666667°„E,811.7,44.452,192.44
12:25:31.00,24-07-14,28.181434833333334°„N,104.80571883333333°„E,810.8,45.366,186.75
12:25:32.00,24-07-14,28.181319666666667°„N,104.80571266666666°„E,810.1,46.300,180.96
12:25:33.00,24-07-14,28.1812025°„N,104.80571766666667°„E,809.3,46.988,176.39
12:25:34.00,24-07-14,28.181083833333332°„N,104.80573133333333°„E,808.4,47.864,173.28
12:25:35.00,24-07-14,28.180963333333334°„N,104.80574916666667°„E,807.6,48.751,172.19
12:25:36.00,24-07-14,28.180842333333334°„N,104.805769°„E,806.8,48.901,171.52
12:25:37.00,24-07-14,28.180720666666666°„N,104.80578983333334°„E,806.0,49.147,171.25
12:25:38.00,24-07-14,28.180599666666666°„N,104.80581033333333°„E,805.2,48.742,171.53
12:25:39.00,24-07-14,28.1804815°„N,104.8058305°„E,804.5,47.174,171.28
12:25:40.00,24-07-14,28.180368166666668°„N,104.80584983333334°„E,803.8,45.118,171.52
12:25:41.00,24-07-14,28.180260666666666°„N,104.805868°„E,803.1,42.653,171.59
12:25:42.00,24-07-14,28.1801585°„N,104.80588116666667°„E,802.3,40.316,174.37
12:25:43.00,24-07-14,28.1800595°„N,104.80588733333333°„E,801.6,39.255,177.91
12:25:44.00,24-07-14,28.179962166666666°„N,104.80588433333334°„E,800.8,38.730,183.24
12:25:45.00,24-07-14,28.179867333333334°„N,104.80586733333334°„E,800.1,38.162,191.48
12:25:46.00,24-07-14,28.1797775°„N,104.80583316666667°„E,799.4,37.771,201.82
12:25:47.00,24-07-14,28.179695166666665°„N,104.80577983333333°„E,798.8,38.078,213.09
12:25:48.00,24-07-14,28.179621833333332°„N,104.80571°„E,798.3,38.523,223.14
12:25:49.00,24-07-14,28.1795585°„N,104.805626°„E,797.8,39.319,232.29
12:25:50.00,24-07-14,28.179506166666666°„N,104.80553016666667°„E,797.4,39.968,240.92
12:25:51.00,24-07-14,28.1794655°„N,104.80542583333333°„E,797.2,40.422,248.44
12:25:52.00,24-07-14,28.1794345°„N,104.805318°„E,796.9,39.884,253.58
12:25:53.00,24-07-14,28.179410333333333°„N,104.80521033333333°„E,796.6,39.034,256.74
12:25:54.00,24-07-14,28.179387166666668°„N,104.80510433333333°„E,796.4,38.358,255.87
12:25:55.00,24-07-14,28.179357833333334°„N,104.80500183333334°„E,796.2,37.940,250.46
12:25:56.00,24-07-14,28.1793185°„N,104.8049025°„E,795.8,38.627,243.95
12:25:57.00,24-07-14,28.179268333333333°„N,104.804807°„E,795.5,39.499,237.50
12:25:58.00,24-07-14,28.179207°„N,104.8047165°„E,795.0,40.578,230.70
12:25:59.00,24-07-14,28.179134166666667°„N,104.80463316666666°„E,794.5,41.736,223.34
12:26:00.00,24-07-14,28.1790495°„N,104.80455916666666°„E,793.9,43.184,215.48
12:26:01.00,24-07-14,28.178953333333332°„N,104.8044965°„E,793.2,44.787,207.71
12:26:02.00,24-07-14,28.178847166666667°„N,104.80444666666666°„E,792.4,46.376,200.56
12:26:03.00,24-07-14,28.1787335°„N,104.8044055°„E,791.5,48.121,196.73
12:26:04.00,24-07-14,28.178615333333333°„N,104.80437083333334°„E,790.5,48.929,193.68
12:26:05.00,24-07-14,28.178496166666665°„N,104.80434766666667°„E,789.6,47.871,188.14
12:26:06.00,24-07-14,28.178378666666667°„N,104.80433916666667°„E,788.7,46.678,181.66
12:26:07.00,24-07-14,28.178262°„N,104.804346°„E,787.8,46.565,175.02
12:26:08.00,24-07-14,28.178146333333334°„N,104.80436566666667°„E,786.8,46.795,169.93
12:26:09.00,24-07-14,28.178031333333333°„N,104.804395°„E,785.8,47.168,166.19
12:26:10.00,24-07-14,28.177916833333335°„N,104.8044305°„E,784.8,47.500,164.00
12:26:11.00,24-07-14,28.177802°„N,104.804468°„E,783.9,47.697,163.77
12:26:12.00,24-07-14,28.177687333333335°„N,104.8045065°„E,783.0,47.738,163.38
12:26:13.00,24-07-14,28.177573166666665°„N,104.80454533333334°„E,782.1,47.545,163.20
12:26:14.00,24-07-14,28.177460166666666°„N,104.80458366666667°„E,781.5,46.871,163.22
12:26:15.00,24-07-14,28.177348666666667°„N,104.8046215°„E,780.9,46.213,163.22
12:26:16.00,24-07-14,28.177239333333333°„N,104.804659°„E,780.4,45.319,163.06
12:26:17.00,24-07-14,28.177133833333333°„N,104.804695°„E,779.9,43.397,163.11
12:26:18.00,24-07-14,28.177033833333333°„N,104.80472833333333°„E,779.5,40.816,163.70
12:26:19.00,24-07-14,28.1769425°„N,104.8047555°„E,779.1,36.297,165.98
12:26:20.00,24-07-14,28.176861666666667°„N,104.8047745°„E,778.8,31.574,169.21
12:26:21.00,24-07-14,28.176788666666667°„N,104.80478283333333°„E,778.6,28.247,176.29
12:26:22.00,24-07-14,28.176721°„N,104.80477866666666°„E,778.3,26.626,186.11
12:26:23.00,24-07-14,28.176657333333335°„N,104.80475816666667°„E,778.1,26.446,199.94
12:26:24.00,24-07-14,28.176600166666667°„N,104.80472083333333°„E,777.9,26.555,214.15
12:26:25.00,24-07-14,28.1765525°„N,104.804667°„E,777.6,27.489,229.40
12:26:26.00,24-07-14,28.176518333333334°„N,104.804598°„E,777.5,28.386,245.12
12:26:27.00,24-07-14,28.176501166666668°„N,104.8045185°„E,777.3,29.480,260.81
12:26:28.00,24-07-14,28.176502833333334°„N,104.80443383333333°„E,777.2,30.446,275.46
12:26:29.00,24-07-14,28.176520666666665°„N,104.8043485°„E,777.1,31.435,286.50
12:26:30.00,24-07-14,28.176549333333334°„N,104.8042625°„E,776.9,33.070,292.40
12:26:31.00,24-07-14,28.1765845°„N,104.80417316666667°„E,776.6,35.207,294.63
12:26:32.00,24-07-14,28.176623833333334°„N,104.8040805°„E,776.2,36.760,296.02
12:26:33.00,24-07-14,28.176666°„N,104.80398516666666°„E,775.6,38.039,296.87
12:26:34.00,24-07-14,28.1767095°„N,104.80388633333334°„E,775.0,39.423,296.37
12:26:35.00,24-07-14,28.176753333333334°„N,104.80378583333334°„E,774.3,39.592,296.15
12:26:36.00,24-07-14,28.1767945°„N,104.80368933333334°„E,773.6,36.979,295.46
12:26:37.00,24-07-14,28.176832166666667°„N,104.803596°„E,772.9,35.716,294.11
12:26:38.00,24-07-14,28.176866166666667°„N,104.80350216666666°„E,772.2,35.857,291.32
12:26:39.00,24-07-14,28.176895°„N,104.80340383333333°„E,771.5,36.823,286.98
12:26:40.00,24-07-14,28.176917666666668°„N,104.80330066666667°„E,770.8,37.908,282.74
12:26:41.00,24-07-14,28.176932166666667°„N,104.8031925°„E,770.1,38.948,277.02
12:26:42.00,24-07-14,28.176938°„N,104.80308066666667°„E,769.3,39.943,271.76
12:26:43.00,24-07-14,28.176933°„N,104.802966°„E,768.5,40.872,265.27
12:26:44.00,24-07-14,28.176914833333335°„N,104.80285033333334°„E,767.7,41.834,257.78
12:26:45.00,24-07-14,28.176883°„N,104.80273533333333°„E,766.9,42.926,250.63
12:26:46.00,24-07-14,28.176837666666668°„N,104.80262333333333°„E,766.1,43.721,243.40
12:26:47.00,24-07-14,28.176780833333332°„N,104.80251866666667°„E,765.3,43.418,236.39
12:26:48.00,24-07-14,28.176713833333334°„N,104.802423°„E,764.4,42.965,229.79
12:26:49.00,24-07-14,28.17663883333333°„N,104.8023385°„E,763.5,42.033,222.89
12:26:50.00,24-07-14,28.176555666666665°„N,104.80226566666667°„E,762.7,42.027,215.63
12:26:51.00,24-07-14,28.176465°„N,104.802205°„E,761.9,42.206,208.49
12:26:52.00,24-07-14,28.176368333333333°„N,104.8021575°„E,761.1,42.101,201.46
12:26:53.00,24-07-14,28.176266666666667°„N,104.802123°„E,760.3,42.435,194.75
12:26:54.00,24-07-14,28.1761615°„N,104.80210233333334°„E,759.6,42.741,187.72
12:26:55.00,24-07-14,28.176054166666667°„N,104.80209616666667°„E,758.9,43.067,180.76
12:26:56.00,24-07-14,28.175946166666666°„N,104.802105°„E,758.1,43.308,173.72
12:26:57.00,24-07-14,28.17584°„N,104.80212833333333°„E,757.5,43.218,166.83
12:26:58.00,24-07-14,28.175737833333333°„N,104.80216583333333°„E,756.9,42.842,159.85
12:26:59.00,24-07-14,28.175640666666666°„N,104.80221533333334°„E,756.4,42.591,153.89
12:27:00.00,24-07-14,28.175547833333333°„N,104.80227483333333°„E,755.9,42.633,148.99
12:27:01.00,24-07-14,28.175458666666668°„N,104.8023405°„E,755.4,42.573,145.99
12:27:02.00,24-07-14,28.175371333333334°„N,104.80240966666666°„E,755.0,42.570,144.55
12:27:03.00,24-07-14,28.175284666666666°„N,104.8024785°„E,754.6,42.286,145.08
12:27:04.00,24-07-14,28.175197333333333°„N,104.8025455°„E,754.2,42.148,146.12
12:27:05.00,24-07-14,28.175107666666666°„N,104.8026105°„E,753.9,42.690,147.84
12:27:06.00,24-07-14,28.175016°„N,104.80267233333333°„E,753.5,42.661,149.71
12:27:07.00,24-07-14,28.174922833333333°„N,104.80273°„E,753.1,42.333,151.81
12:27:08.00,24-07-14,28.174827666666665°„N,104.8027825°„E,752.6,42.204,154.86
12:27:09.00,24-07-14,28.17473°„N,104.8028285°„E,752.1,42.327,158.29
12:27:10.00,24-07-14,28.17463°„N,104.80286966666667°„E,751.5,42.500,160.76
12:27:11.00,24-07-14,28.174534666666666°„N,104.80290433333333°„E,751.0,38.890,162.81
12:27:12.00,24-07-14,28.174453166666666°„N,104.802932°„E,750.4,31.892,163.36
12:27:13.00,24-07-14,28.174387333333332°„N,104.80295366666667°„E,750.0,25.362,163.78
12:27:14.00,24-07-14,28.174337166666668°„N,104.80296983333334°„E,749.6,18.948,163.96
12:27:15.00,24-07-14,28.174298°„N,104.8029825°„E,749.3,15.109,164.07
12:27:16.00,24-07-14,28.174264666666666°„N,104.80299316666667°„E,749.0,13.273,163.95
12:27:17.00,24-07-14,28.174232166666666°„N,104.8030035°„E,748.8,13.511,164.10
12:27:18.00,24-07-14,28.17419883333333°„N,104.80301416666667°„E,748.5,13.957,164.46
12:27:19.00,24-07-14,28.174164666666666°„N,104.80302483333334°„E,748.2,14.259,164.65
12:27:20.00,24-07-14,28.174129333333333°„N,104.803036°„E,747.9,14.845,164.40
12:27:21.00,24-07-14,28.174092°„N,104.8030485°„E,747.6,15.898,163.36
12:27:22.00,24-07-14,28.174053°„N,104.80306216666666°„E,747.3,16.480,162.57
12:27:23.00,24-07-14,28.174013833333333°„N,104.803077°„E,746.9,16.455,161.43
12:27:24.00,24-07-14,28.173976666666668°„N,104.80309183333334°„E,746.6,15.403,160.39
12:27:25.00,24-07-14,28.1739415°„N,104.80310716666666°„E,746.3,14.984,158.47
12:27:26.00,24-07-14,28.173907333333332°„N,104.803124°„E,746.0,14.798,155.89
12:27:27.00,24-07-14,28.173873666666665°„N,104.80314266666667°„E,745.7,15.084,153.12
12:27:28.00,24-07-14,28.173838166666666°„N,104.80316483333333°„E,745.4,16.694,150.66
12:27:29.00,24-07-14,28.173799333333335°„N,104.80319066666667°„E,745.0,18.564,149.20
12:27:30.00,24-07-14,28.173757333333334°„N,104.80322016666666°„E,744.6,20.309,147.66
12:27:31.00,24-07-14,28.173711833333332°„N,104.80325433333333°„E,744.2,22.439,145.89
12:27:32.00,24-07-14,28.173663333333334°„N,104.80329433333333°„E,743.7,24.660,143.16
12:27:33.00,24-07-14,28.173612333333335°„N,104.80334116666667°„E,743.2,26.944,140.15
12:27:34.00,24-07-14,28.173560333333334°„N,104.803394°„E,742.7,28.320,137.11
12:27:35.00,24-07-14,28.173508833333333°„N,104.80345166666666°„E,742.1,29.290,134.48
12:27:36.00,24-07-14,28.173458666666665°„N,104.803514°„E,741.6,30.006,131.35
12:27:37.00,24-07-14,28.173408833333333°„N,104.8035825°„E,740.9,31.897,128.80
12:27:38.00,24-07-14,28.173358333333333°„N,104.8036575°„E,740.3,33.936,126.75
12:27:39.00,24-07-14,28.1733065°„N,104.8037375°„E,739.5,35.497,125.96
12:27:40.00,24-07-14,28.173253666666668°„N,104.80382°„E,738.7,36.205,125.89
12:27:41.00,24-07-14,28.1732°„N,104.803904°„E,738.0,36.865,125.83
12:27:42.00,24-07-14,28.173143833333334°„N,104.8039915°„E,737.2,38.771,126.01
12:27:43.00,24-07-14,28.173084666666668°„N,104.80408333333334°„E,736.3,40.692,126.02
12:27:44.00,24-07-14,28.173024333333334°„N,104.80417783333333°„E,735.6,41.461,125.62
12:27:45.00,24-07-14,28.172964166666667°„N,104.80427233333333°„E,734.9,41.073,125.60
12:27:46.00,24-07-14,28.172904833333334°„N,104.80436666666667°„E,734.1,40.769,125.28
12:27:47.00,24-07-14,28.172846333333332°„N,104.80446°„E,733.4,40.368,125.18
12:27:48.00,24-07-14,28.172788333333333°„N,104.8045525°„E,732.8,39.954,125.39
12:27:49.00,24-07-14,28.17272983333333°„N,104.8046445°„E,732.2,40.153,125.79
12:27:50.00,24-07-14,28.172667333333333°„N,104.80473766666667°„E,731.4,41.789,127.69
12:27:51.00,24-07-14,28.172601166666666°„N,104.8048295°„E,730.8,41.938,129.72
12:27:52.00,24-07-14,28.17253283333333°„N,104.80491466666666°„E,730.1,40.091,133.39
12:27:53.00,24-07-14,28.17245966666667°„N,104.80499033333334°„E,729.5,39.486,139.27
12:27:54.00,24-07-14,28.172380666666665°„N,104.80505466666666°„E,728.9,38.703,146.15
12:27:55.00,24-07-14,28.1722975°„N,104.80510266666667°„E,728.3,36.785,155.88
12:27:56.00,24-07-14,28.172211333333333°„N,104.80513233333333°„E,727.7,35.746,166.05
12:27:57.00,24-07-14,28.172122°„N,104.80514416666666°„E,727.1,36.075,176.38
12:27:58.00,24-07-14,28.17203°„N,104.8051365°„E,726.6,37.190,187.43
12:27:59.00,24-07-14,28.171939°„N,104.80510916666667°„E,726.0,37.947,198.06
12:28:00.00,24-07-14,28.171853833333333°„N,104.805063°„E,725.4,37.763,208.95
12:28:01.00,24-07-14,28.171777833333334°„N,104.80500033333334°„E,724.8,37.621,219.22
12:28:02.00,24-07-14,28.171712°„N,104.80492183333334°„E,724.3,38.647,229.65
12:28:03.00,24-07-14,28.171659°„N,104.80483016666666°„E,723.7,39.002,239.80
12:28:04.00,24-07-14,28.17162°„N,104.80473°„E,723.2,38.718,249.03
12:28:05.00,24-07-14,28.171596833333332°„N,104.8046245°„E,722.9,38.418,259.40
12:28:06.00,24-07-14,28.171590666666667°„N,104.80451683333334°„E,722.6,38.306,269.21
12:28:07.00,24-07-14,28.1716015°„N,104.80441°„E,722.3,37.986,279.60
12:28:08.00,24-07-14,28.171628833333333°„N,104.8043055°„E,722.0,38.894,289.32
12:28:09.00,24-07-14,28.171671333333332°„N,104.80420483333333°„E,721.6,39.765,298.08
12:28:10.00,24-07-14,28.171724666666666°„N,104.80410783333333°„E,721.2,40.671,303.34
12:28:11.00,24-07-14,28.1717835°„N,104.8040115°„E,720.8,41.590,305.12
12:28:12.00,24-07-14,28.171845333333334°„N,104.803915°„E,720.4,42.334,306.07
12:28:13.00,24-07-14,28.171909333333332°„N,104.80381716666666°„E,720.0,43.353,306.59
12:28:14.00,24-07-14,28.1719755°„N,104.8037175°„E,719.7,44.345,306.99
12:28:15.00,24-07-14,28.172043°„N,104.8036165°„E,719.4,44.902,307.14
12:28:16.00,24-07-14,28.1721095°„N,104.80351516666667°„E,719.1,44.458,306.34
12:28:17.00,24-07-14,28.1721705°„N,104.80341466666667°„E,718.8,42.510,303.67
12:28:18.00,24-07-14,28.172226°„N,104.80331416666667°„E,718.5,41.590,301.26
12:28:19.00,24-07-14,28.172275166666665°„N,104.8032115°„E,718.2,41.061,297.19
12:28:20.00,24-07-14,28.172313166666665°„N,104.80310466666667°„E,717.6,40.548,289.66
12:28:21.00,24-07-14,28.172337166666665°„N,104.80299383333333°„E,717.1,40.287,281.33
12:28:22.00,24-07-14,28.172344166666665°„N,104.8028805°„E,716.3,40.153,271.09
12:28:23.00,24-07-14,28.172333666666667°„N,104.80276733333334°„E,715.5,40.440,261.11
12:28:24.00,24-07-14,28.172305°„N,104.80265566666667°„E,714.7,41.517,250.93
12:28:25.00,24-07-14,28.172260166666668°„N,104.80254766666667°„E,713.9,42.514,242.45
12:28:26.00,24-07-14,28.1722035°„N,104.8024435°„E,713.1,43.578,236.86
12:28:27.00,24-07-14,28.1721395°„N,104.80234083333333°„E,712.3,44.673,234.17
12:28:28.00,24-07-14,28.172071166666665°„N,104.8022385°„E,711.4,45.687,232.56
12:28:29.00,24-07-14,28.171999833333334°„N,104.80213516666667°„E,710.5,46.427,232.01
12:28:30.00,24-07-14,28.1719285°„N,104.802031°„E,709.6,46.620,232.47
12:28:31.00,24-07-14,28.171859°„N,104.80192466666666°„E,708.6,46.745,234.22
12:28:32.00,24-07-14,28.1717945°„N,104.80181466666667°„E,707.8,46.565,237.55
12:28:33.00,24-07-14,28.171737166666666°„N,104.80170133333333°„E,706.9,45.997,241.47
12:28:34.00,24-07-14,28.17168716666667°„N,104.80158533333334°„E,706.2,45.514,245.18
12:28:35.00,24-07-14,28.171643666666668°„N,104.80146833333333°„E,705.6,44.562,248.20
12:28:36.00,24-07-14,28.171606833333332°„N,104.80135083333333°„E,705.0,43.870,251.51
12:28:37.00,24-07-14,28.171575333333333°„N,104.80123333333333°„E,704.5,43.134,253.89
12:28:38.00,24-07-14,28.171547833333335°„N,104.80111683333334°„E,704.0,42.407,255.65
12:28:39.00,24-07-14,28.17152383333333°„N,104.80100033333333°„E,703.7,42.226,257.49
12:28:40.00,24-07-14,28.171500666666667°„N,104.800884°„E,703.3,42.084,257.19
12:28:41.00,24-07-14,28.171475833333332°„N,104.800769°„E,703.0,41.676,256.01
12:28:42.00,24-07-14,28.171446666666668°„N,104.800656°„E,702.6,41.677,252.87
12:28:43.00,24-07-14,28.171411166666665°„N,104.80054466666667°„E,702.3,41.916,248.96
12:28:44.00,24-07-14,28.171367666666665°„N,104.80043816666667°„E,701.9,41.429,243.68
12:28:45.00,24-07-14,28.171314833333334°„N,104.800339°„E,701.5,40.746,237.00
12:28:46.00,24-07-14,28.171252166666665°„N,104.80025066666667°„E,701.1,39.794,228.92
12:28:47.00,24-07-14,28.171179333333335°„N,104.80017566666666°„E,700.7,39.260,219.55
12:28:48.00,24-07-14,28.171096833333333°„N,104.800115°„E,700.2,39.430,210.46
12:28:49.00,24-07-14,28.171006833333333°„N,104.80006833333333°„E,699.7,39.590,202.18
12:28:50.00,24-07-14,28.170911333333333°„N,104.800037°„E,699.2,39.817,193.79
12:28:51.00,24-07-14,28.170810666666668°„N,104.80002083333333°„E,698.7,40.960,185.79
12:28:52.00,24-07-14,28.170705666666667°„N,104.80001933333334°„E,698.1,42.365,178.50
12:28:53.00,24-07-14,28.170598°„N,104.80003016666667°„E,697.4,43.513,173.29
12:28:54.00,24-07-14,28.170491°„N,104.80004916666667°„E,696.8,43.053,170.09
12:28:55.00,24-07-14,28.170386166666667°„N,104.8000735°„E,696.1,42.585,167.66
12:28:56.00,24-07-14,28.170283666666666°„N,104.8001045°„E,695.5,42.301,163.71
12:28:57.00,24-07-14,28.170184666666668°„N,104.8001445°„E,694.9,41.891,158.73
12:28:58.00,24-07-14,28.170090333333334°„N,104.80019466666667°„E,694.2,41.496,152.90
12:28:59.00,24-07-14,28.1700015°„N,104.800254°„E,693.5,41.171,147.74
12:29:00.00,24-07-14,28.169918°„N,104.80032166666666°„E,692.9,41.031,142.90
12:29:01.00,24-07-14,28.169839833333334°„N,104.80039766666667°„E,692.2,41.299,137.82
12:29:02.00,24-07-14,28.169767166666666°„N,104.80048°„E,691.5,41.088,133.76
12:29:03.00,24-07-14,28.169698666666665°„N,104.80056516666667°„E,690.8,40.534,131.66
12:29:04.00,24-07-14,28.1696315°„N,104.8006515°„E,690.1,40.683,131.32
12:29:05.00,24-07-14,28.169564666666666°„N,104.800738°„E,689.4,40.545,131.09
12:29:06.00,24-07-14,28.169497166666666°„N,104.800825°„E,688.7,41.069,131.23
12:29:07.00,24-07-14,28.169428833333335°„N,104.80091383333334°„E,688.0,41.806,130.99
12:29:08.00,24-07-14,28.169359666666665°„N,104.80100466666667°„E,687.3,42.605,130.57
12:29:09.00,24-07-14,28.169289666666668°„N,104.80109766666666°„E,686.6,43.369,130.36
12:29:10.00,24-07-14,28.1692185°„N,104.8011925°„E,685.8,44.088,130.28
12:29:11.00,24-07-14,28.1691465°„N,104.8012885°„E,685.1,44.700,130.33
12:29:12.00,24-07-14,28.16907266666667°„N,104.80138533333333°„E,684.3,45.338,130.85
12:29:13.00,24-07-14,28.168998°„N,104.80148383333334°„E,683.5,46.040,130.57
12:29:14.00,24-07-14,28.168922666666667°„N,104.8015835°„E,682.7,46.483,130.38
12:29:15.00,24-07-14,28.1688475°„N,104.80168366666666°„E,682.0,46.431,130.27
12:29:16.00,24-07-14,28.168773°„N,104.801783°„E,681.2,45.856,130.23
12:29:17.00,24-07-14,28.168698833333334°„N,104.80188166666667°„E,680.5,45.763,130.36
12:29:18.00,24-07-14,28.168624833333332°„N,104.80198033333333°„E,679.8,45.662,130.35
12:29:19.00,24-07-14,28.168550333333332°„N,104.802077°„E,679.0,45.085,131.28
12:29:20.00,24-07-14,28.168476833333333°„N,104.8021705°„E,678.3,43.801,131.70
12:29:21.00,24-07-14,28.1684055°„N,104.8022615°„E,677.6,42.561,131.44
12:29:22.00,24-07-14,28.1683355°„N,104.80235083333334°„E,676.9,41.938,131.51
12:29:23.00,24-07-14,28.168267333333333°„N,104.80244°„E,676.3,41.552,130.57
12:29:24.00,24-07-14,28.168200166666665°„N,104.802529°„E,675.6,41.203,130.52
12:29:25.00,24-07-14,28.168133666666666°„N,104.802617°„E,675.0,40.788,130.51
12:29:26.00,24-07-14,28.168067666666666°„N,104.8027035°„E,674.3,40.138,130.81
12:29:27.00,24-07-14,28.1680035°„N,104.80278716666666°„E,673.6,38.676,130.95
12:29:28.00,24-07-14,28.167941166666665°„N,104.80286833333334°„E,673.0,37.774,130.95
12:29:29.00,24-07-14,28.167880333333333°„N,104.80294866666667°„E,672.5,37.183,130.23
12:29:30.00,24-07-14,28.167822333333334°„N,104.80303016666667°„E,671.9,36.863,128.15
12:29:31.00,24-07-14,28.1677685°„N,104.80311583333334°„E,671.4,37.311,124.01
12:29:32.00,24-07-14,28.167720666666668°„N,104.8032075°„E,670.8,37.791,118.99
12:29:33.00,24-07-14,28.167680333333333°„N,104.8033045°„E,670.3,38.008,113.35
12:29:34.00,24-07-14,28.167649833333332°„N,104.80340533333333°„E,669.8,37.543,106.85
12:29:35.00,24-07-14,28.167631°„N,104.80350766666666°„E,669.4,36.899,99.61
12:29:36.00,24-07-14,28.167623°„N,104.803611°„E,669.0,36.718,92.90
12:29:37.00,24-07-14,28.167625833333332°„N,104.803714°„E,668.6,36.570,86.10
12:29:38.00,24-07-14,28.167641°„N,104.8038155°„E,668.3,36.474,77.99
12:29:39.00,24-07-14,28.167669°„N,104.80391283333333°„E,667.9,36.235,69.34
12:29:40.00,24-07-14,28.1677095°„N,104.80400383333334°„E,667.6,36.023,60.79
12:29:41.00,24-07-14,28.167759833333335°„N,104.80408833333334°„E,667.2,36.118,53.91
12:29:42.00,24-07-14,28.167817833333334°„N,104.80416683333334°„E,666.8,36.252,48.59
12:29:43.00,24-07-14,28.167879°„N,104.8042415°„E,666.5,35.911,46.51
12:29:44.00,24-07-14,28.167941666666668°„N,104.80431383333334°„E,666.1,35.715,45.28
12:29:45.00,24-07-14,28.168005166666667°„N,104.8043845°„E,665.8,35.607,44.15
12:29:46.00,24-07-14,28.168069833333334°„N,104.80445483333334°„E,665.4,36.005,43.88
12:29:47.00,24-07-14,28.168135833333334°„N,104.804527°„E,665.0,36.950,44.17
12:29:48.00,24-07-14,28.168203166666668°„N,104.8046005°„E,664.5,37.700,44.03
12:29:49.00,24-07-14,28.168271333333333°„N,104.80467466666667°„E,663.9,37.831,43.83
12:29:50.00,24-07-14,28.1683405°„N,104.80474883333333°„E,663.3,38.215,43.34
12:29:51.00,24-07-14,28.168411°„N,104.80482416666666°„E,662.7,38.966,43.39
12:29:52.00,24-07-14,28.168483166666668°„N,104.80490066666667°„E,662.0,39.758,43.07
12:29:53.00,24-07-14,28.168556666666667°„N,104.80497916666667°„E,661.2,40.690,43.48
12:29:54.00,24-07-14,28.168631833333333°„N,104.80505983333333°„E,660.3,41.765,43.55
12:29:55.00,24-07-14,28.1687085°„N,104.8051435°„E,659.5,42.861,44.22
12:29:56.00,24-07-14,28.168783666666666°„N,104.80523283333333°„E,658.6,43.974,47.30
12:29:57.00,24-07-14,28.1688565°„N,104.80532916666667°„E,657.8,45.107,50.34
12:29:58.00,24-07-14,28.1689265°„N,104.80543183333333°„E,656.9,46.144,53.28
12:29:59.00,24-07-14,28.168993°„N,104.805541°„E,655.9,47.246,56.35
12:30:00.00,24-07-14,28.169057°„N,104.80565566666667°„E,654.9,48.232,58.49
12:30:01.00,24-07-14,28.169117833333335°„N,104.80577183333334°„E,654.0,47.547,59.79
12:30:02.00,24-07-14,28.169175666666668°„N,104.80588733333333°„E,653.1,46.626,60.77
12:30:03.00,24-07-14,28.16923166666667°„N,104.8060005°„E,652.3,45.460,60.74
12:30:04.00,24-07-14,28.169287166666667°„N,104.8061115°„E,651.4,44.958,60.44
12:30:05.00,24-07-14,28.169343666666666°„N,104.80622216666667°„E,650.5,45.189,59.85
12:30:06.00,24-07-14,28.169402166666668°„N,104.80633266666666°„E,649.7,45.729,58.80
12:30:07.00,24-07-14,28.1694635°„N,104.80644266666667°„E,648.8,46.055,57.51
12:30:08.00,24-07-14,28.169526666666666°„N,104.80655083333333°„E,647.9,45.733,56.23
12:30:09.00,24-07-14,28.169592833333333°„N,104.80665533333334°„E,647.1,45.310,53.97
12:30:10.00,24-07-14,28.169660166666667°„N,104.80675666666667°„E,646.3,44.554,52.51
12:30:11.00,24-07-14,28.169729333333333°„N,104.80685533333333°„E,645.3,44.428,51.43
12:30:12.00,24-07-14,28.16980016666667°„N,104.80695233333333°„E,644.4,44.471,50.17
12:30:13.00,24-07-14,28.169873°„N,104.8070475°„E,643.5,44.462,48.89
12:30:14.00,24-07-14,28.169946666666668°„N,104.80714083333334°„E,642.7,44.142,47.96
12:30:15.00,24-07-14,28.170020833333332°„N,104.80723233333333°„E,641.9,43.701,47.26
12:30:16.00,24-07-14,28.1700945°„N,104.80732283333333°„E,641.0,43.343,47.51
12:30:17.00,24-07-14,28.170165°„N,104.8074145°„E,640.1,42.751,49.59
12:30:18.00,24-07-14,28.170229666666668°„N,104.807509°„E,639.2,42.003,53.33
12:30:19.00,24-07-14,28.1702865°„N,104.80760683333334°„E,638.4,41.092,58.33
12:30:20.00,24-07-14,28.17033483333333°„N,104.80770816666667°„E,637.6,40.578,63.09
12:30:21.00,24-07-14,28.170374166666665°„N,104.80781333333333°„E,637.0,40.256,68.71
12:30:22.00,24-07-14,28.170403666666665°„N,104.80792283333334°„E,636.4,40.651,75.05
12:30:23.00,24-07-14,28.170422666666667°„N,104.80803716666667°„E,635.8,41.429,81.15
12:30:24.00,24-07-14,28.170430833333334°„N,104.80815633333333°„E,635.3,42.583,87.51
12:30:25.00,24-07-14,28.1704255°„N,104.80827866666667°„E,634.9,43.702,94.93
12:30:26.00,24-07-14,28.170406333333332°„N,104.80840183333333°„E,634.5,44.548,102.08
12:30:27.00,24-07-14,28.170374°„N,104.80852383333334°„E,634.2,45.310,108.72
12:30:28.00,24-07-14,28.170331166666667°„N,104.808644°„E,633.8,46.060,113.30
12:30:29.00,24-07-14,28.170282°„N,104.80876183333334°„E,633.4,46.005,116.17
12:30:30.00,24-07-14,28.170229166666665°„N,104.8088755°„E,632.9,45.087,118.45
12:30:31.00,24-07-14,28.1701745°„N,104.80898566666667°„E,632.6,44.424,119.45
12:30:32.00,24-07-14,28.170119°„N,104.80909383333334°„E,632.2,44.043,120.38
12:30:33.00,24-07-14,28.170063166666665°„N,104.80920116666667°„E,631.8,43.930,120.47
12:30:34.00,24-07-14,28.170007333333334°„N,104.8093085°„E,631.3,44.048,120.59
12:30:35.00,24-07-14,28.169953°„N,104.80941433333334°„E,630.8,42.892,120.01
12:30:36.00,24-07-14,28.1699015°„N,104.80951716666667°„E,630.3,41.242,119.24
12:30:37.00,24-07-14,28.169851666666666°„N,104.80961466666666°„E,629.8,39.150,120.29
12:30:38.00,24-07-14,28.169805°„N,104.80970633333334°„E,629.2,36.599,119.71
12:30:39.00,24-07-14,28.169761°„N,104.80979216666667°„E,628.7,34.451,120.22
12:30:40.00,24-07-14,28.169719666666666°„N,104.8098715°„E,628.3,31.767,120.55
12:30:41.00,24-07-14,28.169680666666668°„N,104.80994533333333°„E,627.8,29.788,120.81
12:30:42.00,24-07-14,28.169644°„N,104.810014°„E,627.4,27.782,121.03
12:30:43.00,24-07-14,28.16961°„N,104.81007766666667°„E,627.0,25.569,120.82
12:30:44.00,24-07-14,28.169578166666668°„N,104.810137°„E,626.5,24.078,121.12
12:30:45.00,24-07-14,28.169547166666668°„N,104.8101935°„E,626.2,23.165,122.23
12:30:46.00,24-07-14,28.169518°„N,104.81024433333333°„E,625.9,20.641,123.30
12:30:47.00,24-07-14,28.169493166666665°„N,104.810286°„E,625.6,16.517,124.02
12:30:48.00,24-07-14,28.169472°„N,104.81032016666667°„E,625.4,13.898,124.82
12:30:49.00,24-07-14,28.169453166666667°„N,104.81034933333333°„E,625.2,12.247,126.43
12:30:50.00,24-07-14,28.169435333333332°„N,104.81037466666666°„E,625.1,11.114,128.92
12:30:51.00,24-07-14,28.169418666666665°„N,104.81039716666666°„E,624.9,10.045,129.89
12:30:52.00,24-07-14,28.169402833333333°„N,104.8104175°„E,624.8,9.347,131.21
12:30:53.00,24-07-14,28.16938783333333°„N,104.81043566666666°„E,624.6,8.519,132.80
12:30:54.00,24-07-14,28.169374166666667°„N,104.81045166666667°„E,624.5,7.566,133.86
12:30:55.00,24-07-14,28.16936°„N,104.81046733333334°„E,624.3,8.065,135.19
12:30:56.00,24-07-14,28.1693435°„N,104.81048483333333°„E,624.2,9.473,136.77
12:30:57.00,24-07-14,28.169325°„N,104.81050366666666°„E,624.0,10.133,137.91
12:30:58.00,24-07-14,28.16930483333333°„N,104.810523°„E,623.8,10.728,139.83
12:30:59.00,24-07-14,28.169284°„N,104.81054233333333°„E,623.6,10.853,140.49
12:31:00.00,24-07-14,28.169263333333333°„N,104.81056116666667°„E,623.5,10.481,140.83
12:31:01.00,24-07-14,28.16924433333333°„N,104.810579°„E,623.3,9.652,139.83
12:31:02.00,24-07-14,28.169227166666666°„N,104.81059483333334°„E,623.1,8.517,140.38
12:31:03.00,24-07-14,28.169211666666666°„N,104.81060933333333°„E,623.0,7.813,140.04
12:31:04.00,24-07-14,28.169198333333334°„N,104.81062266666666°„E,623.0,6.709,137.78
12:31:05.00,24-07-14,28.169188333333334°„N,104.810635°„E,622.9,5.580,132.97
12:31:06.00,24-07-14,28.169179166666666°„N,104.81064883333333°„E,622.8,6.350,127.53
12:31:07.00,24-07-14,28.169170666666666°„N,104.81066516666667°„E,622.8,6.813,120.38
12:31:08.00,24-07-14,28.169164333333335°„N,104.81068266666666°„E,622.8,6.718,112.39
12:31:09.00,24-07-14,28.169161°„N,104.81069966666666°„E,622.9,5.957,103.33
12:31:10.00,24-07-14,28.169160833333333°„N,104.81071366666667°„E,622.9,4.648,93.14
12:31:11.00,24-07-14,28.169162666666665°„N,104.810724°„E,622.9,3.402,84.40
12:31:12.00,24-07-14,28.169166°„N,104.81073283333333°„E,622.9,3.550,72.66
12:31:13.00,24-07-14,28.169170666666666°„N,104.81074133333334°„E,622.9,3.621,62.54
12:31:14.00,24-07-14,28.169176333333333°„N,104.81074816666667°„E,623.0,3.252,52.26
12:31:15.00,24-07-14,28.169183833333335°„N,104.81075416666667°„E,623.0,3.884,39.63
12:31:16.00,24-07-14,28.169194166666667°„N,104.81075866666667°„E,623.0,4.742,24.59
12:31:17.00,24-07-14,28.169206833333334°„N,104.81076033333333°„E,623.0,5.328,9.34
12:31:18.00,24-07-14,28.169219833333333°„N,104.81075783333333°„E,623.0,5.383,354.97
12:31:19.00,24-07-14,28.169232°„N,104.81075266666667°„E,623.0,5.192,343.82
12:31:20.00,24-07-14,28.169243166666668°„N,104.81074533333333°„E,623.0,5.166,333.39
12:31:21.00,24-07-14,28.169252666666665°„N,104.810738°„E,623.0,4.393,328.46
12:31:22.00,24-07-14,28.169259°„N,104.81073183333334°„E,623.1,2.845,324.05
12:31:23.00,24-07-14,28.169263666666666°„N,104.81072683333333°„E,623.1,2.466,320.13
12:31:24.00,24-07-14,28.169268833333334°„N,104.81072266666666°„E,623.1,2.548,324.84
12:31:25.00,24-07-14,28.169275333333335°„N,104.8107175°„E,623.1,3.357,324.13
12:31:26.00,24-07-14,28.1692825°„N,104.81070983333333°„E,623.1,4.233,317.16
12:31:27.00,24-07-14,28.1692915°„N,104.81070066666666°„E,623.1,5.121,318.78
12:31:28.00,24-07-14,28.1692995°„N,104.81069116666667°„E,623.2,4.342,313.80
12:31:29.00,24-07-14,28.169305833333333°„N,104.81068066666667°„E,623.2,4.548,306.96
12:31:30.00,24-07-14,28.169311666666665°„N,104.810671°„E,623.3,4.006,306.02
12:31:31.00,24-07-14,28.169316833333333°„N,104.8106635°„E,623.3,3.042,308.20
12:31:32.00,24-07-14,28.169321333333333°„N,104.810658°„E,623.3,2.494,311.58
12:31:33.00,24-07-14,28.169324333333332°„N,104.81065483333333°„E,623.3,1.383,313.19
12:31:34.00,24-07-14,28.169324833333334°„N,104.810654°„E,623.3,0.028,
12:31:35.00,24-07-14,28.169324833333334°„N,104.810654°„E,623.4,0.033,
12:31:36.00,24-07-14,28.169324666666668°„N,104.810654°„E,623.4,0.018,
12:31:37.00,24-07-14,28.169324666666668°„N,104.81065383333333°„E,623.4,0.036,
12:31:38.00,24-07-14,28.1693245°„N,104.81065366666667°„E,623.4,0.044,
12:31:39.00,24-07-14,28.169324333333332°„N,104.8106535°„E,623.4,0.040,
12:31:40.00,24-07-14,28.169324333333332°„N,104.81065316666667°„E,623.3,0.031,
12:31:41.00,24-07-14,28.169324333333332°„N,104.810653°„E,623.3,0.061,
12:31:42.00,24-07-14,28.169324333333332°„N,104.81065283333334°„E,623.3,0.008,
12:31:43.00,24-07-14,28.169324333333332°„N,104.81065283333334°„E,623.2,0.036,
12:31:44.00,24-07-14,28.1693245°„N,104.81065266666667°„E,623.2,0.053,
12:31:45.00,24-07-14,28.1693245°„N,104.81065266666667°„E,623.2,0.020,
12:31:46.00,24-07-14,28.1693245°„N,104.81065266666667°„E,623.1,0.049,
12:31:47.00,24-07-14,28.169324666666668°„N,104.81065283333334°„E,623.1,0.039,
12:31:48.00,24-07-14,28.169324666666668°„N,104.81065266666667°„E,623.1,0.018,
12:31:49.00,24-07-14,28.169324666666668°„N,104.81065266666667°„E,623.0,0.041,
12:31:50.00,24-07-14,28.169324666666668°„N,104.81065266666667°„E,623.0,0.032,
12:31:51.00,24-07-14,28.169324666666668°„N,104.8106525°„E,622.9,0.040,
12:31:52.00,24-07-14,28.169324666666668°„N,104.8106525°„E,622.9,0.037,
12:31:53.00,24-07-14,28.169324666666668°„N,104.8106525°„E,622.9,0.044,
12:31:54.00,24-07-14,28.169324666666668°„N,104.8106525°„E,622.9,0.014,
12:31:55.00,24-07-14,28.169324666666668°„N,104.81065266666667°„E,622.8,0.058,
12:31:56.00,24-07-14,28.169324833333334°„N,104.81065266666667°„E,622.8,0.054,
12:31:57.00,24-07-14,28.169324833333334°„N,104.81065266666667°„E,622.8,0.056,
12:31:58.00,24-07-14,28.169325°„N,104.81065283333334°„E,622.8,0.049,
12:31:59.00,24-07-14,28.169325°„N,104.81065283333334°„E,622.7,0.061,
12:32:00.00,24-07-14,28.169325°„N,104.81065283333334°„E,622.7,0.026,
12:32:01.00,24-07-14,28.169325°„N,104.81065283333334°„E,622.6,0.043,
12:32:02.00,24-07-14,28.169325°„N,104.810653°„E,622.6,0.019,
12:32:03.00,24-07-14,28.169325°„N,104.81065283333334°„E,622.6,0.029,
12:32:04.00,24-07-14,28.169324833333334°„N,104.81065283333334°„E,622.5,0.035,
12:32:05.00,24-07-14,28.169324833333334°„N,104.81065283333334°„E,622.5,0.035,
12:32:06.00,24-07-14,28.169324666666668°„N,104.810653°„E,622.5,0.010,
12:32:07.00,24-07-14,28.169324666666668°„N,104.81065316666667°„E,622.5,0.045,
12:32:08.00,24-07-14,28.169324666666668°„N,104.81065316666667°„E,622.5,0.046,
12:32:09.00,24-07-14,28.169324666666668°„N,104.81065333333333°„E,622.5,0.044,
12:32:10.00,24-07-14,28.1693245°„N,104.81065366666667°„E,622.5,0.050,
12:32:11.00,24-07-14,28.1693245°„N,104.81065383333333°„E,622.5,0.043,
12:32:12.00,24-07-14,28.169324333333332°„N,104.810654°„E,622.5,0.027,
12:32:13.00,24-07-14,28.169324333333332°„N,104.810654°„E,622.5,0.044,
12:32:14.00,24-07-14,28.169324333333332°„N,104.81065416666667°„E,622.5,0.007,
12:32:15.00,24-07-14,28.169324333333332°„N,104.81065433333333°„E,622.5,0.016,
12:32:16.00,24-07-14,28.169324333333332°„N,104.8106545°„E,622.5,0.013,
12:32:17.00,24-07-14,28.1693245°„N,104.8106545°„E,622.5,0.016,
12:32:18.00,24-07-14,28.1693245°„N,104.8106545°„E,622.4,0.038,
12:32:19.00,24-07-14,28.1693245°„N,104.81065466666666°„E,622.4,0.020,
12:32:20.00,24-07-14,28.169324666666668°„N,104.81065466666666°„E,622.4,0.030,
12:32:21.00,24-07-14,28.169324666666668°„N,104.81065466666666°„E,622.4,0.030,
12:32:22.00,24-07-14,28.169324666666668°„N,104.81065483333333°„E,622.4,0.042,
12:32:23.00,24-07-14,28.169324666666668°„N,104.81065483333333°„E,622.4,0.037,
12:32:24.00,24-07-14,28.169324666666668°„N,104.810655°„E,622.4,0.036,
12:32:25.00,24-07-14,28.169324666666668°„N,104.81065483333333°„E,622.4,0.036,
12:32:26.00,24-07-14,28.169324666666668°„N,104.81065483333333°„E,622.4,0.027,
12:32:27.00,24-07-14,28.169324666666668°„N,104.81065466666666°„E,622.3,0.018,
12:32:28.00,24-07-14,28.169324833333334°„N,104.8106545°„E,622.3,0.036,
12:32:29.00,24-07-14,28.169324833333334°„N,104.8106545°„E,622.3,0.045,
12:32:30.00,24-07-14,28.169324833333334°„N,104.81065433333333°„E,622.2,0.014,
12:32:31.00,24-07-14,28.169325°„N,104.81065433333333°„E,622.2,0.031,
12:32:32.00,24-07-14,28.169325°„N,104.81065433333333°„E,622.2,0.046,
12:32:33.00,24-07-14,28.169325166666667°„N,104.81065416666667°„E,622.1,0.029,
12:32:34.00,24-07-14,28.169325166666667°„N,104.81065416666667°„E,622.1,0.033,
12:32:35.00,24-07-14,28.169325166666667°„N,104.810654°„E,622.1,0.008,
12:32:36.00,24-07-14,28.169325166666667°„N,104.810654°„E,622.1,0.031,
12:32:37.00,24-07-14,28.169325166666667°„N,104.81065383333333°„E,622.1,0.056,
12:32:38.00,24-07-14,28.169325166666667°„N,104.81065383333333°„E,622.1,0.025,
12:32:39.00,24-07-14,28.169325°„N,104.81065366666667°„E,622.2,0.021,
12:32:40.00,24-07-14,28.169325°„N,104.81065366666667°„E,622.2,0.025,
12:32:41.00,24-07-14,28.169325°„N,104.81065366666667°„E,622.2,0.017,
12:32:42.00,24-07-14,28.169325°„N,104.81065366666667°„E,622.2,0.036,
12:32:43.00,24-07-14,28.169325°„N,104.8106535°„E,622.2,0.016,
12:32:44.00,24-07-14,28.169325°„N,104.8106535°„E,622.2,0.029,
12:32:45.00,24-07-14,28.169325°„N,104.81065333333333°„E,622.2,0.021,
12:32:46.00,24-07-14,28.169324833333334°„N,104.81065333333333°„E,622.2,0.024,
12:32:47.00,24-07-14,28.169324833333334°„N,104.81065333333333°„E,622.3,0.019,
12:32:48.00,24-07-14,28.169324666666668°„N,104.81065316666667°„E,622.3,0.024,
12:32:49.00,24-07-14,28.169324666666668°„N,104.810653°„E,622.3,0.049,
12:32:50.00,24-07-14,28.1693245°„N,104.81065283333334°„E,622.4,0.033,
12:32:51.00,24-07-14,28.169324333333332°„N,104.81065266666667°„E,622.4,0.019,
12:32:52.00,24-07-14,28.169324333333332°„N,104.8106525°„E,622.4,0.016,
12:32:53.00,24-07-14,28.169324166666666°„N,104.81065233333334°„E,622.4,0.029,
12:32:54.00,24-07-14,28.169324°„N,104.81065216666667°„E,622.4,0.016,
12:32:55.00,24-07-14,28.169324°„N,104.81065216666667°„E,622.4,0.033,
12:32:56.00,24-07-14,28.169323833333333°„N,104.81065216666667°„E,622.4,0.035,
12:32:57.00,24-07-14,28.169323833333333°„N,104.81065216666667°„E,622.4,0.036,
12:32:58.00,24-07-14,28.169323833333333°„N,104.81065216666667°„E,622.5,0.025,
12:32:59.00,24-07-14,28.169323833333333°„N,104.81065216666667°„E,622.5,0.055,
12:33:00.00,24-07-14,28.169323833333333°„N,104.81065233333334°„E,622.5,0.042,
12:33:01.00,24-07-14,28.169323833333333°„N,104.8106525°„E,622.6,0.011,
12:33:02.00,24-07-14,28.169323666666667°„N,104.8106525°„E,622.6,0.037,
12:33:03.00,24-07-14,28.169323666666667°„N,104.8106525°„E,622.6,0.026,
12:33:04.00,24-07-14,28.169323666666667°„N,104.81065266666667°„E,622.7,0.012,
12:33:05.00,24-07-14,28.169323666666667°„N,104.81065266666667°„E,622.7,0.015,
12:33:06.00,24-07-14,28.169323666666667°„N,104.81065283333334°„E,622.7,0.009,
12:33:07.00,24-07-14,28.169323833333333°„N,104.810653°„E,622.8,0.030,
12:33:08.00,24-07-14,28.169324°„N,104.81065316666667°„E,622.9,0.042,
12:33:09.00,24-07-14,28.169324166666666°„N,104.81065316666667°„E,623.0,0.028,
12:33:10.00,24-07-14,28.169324333333332°„N,104.81065333333333°„E,623.0,0.044,
12:33:11.00,24-07-14,28.1693245°„N,104.8106535°„E,623.1,0.030,
12:33:12.00,24-07-14,28.169324833333334°„N,104.81065366666667°„E,623.2,0.048,
12:33:13.00,24-07-14,28.169325°„N,104.81065383333333°„E,623.2,0.024,
12:33:14.00,24-07-14,28.169325333333333°„N,104.81065383333333°„E,623.3,0.025,
12:33:15.00,24-07-14,28.169325666666666°„N,104.81065383333333°„E,623.3,0.015,
12:33:16.00,24-07-14,28.169326°„N,104.81065383333333°„E,623.3,0.029,
12:33:17.00,24-07-14,28.169326166666668°„N,104.81065383333333°„E,623.4,0.025,
12:33:18.00,24-07-14,28.1693265°„N,104.810654°„E,623.4,0.031,
12:33:19.00,24-07-14,28.169326833333333°„N,104.810654°„E,623.5,0.014,
12:33:20.00,24-07-14,28.169327166666665°„N,104.810654°„E,623.5,0.026,
12:33:21.00,24-07-14,28.169327666666668°„N,104.81065416666667°„E,623.6,0.015,
12:33:22.00,24-07-14,28.169328°„N,104.81065433333333°„E,623.6,0.019,
12:33:23.00,24-07-14,28.169328166666666°„N,104.8106545°„E,623.7,0.014,
12:33:24.00,24-07-14,28.1693285°„N,104.8106545°„E,623.7,0.020,
12:33:25.00,24-07-14,28.169328666666665°„N,104.81065466666666°„E,623.7,0.012,
12:33:26.00,24-07-14,28.169329°„N,104.81065483333333°„E,623.7,0.011,
12:33:27.00,24-07-14,28.169329166666667°„N,104.81065483333333°„E,623.7,0.020,
12:33:28.00,24-07-14,28.169329333333334°„N,104.810655°„E,623.7,0.021,
12:33:29.00,24-07-14,28.169329666666666°„N,104.81065516666666°„E,623.7,0.029,
12:33:30.00,24-07-14,28.169329833333332°„N,104.81065533333333°„E,623.6,0.033,
12:33:31.00,24-07-14,28.169329833333332°„N,104.8106555°„E,623.6,0.006,
12:33:32.00,24-07-14,28.16933°„N,104.81065566666666°„E,623.6,0.019,
12:33:33.00,24-07-14,28.16933°„N,104.81065566666666°„E,623.6,0.012,
12:33:34.00,24-07-14,28.16933016666667°„N,104.81065583333333°„E,623.6,0.009,
12:33:35.00,24-07-14,28.16933016666667°„N,104.810656°„E,623.6,0.015,
12:33:36.00,24-07-14,28.169330333333335°„N,104.81065616666666°„E,623.6,0.048,
12:33:37.00,24-07-14,28.1693305°„N,104.81065616666666°„E,623.6,0.027,
12:33:38.00,24-07-14,28.1693305°„N,104.81065633333333°„E,623.6,0.018,
12:33:39.00,24-07-14,28.169330666666667°„N,104.8106565°„E,623.6,0.010,
12:33:40.00,24-07-14,28.169330666666667°„N,104.8106565°„E,623.6,0.006,
12:33:41.00,24-07-14,28.169330666666667°„N,104.81065666666667°„E,623.6,0.024,
12:33:42.00,24-07-14,28.169330666666667°„N,104.81065683333334°„E,623.6,0.040,
12:33:43.00,24-07-14,28.169330666666667°„N,104.810657°„E,623.6,0.027,
12:33:44.00,24-07-14,28.169330666666667°„N,104.81065716666667°„E,623.6,0.009,
12:33:45.00,24-07-14,28.169330666666667°„N,104.81065733333334°„E,623.6,0.028,
12:33:46.00,24-07-14,28.169330666666667°„N,104.8106575°„E,623.6,0.020,
12:33:47.00,24-07-14,28.169330833333333°„N,104.81065766666667°„E,623.6,0.021,
12:33:48.00,24-07-14,28.169330833333333°„N,104.81065766666667°„E,623.6,0.040,
12:33:49.00,24-07-14,28.169330833333333°„N,104.81065783333334°„E,623.6,0.005,
12:33:50.00,24-07-14,28.169330833333333°„N,104.81065783333334°„E,623.5,0.013,
12:33:51.00,24-07-14,28.169330666666667°„N,104.81065783333334°„E,623.5,0.016,
12:33:52.00,24-07-14,28.169330666666667°„N,104.81065783333334°„E,623.5,0.013,
12:33:53.00,24-07-14,28.1693305°„N,104.81065783333334°„E,623.5,0.027,
12:33:54.00,24-07-14,28.169330333333335°„N,104.81065783333334°„E,623.5,0.046,
12:33:55.00,24-07-14,28.16933016666667°„N,104.81065766666667°„E,623.5,0.017,
12:33:56.00,24-07-14,28.16933°„N,104.81065766666667°„E,623.5,0.008,
12:33:57.00,24-07-14,28.169329833333332°„N,104.81065766666667°„E,623.5,0.020,
12:33:58.00,24-07-14,28.169329666666666°„N,104.81065766666667°„E,623.5,0.012,
12:33:59.00,24-07-14,28.1693295°„N,104.81065766666667°„E,623.5,0.023,
12:34:00.00,24-07-14,28.169329333333334°„N,104.81065766666667°„E,623.4,0.015,
12:34:01.00,24-07-14,28.169329166666667°„N,104.8106575°„E,623.4,0.024,
12:34:02.00,24-07-14,28.169328833333335°„N,104.8106575°„E,623.4,0.025,
12:34:03.00,24-07-14,28.169328666666665°„N,104.8106575°„E,623.4,0.007,
12:34:04.00,24-07-14,28.1693285°„N,104.8106575°„E,623.3,0.006,
12:34:05.00,24-07-14,28.169328333333333°„N,104.8106575°„E,623.3,0.030,
12:34:06.00,24-07-14,28.169328166666666°„N,104.8106575°„E,623.3,0.030,
12:34:07.00,24-07-14,28.169327833333334°„N,104.8106575°„E,623.3,0.013,
12:34:08.00,24-07-14,28.169327666666668°„N,104.8106575°„E,623.3,0.021,
12:34:09.00,24-07-14,28.1693275°„N,104.8106575°„E,623.3,0.007,
12:34:10.00,24-07-14,28.169327166666665°„N,104.8106575°„E,623.3,0.010,
12:34:11.00,24-07-14,28.169326833333333°„N,104.81065766666667°„E,623.3,0.017,
12:34:12.00,24-07-14,28.169326666666667°„N,104.81065766666667°„E,623.2,0.026,
12:34:13.00,24-07-14,28.1693265°„N,104.8106575°„E,623.2,0.039,
12:34:14.00,24-07-14,28.1693265°„N,104.8106575°„E,623.2,0.045,
12:34:15.00,24-07-14,28.169326333333334°„N,104.8106575°„E,623.2,0.025,
12:34:16.00,24-07-14,28.169326166666668°„N,104.8106575°„E,623.2,0.024,
12:34:17.00,24-07-14,28.169326°„N,104.8106575°„E,623.2,0.043,
12:34:18.00,24-07-14,28.169325833333332°„N,104.8106575°„E,623.2,0.019,
12:34:19.00,24-07-14,28.169325833333332°„N,104.8106575°„E,623.3,0.012,
12:34:20.00,24-07-14,28.1693255°„N,104.81065733333334°„E,623.3,0.021,
12:34:21.00,24-07-14,28.1693255°„N,104.81065733333334°„E,623.3,0.017,
12:34:22.00,24-07-14,28.169325333333333°„N,104.81065716666667°„E,623.3,0.012,
12:34:23.00,24-07-14,28.169325166666667°„N,104.81065716666667°„E,623.3,0.029,
12:34:24.00,24-07-14,28.169325166666667°„N,104.81065716666667°„E,623.3,0.022,
12:34:25.00,24-07-14,28.169325166666667°„N,104.81065716666667°„E,623.3,0.017,
12:34:26.00,24-07-14,28.169325166666667°„N,104.81065716666667°„E,623.4,0.019,
12:34:27.00,24-07-14,28.169325166666667°„N,104.81065733333334°„E,623.4,0.007,
12:34:28.00,24-07-14,28.169325166666667°„N,104.81065733333334°„E,623.4,0.013,
12:34:29.00,24-07-14,28.169325166666667°„N,104.81065733333334°„E,623.4,0.023,
12:34:30.00,24-07-14,28.169325166666667°„N,104.81065733333334°„E,623.4,0.017,
12:34:31.00,24-07-14,28.169325166666667°„N,104.81065733333334°„E,623.5,0.006,
12:34:32.00,24-07-14,28.169325166666667°„N,104.81065733333334°„E,623.5,0.014,
12:34:33.00,24-07-14,28.169325333333333°„N,104.8106575°„E,623.5,0.017,
12:34:34.00,24-07-14,28.169325333333333°„N,104.8106575°„E,623.5,0.014,
12:34:35.00,24-07-14,28.1693255°„N,104.8106575°„E,623.6,0.033,
12:34:36.00,24-07-14,28.169325666666666°„N,104.8106575°„E,623.6,0.039,
12:34:37.00,24-07-14,28.169325666666666°„N,104.8106575°„E,623.6,0.046,
12:34:38.00,24-07-14,28.169325666666666°„N,104.81065733333334°„E,623.7,0.035,
12:34:39.00,24-07-14,28.169325666666666°„N,104.81065733333334°„E,623.7,0.040,
12:34:40.00,24-07-14,28.169325833333332°„N,104.81065716666667°„E,623.7,0.017,
12:34:41.00,24-07-14,28.169325833333332°„N,104.81065716666667°„E,623.7,0.038,
12:34:42.00,24-07-14,28.169325833333332°„N,104.810657°„E,623.7,0.018,
12:34:43.00,24-07-14,28.169325833333332°„N,104.810657°„E,623.7,0.010,
12:34:44.00,24-07-14,28.169325833333332°„N,104.810657°„E,623.8,0.010,
12:34:45.00,24-07-14,28.169325833333332°„N,104.810657°„E,623.8,0.024,
12:34:46.00,24-07-14,28.169325833333332°„N,104.810657°„E,623.8,0.008,
12:34:47.00,24-07-14,28.169325833333332°„N,104.810657°„E,623.8,0.021,
12:34:48.00,24-07-14,28.169325833333332°„N,104.810657°„E,623.8,0.016,
12:34:49.00,24-07-14,28.169325833333332°„N,104.81065683333334°„E,623.8,0.026,
12:34:50.00,24-07-14,28.169326°„N,104.81065683333334°„E,623.8,0.016,
12:34:51.00,24-07-14,28.169326°„N,104.81065683333334°„E,623.8,0.052,
12:34:52.00,24-07-14,28.169326166666668°„N,104.81065666666667°„E,623.8,0.039,
12:34:53.00,24-07-14,28.169326166666668°„N,104.81065666666667°„E,623.8,0.063,
12:34:54.00,24-07-14,28.169326333333334°„N,104.81065666666667°„E,623.8,0.020,
12:34:55.00,24-07-14,28.169326333333334°„N,104.81065666666667°„E,623.8,0.023,
12:34:56.00,24-07-14,28.169326333333334°„N,104.81065666666667°„E,623.8,0.019,
12:34:57.00,24-07-14,28.169326333333334°„N,104.81065666666667°„E,623.8,0.013,
12:34:58.00,24-07-14,28.169326333333334°„N,104.81065666666667°„E,623.8,0.019,
12:34:59.00,24-07-14,28.169326333333334°„N,104.81065666666667°„E,623.8,0.007,
12:35:00.00,24-07-14,28.169326333333334°„N,104.81065666666667°„E,623.8,0.057,
12:35:01.00,24-07-14,28.169326333333334°„N,104.81065666666667°„E,623.9,0.049,
12:35:02.00,24-07-14,28.1693265°„N,104.81065666666667°„E,623.9,0.033,
12:35:03.00,24-07-14,28.169326333333334°„N,104.81065666666667°„E,623.9,0.050,
12:35:04.00,24-07-14,28.169326166666668°„N,104.81065683333334°„E,623.9,0.044,
12:35:05.00,24-07-14,28.169326166666668°„N,104.81065683333334°„E,624.0,0.026,
12:35:06.00,24-07-14,28.169326°„N,104.81065683333334°„E,624.0,0.018,
12:35:07.00,24-07-14,28.169326°„N,104.810657°„E,624.0,0.009,
12:35:08.00,24-07-14,28.169326°„N,104.81065716666667°„E,624.0,0.008,
12:35:09.00,24-07-14,28.169326166666668°„N,104.81065716666667°„E,624.0,0.019,
12:35:10.00,24-07-14,28.169326°„N,104.81065733333334°„E,624.0,0.018,
12:35:11.00,24-07-14,28.169326166666668°„N,104.81065733333334°„E,624.0,0.015,
12:35:12.00,24-07-14,28.169326166666668°„N,104.81065733333334°„E,624.0,0.041,
12:35:13.00,24-07-14,28.169326166666668°„N,104.81065733333334°„E,624.0,0.042,
12:35:14.00,24-07-14,28.169326166666668°„N,104.81065733333334°„E,624.0,0.061,
12:35:15.00,24-07-14,28.169326166666668°„N,104.81065733333334°„E,624.0,0.030,
12:35:16.00,24-07-14,28.169326166666668°„N,104.81065733333334°„E,624.1,0.038,
12:35:17.00,24-07-14,28.169326166666668°„N,104.81065733333334°„E,624.1,0.027,
12:35:18.00,24-07-14,28.169326166666668°„N,104.8106575°„E,624.1,0.017,
12:35:19.00,24-07-14,28.169326166666668°„N,104.8106575°„E,624.1,0.015,
12:35:20.00,24-07-14,28.169326166666668°„N,104.81065766666667°„E,624.1,0.010,
12:35:21.00,24-07-14,28.169326166666668°„N,104.81065766666667°„E,624.1,0.022,
12:35:22.00,24-07-14,28.169326166666668°„N,104.81065783333334°„E,624.1,0.029,
12:35:23.00,24-07-14,28.169326166666668°„N,104.81065783333334°„E,624.1,0.015,
12:35:24.00,24-07-14,28.169326°„N,104.81065766666667°„E,624.1,0.037,
12:35:25.00,24-07-14,28.169325833333332°„N,104.81065766666667°„E,624.1,0.031,
12:35:26.00,24-07-14,28.169325666666666°„N,104.8106575°„E,624.1,0.034,
12:35:27.00,24-07-14,28.1693255°„N,104.8106575°„E,624.0,0.041,
12:35:28.00,24-07-14,28.169325333333333°„N,104.81065733333334°„E,624.0,0.036,
12:35:29.00,24-07-14,28.169325333333333°„N,104.81065716666667°„E,624.0,0.013,
12:35:30.00,24-07-14,28.169325333333333°„N,104.81065716666667°„E,624.0,0.027,
12:35:31.00,24-07-14,28.169325166666667°„N,104.810657°„E,624.0,0.031,
12:35:32.00,24-07-14,28.169325°„N,104.810657°„E,624.0,0.013,
12:35:33.00,24-07-14,28.169325°„N,104.81065683333334°„E,623.9,0.034,
12:35:34.00,24-07-14,28.169324833333334°„N,104.81065666666667°„E,623.9,0.024,
12:35:35.00,24-07-14,28.169324833333334°„N,104.8106565°„E,623.9,0.013,
12:35:36.00,24-07-14,28.169324833333334°„N,104.81065633333333°„E,623.9,0.035,
12:35:37.00,24-07-14,28.169325°„N,104.81065616666666°„E,623.9,0.041,
12:35:38.00,24-07-14,28.169325°„N,104.81065583333333°„E,623.9,0.071,
12:35:39.00,24-07-14,28.169324833333334°„N,104.8106555°„E,623.9,0.055,
12:35:40.00,24-07-14,28.169324833333334°„N,104.81065533333333°„E,623.9,0.041,
12:35:41.00,24-07-14,28.169324833333334°„N,104.810655°„E,623.9,0.029,
12:35:42.00,24-07-14,28.169324666666668°„N,104.81065483333333°„E,623.9,0.040,
12:35:43.00,24-07-14,28.169324666666668°„N,104.81065483333333°„E,623.9,0.043,
12:35:44.00,24-07-14,28.169324666666668°„N,104.81065466666666°„E,623.8,0.024,
12:35:45.00,24-07-14,28.169324666666668°„N,104.8106545°„E,623.8,0.028,
12:35:46.00,24-07-14,28.169324666666668°„N,104.81065433333333°„E,623.7,0.040,
12:35:47.00,24-07-14,28.169324666666668°„N,104.81065433333333°„E,623.7,0.003,
12:35:48.00,24-07-14,28.1693245°„N,104.810654°„E,623.6,0.031,
12:35:49.00,24-07-14,28.1693245°„N,104.81065383333333°„E,623.6,0.037,
12:35:50.00,24-07-14,28.1693245°„N,104.81065366666667°„E,623.5,0.026,
12:35:51.00,24-07-14,28.1693245°„N,104.8106535°„E,623.5,0.023,
12:35:52.00,24-07-14,28.1693245°„N,104.81065333333333°„E,623.4,0.029,
12:35:53.00,24-07-14,28.169324333333332°„N,104.81065316666667°„E,623.3,0.034,
12:35:54.00,24-07-14,28.169324333333332°„N,104.81065316666667°„E,623.2,0.011,
12:35:55.00,24-07-14,28.169324333333332°„N,104.810653°„E,623.2,0.029,
12:35:56.00,24-07-14,28.169324333333332°„N,104.810653°„E,623.1,0.027,
12:35:57.00,24-07-14,28.1693245°„N,104.810653°„E,623.0,0.024,
12:35:58.00,24-07-14,28.1693245°„N,104.810653°„E,622.9,0.036,
12:35:59.00,24-07-14,28.1693245°„N,104.810653°„E,622.9,0.026,
12:36:00.00,24-07-14,28.1693245°„N,104.810653°„E,622.8,0.024,
12:36:01.00,24-07-14,28.1693245°„N,104.81065283333334°„E,622.7,0.032,
12:36:02.00,24-07-14,28.1693245°„N,104.81065283333334°„E,622.7,0.041,
12:36:03.00,24-07-14,28.169324333333332°„N,104.81065283333334°„E,622.7,0.022,
12:36:04.00,24-07-14,28.169324333333332°„N,104.810653°„E,622.6,0.016,
12:36:05.00,24-07-14,28.169324166666666°„N,104.81065316666667°„E,622.6,0.027,
12:36:06.00,24-07-14,28.169324166666666°„N,104.81065333333333°„E,622.6,0.015,
12:36:07.00,24-07-14,28.169324166666666°„N,104.8106535°„E,622.6,0.006,
12:36:08.00,24-07-14,28.169324333333332°„N,104.81065366666667°„E,622.5,0.032,
12:36:09.00,24-07-14,28.169324333333332°„N,104.81065383333333°„E,622.5,0.022,
12:36:10.00,24-07-14,28.169324333333332°„N,104.810654°„E,622.5,0.003,
12:36:11.00,24-07-14,28.1693245°„N,104.81065416666667°„E,622.5,0.027,
12:36:12.00,24-07-14,28.1693245°„N,104.8106545°„E,622.5,0.006,
12:36:13.00,24-07-14,28.169324666666668°„N,104.8106545°„E,622.5,0.034,
12:36:14.00,24-07-14,28.169324666666668°„N,104.81065466666666°„E,622.5,0.016,
12:36:15.00,24-07-14,28.169324833333334°„N,104.81065483333333°„E,622.4,0.022,
12:36:16.00,24-07-14,28.169325°„N,104.810655°„E,622.4,0.039,
12:36:17.00,24-07-14,28.169325333333333°„N,104.810655°„E,622.4,0.022,
12:36:18.00,24-07-14,28.1693255°„N,104.81065516666666°„E,622.4,0.006,
12:36:19.00,24-07-14,28.169325833333332°„N,104.81065533333333°„E,622.4,0.020,
12:36:20.00,24-07-14,28.169326°„N,104.8106555°„E,622.4,0.032,
12:36:21.00,24-07-14,28.169326166666668°„N,104.81065566666666°„E,622.4,0.014,
12:36:22.00,24-07-14,28.169326333333334°„N,104.81065583333333°„E,622.3,0.018,
12:36:23.00,24-07-14,28.1693265°„N,104.810656°„E,622.3,0.032,
12:36:24.00,24-07-14,28.169326666666667°„N,104.81065616666666°„E,622.3,0.022,
12:36:25.00,24-07-14,28.169326666666667°„N,104.81065616666666°„E,622.3,0.021,
12:36:26.00,24-07-14,28.169326666666667°„N,104.81065633333333°„E,622.3,0.007,
12:36:27.00,24-07-14,28.169326833333333°„N,104.81065633333333°„E,622.3,0.017,
12:36:28.00,24-07-14,28.169326833333333°„N,104.81065633333333°„E,622.3,0.029,
12:36:29.00,24-07-14,28.169327°„N,104.8106565°„E,622.3,0.027,
12:36:30.00,24-07-14,28.169327166666665°„N,104.8106565°„E,622.3,0.013,
12:36:31.00,24-07-14,28.16932733333333°„N,104.81065666666667°„E,622.3,0.014,
12:36:32.00,24-07-14,28.1693275°„N,104.81065683333334°„E,622.3,0.020,
12:36:33.00,24-07-14,28.169327666666668°„N,104.810657°„E,622.3,0.015,
12:36:34.00,24-07-14,28.169327833333334°„N,104.81065716666667°„E,622.3,0.021,
12:36:35.00,24-07-14,28.169328°„N,104.81065733333334°„E,622.3,0.024,
12:36:36.00,24-07-14,28.169327833333334°„N,104.8106575°„E,622.3,0.024,
12:36:37.00,24-07-14,28.169327833333334°„N,104.8106575°„E,622.3,0.023,
12:36:38.00,24-07-14,28.169327833333334°„N,104.8106575°„E,622.4,0.033,
12:36:39.00,24-07-14,28.169327833333334°„N,104.8106575°„E,622.4,0.041,
12:36:40.00,24-07-14,28.169327833333334°„N,104.8106575°„E,622.4,0.052,
12:36:41.00,24-07-14,28.169327833333334°„N,104.81065733333334°„E,622.4,0.014,
12:36:42.00,24-07-14,28.169328°„N,104.81065716666667°„E,622.4,0.011,
12:36:43.00,24-07-14,28.169328°„N,104.81065716666667°„E,622.4,0.023,
12:36:44.00,24-07-14,28.169327833333334°„N,104.81065716666667°„E,622.4,0.024,
12:36:45.00,24-07-14,28.169327833333334°„N,104.810657°„E,622.4,0.011,
12:36:46.00,24-07-14,28.169327666666668°„N,104.810657°„E,622.5,0.009,
12:36:47.00,24-07-14,28.169327666666668°„N,104.810657°„E,622.5,0.005,
12:36:48.00,24-07-14,28.169327666666668°„N,104.81065683333334°„E,622.5,0.011,
12:36:49.00,24-07-14,28.1693275°„N,104.81065666666667°„E,622.5,0.033,
12:36:50.00,24-07-14,28.1693275°„N,104.8106565°„E,622.5,0.039,
12:36:51.00,24-07-14,28.1693275°„N,104.81065633333333°„E,622.5,0.036,
12:36:52.00,24-07-14,28.1693275°„N,104.81065616666666°„E,622.5,0.026,
12:36:53.00,24-07-14,28.1693275°„N,104.810656°„E,622.6,0.011,
12:36:54.00,24-07-14,28.169327666666668°„N,104.810656°„E,622.6,0.033,
12:36:55.00,24-07-14,28.169327666666668°„N,104.810656°„E,622.6,0.018,
12:36:56.00,24-07-14,28.169327833333334°„N,104.81065583333333°„E,622.6,0.011,
12:36:57.00,24-07-14,28.169327833333334°„N,104.81065566666666°„E,622.6,0.019,
12:36:58.00,24-07-14,28.169328°„N,104.81065566666666°„E,622.6,0.014,
12:36:59.00,24-07-14,28.169328°„N,104.8106555°„E,622.6,0.024,
12:37:00.00,24-07-14,28.169328166666666°„N,104.81065533333333°„E,622.7,0.025,
12:37:01.00,24-07-14,28.169328166666666°„N,104.81065516666666°„E,622.7,0.037,
12:37:02.00,24-07-14,28.169328166666666°„N,104.81065483333333°„E,622.7,0.023,
12:37:03.00,24-07-14,28.169328166666666°„N,104.81065483333333°„E,622.7,0.016,
12:37:04.00,24-07-14,28.169328166666666°„N,104.81065466666666°„E,622.7,0.019,
12:37:05.00,24-07-14,28.169328166666666°„N,104.8106545°„E,622.7,0.029,
12:37:06.00,24-07-14,28.169328166666666°„N,104.81065433333333°„E,622.8,0.016,
12:37:07.00,24-07-14,28.169328166666666°„N,104.81065416666667°„E,622.8,0.006,
12:37:08.00,24-07-14,28.169328°„N,104.81065416666667°„E,622.8,0.005,
12:37:09.00,24-07-14,28.169328°„N,104.81065416666667°„E,622.8,0.016,
12:37:10.00,24-07-14,28.169327666666668°„N,104.81065416666667°„E,622.8,0.021,
12:37:11.00,24-07-14,28.1693275°„N,104.81065416666667°„E,622.8,0.017,
12:37:12.00,24-07-14,28.16932733333333°„N,104.81065416666667°„E,622.8,0.024,
12:37:13.00,24-07-14,28.169327166666665°„N,104.81065416666667°„E,622.8,0.015,
12:37:14.00,24-07-14,28.169326833333333°„N,104.81065416666667°„E,622.8,0.035,
12:37:15.00,24-07-14,28.169326666666667°„N,104.81065416666667°„E,622.8,0.018,
12:37:16.00,24-07-14,28.1693265°„N,104.81065416666667°„E,622.8,0.032,
12:37:17.00,24-07-14,28.169326333333334°„N,104.81065416666667°„E,622.9,0.034,
12:37:18.00,24-07-14,28.169326166666668°„N,104.81065433333333°„E,622.9,0.018,
12:37:19.00,24-07-14,28.169326166666668°„N,104.81065433333333°„E,622.9,0.020,
12:37:20.00,24-07-14,28.169326166666668°„N,104.8106545°„E,623.0,0.037,
12:37:21.00,24-07-14,28.169326166666668°„N,104.81065466666666°„E,623.0,0.023,
12:37:22.00,24-07-14,28.169326333333334°„N,104.810655°„E,623.0,0.043,
12:37:23.00,24-07-14,28.1693265°„N,104.81065516666666°„E,623.1,0.045,
12:37:24.00,24-07-14,28.1693265°„N,104.81065533333333°„E,623.1,0.038,
12:37:25.00,24-07-14,28.1693265°„N,104.8106555°„E,623.2,0.033,
12:37:26.00,24-07-14,28.169326666666667°„N,104.8106555°„E,623.2,0.024,
12:37:27.00,24-07-14,28.169326666666667°„N,104.81065566666666°„E,623.3,0.020,
12:37:28.00,24-07-14,28.169326833333333°„N,104.81065566666666°„E,623.3,0.010,
12:37:29.00,24-07-14,28.169327°„N,104.81065583333333°„E,623.3,0.019,
12:37:30.00,24-07-14,28.16932733333333°„N,104.81065583333333°„E,623.4,0.012,
12:37:31.00,24-07-14,28.1693275°„N,104.810656°„E,623.4,0.008,
12:37:32.00,24-07-14,28.169327666666668°„N,104.810656°„E,623.5,0.013,
12:37:33.00,24-07-14,28.169328°„N,104.810656°„E,623.5,0.020,
12:37:34.00,24-07-14,28.169328166666666°„N,104.81065616666666°„E,623.5,0.014,
12:37:35.00,24-07-14,28.169328333333333°„N,104.81065616666666°„E,623.5,0.044,
12:37:36.00,24-07-14,28.1693285°„N,104.81065616666666°„E,623.5,0.034,
12:37:37.00,24-07-14,28.169328666666665°„N,104.810656°„E,623.6,0.029,
12:37:38.00,24-07-14,28.169328666666665°„N,104.810656°„E,623.6,0.033,
12:37:39.00,24-07-14,28.169328833333335°„N,104.81065583333333°„E,623.6,0.031,
12:37:40.00,24-07-14,28.169329°„N,104.81065583333333°„E,623.6,0.029,
12:37:41.00,24-07-14,28.169329166666667°„N,104.81065566666666°„E,623.6,0.012,
12:37:42.00,24-07-14,28.169329166666667°„N,104.81065566666666°„E,623.6,0.016,
12:37:43.00,24-07-14,28.169329333333334°„N,104.8106555°„E,623.6,0.035,
12:37:44.00,24-07-14,28.169329333333334°„N,104.8106555°„E,623.6,0.041,
12:37:45.00,24-07-14,28.1693295°„N,104.8106555°„E,623.5,0.043,
12:37:46.00,24-07-14,28.1693295°„N,104.8106555°„E,623.5,0.062,
12:37:47.00,24-07-14,28.1693295°„N,104.81065533333333°„E,623.5,0.032,
12:37:48.00,24-07-14,28.1693295°„N,104.81065516666666°„E,623.5,0.040,
12:37:49.00,24-07-14,28.169329333333334°„N,104.81065483333333°„E,623.5,0.030,
12:37:50.00,24-07-14,28.169329333333334°„N,104.8106545°„E,623.5,0.027,
12:37:51.00,24-07-14,28.169329166666667°„N,104.81065416666667°„E,623.5,0.046,
12:37:52.00,24-07-14,28.169329°„N,104.81065383333333°„E,623.5,0.037,
12:37:53.00,24-07-14,28.169328833333335°„N,104.8106535°„E,623.5,0.036,
12:37:54.00,24-07-14,28.169328666666665°„N,104.81065316666667°„E,623.5,0.013,
12:37:55.00,24-07-14,28.169328666666665°„N,104.810653°„E,623.6,0.032,
12:37:56.00,24-07-14,28.1693285°„N,104.81065266666667°„E,623.6,0.028,
12:37:57.00,24-07-14,28.169328333333333°„N,104.81065233333334°„E,623.6,0.031,
12:37:58.00,24-07-14,28.169328333333333°„N,104.81065216666667°„E,623.6,0.019,
12:37:59.00,24-07-14,28.169328166666666°„N,104.81065183333334°„E,623.6,0.044,
12:38:00.00,24-07-14,28.169328°„N,104.81065166666667°„E,623.6,0.016,
12:38:01.00,24-07-14,28.169327666666668°„N,104.81065133333334°„E,623.6,0.024,
12:38:02.00,24-07-14,28.1693275°„N,104.81065100000001°„E,623.6,0.019,
12:38:03.00,24-07-14,28.169327166666665°„N,104.81065083333333°„E,623.6,0.024,
12:38:04.00,24-07-14,28.169327°„N,104.81065066666666°„E,623.6,0.009,
12:38:05.00,24-07-14,28.169326666666667°„N,104.81065033333333°„E,623.6,0.035,
12:38:06.00,24-07-14,28.169326333333334°„N,104.81065016666666°„E,623.6,0.018,
12:38:07.00,24-07-14,28.169326166666668°„N,104.81065°„E,623.6,0.024,
12:38:08.00,24-07-14,28.169326166666668°„N,104.81064983333333°„E,623.6,0.038,
12:38:09.00,24-07-14,28.169326°„N,104.81064966666666°„E,623.6,0.026,
12:38:10.00,24-07-14,28.169325833333332°„N,104.8106495°„E,623.6,0.036,
12:38:11.00,24-07-14,28.169325666666666°„N,104.81064933333333°„E,623.6,0.068,
12:38:12.00,24-07-14,28.1693255°„N,104.810649°„E,623.6,0.043,
12:38:13.00,24-07-14,28.169325333333333°„N,104.81064883333333°„E,623.6,0.008,
12:38:14.00,24-07-14,28.169325166666667°„N,104.81064866666667°„E,623.6,0.017,
12:38:15.00,24-07-14,28.169325°„N,104.8106485°„E,623.6,0.025,
12:38:16.00,24-07-14,28.169324833333334°„N,104.81064833333333°„E,623.6,0.014,
12:38:17.00,24-07-14,28.169324666666668°„N,104.81064816666667°„E,623.6,0.019,
12:38:18.00,24-07-14,28.169324666666668°„N,104.810648°„E,623.6,0.030,
12:38:19.00,24-07-14,28.169324666666668°„N,104.81064783333333°„E,623.6,0.042,
12:38:20.00,24-07-14,28.169324666666668°„N,104.81064766666667°„E,623.6,0.021,
12:38:21.00,24-07-14,28.1693245°„N,104.8106475°„E,623.6,0.020,
12:38:22.00,24-07-14,28.1693245°„N,104.81064733333334°„E,623.7,0.016,
12:38:23.00,24-07-14,28.1693245°„N,104.81064716666667°„E,623.7,0.034,
12:38:24.00,24-07-14,28.1693245°„N,104.810647°„E,623.7,0.042,
12:38:25.00,24-07-14,28.1693245°„N,104.81064683333334°„E,623.6,0.033,
12:38:26.00,24-07-14,28.169324333333332°„N,104.81064666666667°„E,623.6,0.031,
12:38:27.00,24-07-14,28.169324333333332°„N,104.81064666666667°„E,623.6,0.030,
12:38:28.00,24-07-14,28.169324333333332°„N,104.8106465°„E,623.6,0.043,
12:38:29.00,24-07-14,28.169324166666666°„N,104.81064633333334°„E,623.6,0.033,
12:38:30.00,24-07-14,28.169324333333332°„N,104.81064633333334°„E,623.6,0.016,
12:38:31.00,24-07-14,28.169324333333332°„N,104.81064633333334°„E,623.6,0.023,
12:38:32.00,24-07-14,28.1693245°„N,104.81064633333334°„E,623.6,0.066,
12:38:33.00,24-07-14,28.1693245°„N,104.81064633333334°„E,623.6,0.029,
12:38:34.00,24-07-14,28.1693245°„N,104.81064633333334°„E,623.6,0.021,
12:38:35.00,24-07-14,28.1693245°„N,104.8106465°„E,623.6,0.050,
12:38:36.00,24-07-14,28.169324333333332°„N,104.81064633333334°„E,623.6,0.061,
12:38:37.00,24-07-14,28.169324166666666°„N,104.81064633333334°„E,623.6,0.031,
12:38:38.00,24-07-14,28.169324°„N,104.8106465°„E,623.6,0.030,
12:38:39.00,24-07-14,28.169324°„N,104.8106465°„E,623.6,0.013,
12:38:40.00,24-07-14,28.169323833333333°„N,104.81064666666667°„E,623.6,0.045,
12:38:41.00,24-07-14,28.169323833333333°„N,104.81064666666667°„E,623.6,0.016,
12:38:42.00,24-07-14,28.169323833333333°„N,104.81064683333334°„E,623.6,0.027,
12:38:43.00,24-07-14,28.169323833333333°„N,104.81064683333334°„E,623.6,0.037,
12:38:44.00,24-07-14,28.169324°„N,104.810647°„E,623.6,0.036,
12:38:45.00,24-07-14,28.169324°„N,104.810647°„E,623.6,0.034,
12:38:46.00,24-07-14,28.169324°„N,104.81064716666667°„E,623.6,0.037,
12:38:47.00,24-07-14,28.169324°„N,104.81064733333334°„E,623.6,0.045,
12:38:48.00,24-07-14,28.169324166666666°„N,104.8106475°„E,623.7,0.016,
12:38:49.00,24-07-14,28.169324°„N,104.81064766666667°„E,623.7,0.053,
12:38:50.00,24-07-14,28.169324°„N,104.81064783333333°„E,623.7,0.027,
12:38:51.00,24-07-14,28.169324°„N,104.810648°„E,623.7,0.022,
12:38:52.00,24-07-14,28.169323833333333°„N,104.81064833333333°„E,623.8,0.010,
12:38:53.00,24-07-14,28.169323833333333°„N,104.8106485°„E,623.8,0.038,
12:38:54.00,24-07-14,28.169323666666667°„N,104.81064883333333°„E,623.8,0.013,
12:38:55.00,24-07-14,28.169323666666667°„N,104.810649°„E,623.9,0.011,
12:38:56.00,24-07-14,28.169323666666667°„N,104.81064933333333°„E,623.9,0.026,
12:38:57.00,24-07-14,28.169323833333333°„N,104.81064966666666°„E,624.0,0.016,
12:38:58.00,24-07-14,28.169323833333333°„N,104.81064983333333°„E,624.0,0.010,
12:38:59.00,24-07-14,28.169323833333333°„N,104.81065°„E,624.0,0.018,
12:39:00.00,24-07-14,28.169323833333333°„N,104.81065016666666°„E,624.1,0.013,
12:39:01.00,24-07-14,28.169323833333333°„N,104.81065033333333°„E,624.1,0.009,
12:39:02.00,24-07-14,28.169323833333333°„N,104.8106505°„E,624.1,0.016,
12:39:03.00,24-07-14,28.169323833333333°„N,104.81065066666666°„E,624.1,0.013,
12:39:04.00,24-07-14,28.169323833333333°„N,104.81065066666666°„E,624.1,0.032,
12:39:05.00,24-07-14,28.169323833333333°„N,104.81065066666666°„E,624.1,0.022,
12:39:06.00,24-07-14,28.169323833333333°„N,104.81065066666666°„E,624.1,0.022,
12:39:07.00,24-07-14,28.169324°„N,104.81065083333333°„E,624.1,0.016,
12:39:08.00,24-07-14,28.169324°„N,104.81065083333333°„E,624.1,0.011,
12:39:09.00,24-07-14,28.169324°„N,104.81065083333333°„E,624.2,0.008,
12:39:10.00,24-07-14,28.169324°„N,104.81065083333333°„E,624.2,0.003,
12:39:11.00,24-07-14,28.169324166666666°„N,104.81065083333333°„E,624.2,0.034,
12:39:12.00,24-07-14,28.169324166666666°„N,104.81065083333333°„E,624.2,0.021,
12:39:13.00,24-07-14,28.169324166666666°„N,104.81065083333333°„E,624.2,0.021,
12:39:14.00,24-07-14,28.169324166666666°„N,104.81065083333333°„E,624.2,0.040,
12:39:15.00,24-07-14,28.169324166666666°„N,104.81065083333333°„E,624.2,0.011,
12:39:16.00,24-07-14,28.169324166666666°„N,104.81065083333333°„E,624.2,0.024,
12:39:17.00,24-07-14,28.169324°„N,104.81065083333333°„E,624.2,0.010,
12:39:18.00,24-07-14,28.169324166666666°„N,104.81065083333333°„E,624.2,0.026,
12:39:19.00,24-07-14,28.169324166666666°„N,104.81065083333333°„E,624.2,0.029,
12:39:20.00,24-07-14,28.169324°„N,104.81065100000001°„E,624.2,0.017,
12:39:21.00,24-07-14,28.169324°„N,104.81065100000001°„E,624.2,0.037,
12:39:22.00,24-07-14,28.169324°„N,104.81065100000001°„E,624.2,0.028,
12:39:23.00,24-07-14,28.169324°„N,104.81065100000001°„E,624.2,0.045,
12:39:24.00,24-07-14,28.169324°„N,104.81065100000001°„E,624.2,0.047,
12:39:25.00,24-07-14,28.169323833333333°„N,104.81065100000001°„E,624.2,0.013,
12:39:26.00,24-07-14,28.169323833333333°„N,104.81065100000001°„E,624.2,0.003,
12:39:27.00,24-07-14,28.169323666666667°„N,104.81065116666667°„E,624.2,0.010,
12:39:28.00,24-07-14,28.169323666666667°„N,104.81065116666667°„E,624.2,0.017,
12:39:29.00,24-07-14,28.1693235°„N,104.81065116666667°„E,624.2,0.020,
12:39:30.00,24-07-14,28.1693235°„N,104.81065116666667°„E,624.2,0.023,
12:39:31.00,24-07-14,28.169323333333335°„N,104.81065133333334°„E,624.2,0.012,
12:39:32.00,24-07-14,28.169323333333335°„N,104.8106515°„E,624.2,0.007,
12:39:33.00,24-07-14,28.169323333333335°„N,104.8106515°„E,624.2,0.013,
12:39:34.00,24-07-14,28.169323333333335°„N,104.81065166666667°„E,624.2,0.045,
12:39:35.00,24-07-14,28.169323333333335°„N,104.81065166666667°„E,624.2,0.014,
12:39:36.00,24-07-14,28.169323333333335°„N,104.81065166666667°„E,624.2,0.042,
12:39:37.00,24-07-14,28.1693235°„N,104.81065166666667°„E,624.2,0.047,
12:39:38.00,24-07-14,28.169323666666667°„N,104.81065166666667°„E,624.2,0.031,
12:39:39.00,24-07-14,28.169323666666667°„N,104.8106515°„E,624.2,0.024,
12:39:40.00,24-07-14,28.169323833333333°„N,104.81065166666667°„E,624.3,0.033,
12:39:41.00,24-07-14,28.169324°„N,104.81065166666667°„E,624.3,0.032,
12:39:42.00,24-07-14,28.169324166666666°„N,104.81065166666667°„E,624.3,0.016,
12:39:43.00,24-07-14,28.169324333333332°„N,104.81065183333334°„E,624.3,0.017,
12:39:44.00,24-07-14,28.169324333333332°„N,104.81065183333334°„E,624.4,0.022,
12:39:45.00,24-07-14,28.1693245°„N,104.810652°„E,624.4,0.039,
12:39:46.00,24-07-14,28.1693245°„N,104.81065216666667°„E,624.4,0.017,
12:39:47.00,24-07-14,28.1693245°„N,104.81065216666667°„E,624.4,0.029,
12:39:48.00,24-07-14,28.169324666666668°„N,104.81065233333334°„E,624.4,0.056,
12:39:49.00,24-07-14,28.169324833333334°„N,104.81065233333334°„E,624.5,0.054,
12:39:50.00,24-07-14,28.169324833333334°„N,104.8106525°„E,624.5,0.016,
12:39:51.00,24-07-14,28.169324833333334°„N,104.81065266666667°„E,624.6,0.036,
12:39:52.00,24-07-14,28.169325°„N,104.81065283333334°„E,624.6,0.019,
12:39:53.00,24-07-14,28.169325°„N,104.810653°„E,624.6,0.012,
12:39:54.00,24-07-14,28.169325°„N,104.81065333333333°„E,624.7,0.011,
12:39:55.00,24-07-14,28.169325°„N,104.8106535°„E,624.7,0.020,
12:39:56.00,24-07-14,28.169324833333334°„N,104.81065366666667°„E,624.7,0.029,
12:39:57.00,24-07-14,28.169324833333334°„N,104.81065383333333°„E,624.7,0.047,
12:39:58.00,24-07-14,28.169324666666668°„N,104.81065416666667°„E,624.7,0.020,
12:39:59.00,24-07-14,28.169324666666668°„N,104.81065433333333°„E,624.8,0.005,
12:40:00.00,24-07-14,28.169324666666668°„N,104.8106545°„E,624.8,0.021,
12:40:01.00,24-07-14,28.169324666666668°„N,104.81065466666666°„E,624.8,0.041,
12:40:02.00,24-07-14,28.169324833333334°„N,104.81065466666666°„E,624.8,0.030,
12:40:03.00,24-07-14,28.169324833333334°„N,104.81065483333333°„E,624.9,0.022,
12:40:04.00,24-07-14,28.169325°„N,104.810655°„E,624.9,0.061,
12:40:05.00,24-07-14,28.169325166666667°„N,104.81065516666666°„E,624.9,0.018,
12:40:06.00,24-07-14,28.169325166666667°„N,104.81065533333333°„E,625.0,0.016,
12:40:07.00,24-07-14,28.169325166666667°„N,104.8106555°„E,625.0,0.041,
12:40:08.00,24-07-14,28.169325166666667°„N,104.81065566666666°„E,625.0,0.031,
12:40:09.00,24-07-14,28.169325166666667°„N,104.81065583333333°„E,625.0,0.018,
12:40:10.00,24-07-14,28.169325166666667°„N,104.810656°„E,625.0,0.027,
12:40:11.00,24-07-14,28.169325166666667°„N,104.81065616666666°„E,625.0,0.013,
12:40:12.00,24-07-14,28.169325333333333°„N,104.81065616666666°„E,625.1,0.027,
12:40:13.00,24-07-14,28.1693255°„N,104.81065633333333°„E,625.1,0.063,
12:40:14.00,24-07-14,28.1693255°„N,104.81065633333333°„E,625.1,0.042,
12:40:15.00,24-07-14,28.169325666666666°„N,104.8106565°„E,625.1,0.062,
12:40:16.00,24-07-14,28.169325833333332°„N,104.81065666666667°„E,625.1,0.072,
12:40:17.00,24-07-14,28.169326°„N,104.81065683333334°„E,625.1,0.035,
12:40:18.00,24-07-14,28.169326166666668°„N,104.81065683333334°„E,625.1,0.009,
12:40:19.00,24-07-14,28.169326166666668°„N,104.81065683333334°„E,625.0,0.047,
12:40:20.00,24-07-14,28.169326166666668°„N,104.81065666666667°„E,625.0,0.015,
12:40:21.00,24-07-14,28.169326333333334°„N,104.81065666666667°„E,625.0,0.033,
12:40:22.00,24-07-14,28.169326333333334°„N,104.8106565°„E,624.9,0.066,
12:40:23.00,24-07-14,28.169326333333334°„N,104.81065633333333°„E,624.9,0.019,
12:40:24.00,24-07-14,28.169326333333334°„N,104.81065633333333°„E,624.8,0.014,
12:40:25.00,24-07-14,28.1693265°„N,104.81065616666666°„E,624.8,0.056,
12:40:26.00,24-07-14,28.169326666666667°„N,104.81065616666666°„E,624.8,0.069,
12:40:27.00,24-07-14,28.169326833333333°„N,104.81065616666666°„E,624.7,0.052,
12:40:28.00,24-07-14,28.169326833333333°„N,104.810656°„E,624.6,0.042,
12:40:29.00,24-07-14,28.169327°„N,104.81065583333333°„E,624.6,0.022,
12:40:30.00,24-07-14,28.169327°„N,104.81065566666666°„E,624.5,0.022,
12:40:31.00,24-07-14,28.169327°„N,104.8106555°„E,624.4,0.042,
12:40:32.00,24-07-14,28.169327°„N,104.81065533333333°„E,624.3,0.043,
12:40:33.00,24-07-14,28.169327°„N,104.81065516666666°„E,624.2,0.021,
12:40:34.00,24-07-14,28.169327166666665°„N,104.810655°„E,624.1,0.029,
12:40:35.00,24-07-14,28.169327°„N,104.81065466666666°„E,624.0,0.047,
12:40:36.00,24-07-14,28.169327°„N,104.8106545°„E,624.0,0.027,
12:40:37.00,24-07-14,28.169327°„N,104.8106545°„E,623.9,0.044,
12:40:38.00,24-07-14,28.169327°„N,104.8106545°„E,623.9,0.042,
12:40:39.00,24-07-14,28.169327°„N,104.8106545°„E,623.8,0.036,
12:40:40.00,24-07-14,28.169326833333333°„N,104.8106545°„E,623.8,0.041,
12:40:41.00,24-07-14,28.169326833333333°„N,104.8106545°„E,623.7,0.037,
12:40:42.00,24-07-14,28.169326833333333°„N,104.8106545°„E,623.7,0.020,
12:40:43.00,24-07-14,28.169326666666667°„N,104.8106545°„E,623.6,0.028,
12:40:44.00,24-07-14,28.169326666666667°„N,104.81065433333333°„E,623.6,0.047,
12:40:45.00,24-07-14,28.1693265°„N,104.81065416666667°„E,623.5,0.034,
12:40:46.00,24-07-14,28.169326833333333°„N,104.8106535°„E,623.5,0.375,
12:40:47.00,24-07-14,28.169328666666665°„N,104.81065133333334°„E,623.5,1.343,315.33
12:40:48.00,24-07-14,28.169332666666666°„N,104.81064733333334°„E,623.5,2.491,318.95
12:40:49.00,24-07-14,28.169339833333332°„N,104.81064166666667°„E,623.5,3.954,324.68
12:40:50.00,24-07-14,28.16935°„N,104.810636°„E,623.5,4.913,331.73
12:40:51.00,24-07-14,28.169362833333334°„N,104.810632°„E,623.5,5.537,342.82
12:40:52.00,24-07-14,28.169376833333335°„N,104.81063133333333°„E,623.5,5.663,355.50
12:40:53.00,24-07-14,28.1693905°„N,104.81063516666667°„E,623.5,5.695,11.58
12:40:54.00,24-07-14,28.169402666666667°„N,104.810643°„E,623.5,5.629,27.16
12:40:55.00,24-07-14,28.169411°„N,104.810652°„E,623.5,4.126,37.90
12:40:56.00,24-07-14,28.169414°„N,104.81065566666666°„E,623.5,0.694,38.03
12:40:57.00,24-07-14,28.169414333333332°„N,104.81065616666666°„E,623.5,0.023,
12:40:58.00,24-07-14,28.1694135°„N,104.81065566666666°„E,623.5,0.568,106.52
12:40:59.00,24-07-14,28.169411333333333°„N,104.81065416666667°„E,623.5,1.275,194.59
12:41:00.00,24-07-14,28.169407666666668°„N,104.810652°„E,623.5,1.850,206.48
12:41:01.00,24-07-14,28.169403°„N,104.81064833333333°„E,623.5,2.374,213.84
12:41:02.00,24-07-14,28.169398°„N,104.81064333333333°„E,623.4,2.779,219.81
12:41:03.00,24-07-14,28.169393333333332°„N,104.81063716666667°„E,623.4,2.877,226.74
12:41:04.00,24-07-14,28.16939°„N,104.81063083333333°„E,623.4,2.531,235.05
12:41:05.00,24-07-14,28.169387666666665°„N,104.810625°„E,623.4,2.136,241.47
12:41:06.00,24-07-14,28.169386833333334°„N,104.81062216666666°„E,623.4,0.610,242.78
12:41:07.00,24-07-14,28.169386666666668°„N,104.81062166666666°„E,623.4,0.028,
12:41:08.00,24-07-14,28.169386666666668°„N,104.81062333333334°„E,623.4,0.765,147.34
12:41:09.00,24-07-14,28.169385833333333°„N,104.81062833333333°„E,623.4,2.225,106.33
12:41:10.00,24-07-14,28.169383166666666°„N,104.81063683333333°„E,623.4,3.628,110.29
12:41:11.00,24-07-14,28.169377166666667°„N,104.81064833333333°„E,623.4,5.153,119.95
12:41:12.00,24-07-14,28.169367333333334°„N,104.81066033333333°„E,623.4,6.071,131.29
12:41:13.00,24-07-14,28.169354666666667°„N,104.81067133333333°„E,623.4,6.468,141.15
12:41:14.00,24-07-14,28.1693405°„N,104.81068116666667°„E,623.4,6.701,147.06
12:41:15.00,24-07-14,28.169325833333332°„N,104.81069066666667°„E,623.4,6.755,149.61
12:41:16.00,24-07-14,28.169312333333334°„N,104.8107°„E,623.4,6.172,147.65
12:41:17.00,24-07-14,28.169300833333335°„N,104.81070866666667°„E,623.4,5.211,146.84
12:41:18.00,24-07-14,28.169292333333335°„N,104.810717°„E,623.4,4.174,140.06
12:41:19.00,24-07-14,28.169285333333335°„N,104.81072366666666°„E,623.4,3.490,141.46
12:41:20.00,24-07-14,28.169276666666665°„N,104.81072983333334°„E,623.4,4.311,146.22
12:41:21.00,24-07-14,28.16926683333333°„N,104.81073866666667°„E,623.3,5.398,141.06
12:41:22.00,24-07-14,28.169254833333333°„N,104.81074666666666°„E,623.3,5.729,149.40
12:41:23.00,24-07-14,28.16924°„N,104.8107535°„E,623.3,6.640,156.32
12:41:24.00,24-07-14,28.169222°„N,104.81075883333334°„E,623.3,7.807,165.51
12:41:25.00,24-07-14,28.169201166666667°„N,104.810761°„E,623.3,8.555,175.60
12:41:26.00,24-07-14,28.169178166666665°„N,104.810759°„E,623.3,9.438,185.31
12:41:27.00,24-07-14,28.16915283333333°„N,104.81075433333334°„E,623.2,10.534,189.61
12:41:28.00,24-07-14,28.169125°„N,104.810749°„E,623.0,11.571,189.81
12:41:29.00,24-07-14,28.169092666666668°„N,104.810744°„E,622.7,13.547,187.10
12:41:30.00,24-07-14,28.169055166666666°„N,104.81074066666666°„E,622.3,15.724,183.58
12:41:31.00,24-07-14,28.169012333333335°„N,104.8107405°„E,622.0,17.631,179.32
12:41:32.00,24-07-14,28.168965166666666°„N,104.81074433333333°„E,621.6,19.494,174.75
12:41:33.00,24-07-14,28.168914°„N,104.81075116666666°„E,621.1,21.001,172.78
12:41:34.00,24-07-14,28.168858666666665°„N,104.81075783333333°„E,620.7,22.681,174.45
12:41:35.00,24-07-14,28.1687995°„N,104.81076066666667°„E,620.3,24.091,178.87
12:41:36.00,24-07-14,28.168738166666667°„N,104.81075883333334°„E,619.9,24.675,182.59
12:41:37.00,24-07-14,28.168675333333333°„N,104.81075233333334°„E,619.5,25.367,186.26
12:41:38.00,24-07-14,28.168611333333335°„N,104.81074133333334°„E,619.1,26.003,189.55
12:41:39.00,24-07-14,28.168544833333332°„N,104.81072483333334°„E,618.7,27.623,193.42
12:41:40.00,24-07-14,28.168476°„N,104.810703°„E,618.2,28.957,196.70
12:41:41.00,24-07-14,28.168406666666666°„N,104.810676°„E,617.8,29.335,199.94
12:41:42.00,24-07-14,28.168339°„N,104.8106455°„E,617.4,28.952,202.59
12:41:43.00,24-07-14,28.168275333333334°„N,104.81061283333334°„E,617.0,27.440,205.05
12:41:44.00,24-07-14,28.168219°„N,104.8105815°„E,616.5,24.075,206.83
12:41:45.00,24-07-14,28.168171333333333°„N,104.81055416666666°„E,616.2,20.153,207.01
12:41:46.00,24-07-14,28.168130166666668°„N,104.81053066666666°„E,615.9,17.666,206.85
12:41:47.00,24-07-14,28.168092333333334°„N,104.81050883333333°„E,615.5,16.665,206.99
12:41:48.00,24-07-14,28.168057166666667°„N,104.8104885°„E,615.3,15.447,207.27
12:41:49.00,24-07-14,28.168021833333334°„N,104.8104685°„E,615.1,15.917,206.53
12:41:50.00,24-07-14,28.167984333333333°„N,104.81044616666667°„E,614.9,17.320,208.28
12:41:51.00,24-07-14,28.167945333333332°„N,104.81042066666667°„E,614.1,18.319,210.26
12:41:52.00,24-07-14,28.167903°„N,104.81039366666667°„E,613.8,19.865,209.50
12:41:53.00,24-07-14,28.1678575°„N,104.810365°„E,613.5,21.289,209.23
12:41:54.00,24-07-14,28.167808833333332°„N,104.810335°„E,613.1,22.381,208.44
12:41:55.00,24-07-14,28.1677585°„N,104.81030366666667°„E,612.6,23.221,209.13
12:41:56.00,24-07-14,28.167707833333335°„N,104.81027216666666°„E,612.3,22.974,208.98
12:41:57.00,24-07-14,28.167659166666667°„N,104.8102405°„E,611.9,22.142,210.26
12:41:58.00,24-07-14,28.167614333333333°„N,104.81020783333334°„E,611.5,20.944,213.38
12:41:59.00,24-07-14,28.167575166666666°„N,104.8101745°„E,611.2,19.054,218.34
12:42:00.00,24-07-14,28.167541666666665°„N,104.8101425°„E,610.9,16.849,220.83
12:42:01.00,24-07-14,28.167513333333332°„N,104.8101125°„E,610.7,14.913,224.45
12:42:02.00,24-07-14,28.167490166666667°„N,104.81008433333334°„E,610.5,12.952,228.31
12:42:03.00,24-07-14,28.167471666666668°„N,104.81005983333333°„E,610.5,10.703,230.45
12:42:04.00,24-07-14,28.167456°„N,104.81003983333333°„E,610.4,8.766,228.41
12:42:05.00,24-07-14,28.167441833333335°„N,104.8100255°„E,610.3,7.102,221.40
12:42:06.00,24-07-14,28.167428166666667°„N,104.81001616666667°„E,610.3,6.149,212.20
12:42:07.00,24-07-14,28.167412666666667°„N,104.81001266666667°„E,610.2,6.465,193.77
12:42:08.00,24-07-14,28.167397°„N,104.81001566666667°„E,610.1,6.331,173.13
12:42:09.00,24-07-14,28.167385833333334°„N,104.81002133333334°„E,610.1,4.300,162.82
12:42:10.00,24-07-14,28.167377°„N,104.81002916666667°„E,610.0,4.515,148.23
12:42:11.00,24-07-14,28.167370166666668°„N,104.81004°„E,610.0,4.825,130.28
12:42:12.00,24-07-14,28.167366166666667°„N,104.81005416666666°„E,610.0,5.453,110.17
12:42:13.00,24-07-14,28.1673665°„N,104.81007°„E,610.1,5.661,91.08
12:42:14.00,24-07-14,28.167370833333333°„N,104.810085°„E,610.2,5.611,74.23
12:42:15.00,24-07-14,28.167379333333333°„N,104.810098°„E,610.3,5.934,55.52
12:42:16.00,24-07-14,28.167393166666667°„N,104.8101105°„E,610.4,7.596,39.40
12:42:17.00,24-07-14,28.167413166666666°„N,104.81012366666667°„E,610.5,9.996,29.41
12:42:18.00,24-07-14,28.167438833333332°„N,104.81013916666667°„E,610.7,12.288,27.99
12:42:19.00,24-07-14,28.167469°„N,104.81015816666667°„E,611.0,14.465,29.19
12:42:20.00,24-07-14,28.167503°„N,104.8101795°„E,611.2,16.026,28.87
12:42:21.00,24-07-14,28.167542333333333°„N,104.81020416666667°„E,611.5,18.692,28.96
12:42:22.00,24-07-14,28.167585666666668°„N,104.81023116666667°„E,611.9,20.223,28.79
12:42:23.00,24-07-14,28.1676315°„N,104.81025983333333°„E,612.3,21.129,28.76
12:42:24.00,24-07-14,28.1676795°„N,104.81028983333333°„E,612.7,22.184,29.06
12:42:25.00,24-07-14,28.1677295°„N,104.81032116666667°„E,613.0,23.130,28.92
12:42:26.00,24-07-14,28.167783333333333°„N,104.810355°„E,613.4,25.158,28.94
12:42:27.00,24-07-14,28.167839666666666°„N,104.81039033333333°„E,613.9,25.996,29.00
12:42:28.00,24-07-14,28.167896666666667°„N,104.81042583333333°„E,614.3,25.947,28.82
12:42:29.00,24-07-14,28.167954°„N,104.81046183333333°„E,614.8,26.305,28.97
12:42:30.00,24-07-14,28.168012166666667°„N,104.81049783333333°„E,615.3,26.481,28.59
12:42:31.00,24-07-14,28.168070333333333°„N,104.810534°„E,615.8,26.552,28.39
12:42:32.00,24-07-14,28.1681295°„N,104.81056966666667°„E,616.2,26.744,28.23
12:42:33.00,24-07-14,28.168189166666668°„N,104.81060483333333°„E,616.7,26.889,27.29
12:42:34.00,24-07-14,28.168249833333334°„N,104.81063866666666°„E,617.2,26.977,25.89
12:42:35.00,24-07-14,28.1683115°„N,104.81067116666667°„E,617.6,27.203,24.66
12:42:36.00,24-07-14,28.168375°„N,104.810702°„E,618.1,27.729,22.63
12:42:37.00,24-07-14,28.168441166666668°„N,104.81072983333334°„E,618.6,28.485,19.53
12:42:38.00,24-07-14,28.168510333333334°„N,104.8107545°„E,619.2,29.178,16.71
12:42:39.00,24-07-14,28.168582333333333°„N,104.810775°„E,619.7,29.862,12.92
12:42:40.00,24-07-14,28.168656833333333°„N,104.81079033333333°„E,620.2,30.384,9.32
12:42:41.00,24-07-14,28.168733333333332°„N,104.81079983333333°„E,620.8,30.945,4.86
12:42:42.00,24-07-14,28.168811666666667°„N,104.81080083333333°„E,621.3,31.491,358.94
12:42:43.00,24-07-14,28.168891°„N,104.81079233333334°„E,621.9,31.944,352.62
12:42:44.00,24-07-14,28.1689685°„N,104.81077383333333°„E,622.4,31.526,346.12
12:42:45.00,24-07-14,28.169041°„N,104.81074783333334°„E,622.8,29.909,340.71
12:42:46.00,24-07-14,28.169107166666667°„N,104.8107175°„E,623.3,27.943,336.57
12:42:47.00,24-07-14,28.169168166666665°„N,104.81068366666666°„E,623.8,26.792,332.69
12:42:48.00,24-07-14,28.169225166666667°„N,104.81064483333333°„E,624.2,26.514,327.45
12:42:49.00,24-07-14,28.169276166666666°„N,104.81060216666667°„E,624.6,24.935,321.77
12:42:50.00,24-07-14,28.16931883333333°„N,104.810561°„E,625.0,21.243,318.86
12:42:51.00,24-07-14,28.169353166666667°„N,104.8105255°„E,625.3,17.462,316.84
12:42:52.00,24-07-14,28.169381°„N,104.81049433333334°„E,625.6,14.910,314.66
12:42:53.00,24-07-14,28.169404833333335°„N,104.81046466666666°„E,625.8,13.793,311.68
12:42:54.00,24-07-14,28.169425666666665°„N,104.810437°„E,626.0,12.426,310.04
12:42:55.00,24-07-14,28.169443°„N,104.81041283333333°„E,626.2,10.309,308.53
12:42:56.00,24-07-14,28.1694535°„N,104.8103975°„E,626.3,5.330,307.49
12:42:57.00,24-07-14,28.169459333333332°„N,104.8103885°„E,626.3,3.381,306.91
12:42:58.00,24-07-14,28.16946383333333°„N,104.8103815°„E,626.4,2.885,306.10
12:42:59.00,24-07-14,28.169467666666666°„N,104.8103745°„E,626.4,2.916,303.07
12:43:00.00,24-07-14,28.169472333333335°„N,104.8103645°„E,626.5,4.437,299.76
12:43:01.00,24-07-14,28.1694785°„N,104.81034966666667°„E,626.5,6.351,295.70
12:43:02.00,24-07-14,28.169483833333334°„N,104.81033383333333°„E,626.6,5.829,291.93
12:43:03.00,24-07-14,28.169487833333335°„N,104.81031916666667°„E,626.7,5.305,288.14
12:43:04.00,24-07-14,28.169490166666666°„N,104.81030533333333°„E,626.8,4.784,282.79
12:43:05.00,24-07-14,28.169491°„N,104.81029266666667°„E,626.9,4.425,276.03
12:43:06.00,24-07-14,28.169490166666666°„N,104.81028066666667°„E,626.9,4.272,268.76
12:43:07.00,24-07-14,28.169488833333332°„N,104.81027133333333°„E,627.0,2.982,264.59
12:43:08.00,24-07-14,28.169487166666666°„N,104.8102645°„E,627.0,2.379,259.98
12:43:09.00,24-07-14,28.169485666666667°„N,104.81025983333333°„E,627.0,1.633,256.51
12:43:10.00,24-07-14,28.169485333333334°„N,104.810254°„E,626.9,2.355,266.42
12:43:11.00,24-07-14,28.169485166666668°„N,104.81025033333333°„E,626.9,0.995,266.09
12:43:12.00,24-07-14,28.169481833333332°„N,104.8102455°„E,626.9,2.766,232.17
12:43:13.00,24-07-14,28.16947783333333°„N,104.8102405°„E,626.9,2.258,232.02
12:43:14.00,24-07-14,28.169472°„N,104.81023533333334°„E,626.8,3.313,221.19
12:43:15.00,24-07-14,28.169464333333334°„N,104.81022983333334°„E,626.8,3.669,215.56
12:43:16.00,24-07-14,28.169455833333334°„N,104.81022533333334°„E,626.7,3.798,209.03
12:43:17.00,24-07-14,28.169446166666667°„N,104.81022283333333°„E,626.7,3.992,196.91
12:43:18.00,24-07-14,28.169435166666666°„N,104.81022366666667°„E,626.6,4.527,180.92
12:43:19.00,24-07-14,28.169423333333334°„N,104.81022883333333°„E,626.6,5.285,163.10
12:43:20.00,24-07-14,28.1694125°„N,104.81023783333333°„E,626.5,5.452,147.83
12:43:21.00,24-07-14,28.169404333333333°„N,104.81025033333333°„E,626.5,5.578,130.04
12:43:22.00,24-07-14,28.169399666666667°„N,104.81026583333333°„E,626.4,5.884,110.19
12:43:23.00,24-07-14,28.169399°„N,104.81028183333333°„E,626.3,5.529,94.81
12:43:24.00,24-07-14,28.1694015°„N,104.81029666666667°„E,626.3,5.271,82.19
12:43:25.00,24-07-14,28.1694055°„N,104.81031°„E,626.3,4.820,73.47
12:43:26.00,24-07-14,28.169410166666665°„N,104.81032266666666°„E,626.3,4.778,68.95
12:43:27.00,24-07-14,28.169415833333332°„N,104.810334°„E,626.3,4.556,62.13
12:43:28.00,24-07-14,28.169420166666665°„N,104.810347°„E,626.4,5.040,68.55
12:43:29.00,24-07-14,28.169422333333333°„N,104.81036233333333°„E,626.3,5.629,79.64
12:43:30.00,24-07-14,28.1694205°„N,104.81037983333333°„E,626.2,6.508,95.28
12:43:31.00,24-07-14,28.169414333333332°„N,104.81039883333334°„E,626.1,7.319,109.60
12:43:32.00,24-07-14,28.169403°„N,104.81041933333333°„E,625.9,8.995,122.80
12:43:33.00,24-07-14,28.169384833333332°„N,104.81044266666666°„E,625.7,11.772,132.36
12:43:34.00,24-07-14,28.16936°„N,104.81046933333333°„E,625.5,14.435,137.19
12:43:35.00,24-07-14,28.169331°„N,104.81049816666666°„E,625.2,15.786,139.21
12:43:36.00,24-07-14,28.1693°„N,104.81052866666667°„E,624.8,16.561,138.74
12:43:37.00,24-07-14,28.169268833333334°„N,104.81055916666666°„E,624.5,16.363,139.39
12:43:38.00,24-07-14,28.169239°„N,104.810588°„E,624.1,15.249,139.33
12:43:39.00,24-07-14,28.169211833333332°„N,104.81061416666667°„E,623.9,13.811,139.50
12:43:40.00,24-07-14,28.169189166666666°„N,104.81064°„E,623.7,12.377,133.22
12:43:41.00,24-07-14,28.169173166666667°„N,104.81066566666667°„E,623.7,10.584,122.40
12:43:42.00,24-07-14,28.169165166666666°„N,104.81068866666666°„E,623.7,8.090,107.74
12:43:43.00,24-07-14,28.169163833333332°„N,104.81070583333333°„E,623.7,5.259,95.97
12:43:44.00,24-07-14,28.169166°„N,104.81071766666666°„E,623.7,3.845,84.45
12:43:45.00,24-07-14,28.169169666666665°„N,104.810728°„E,623.7,3.998,73.09
12:43:46.00,24-07-14,28.169175666666668°„N,104.81073933333333°„E,623.7,5.009,61.42
12:43:47.00,24-07-14,28.169185°„N,104.810751°„E,623.7,5.907,49.04
12:43:48.00,24-07-14,28.169200666666665°„N,104.81076233333333°„E,623.6,8.179,32.10
12:43:49.00,24-07-14,28.169223°„N,104.81077066666667°„E,623.5,10.121,16.31
12:43:50.00,24-07-14,28.169250666666667°„N,104.810777°„E,623.4,11.805,10.76
12:43:51.00,24-07-14,28.169283166666666°„N,104.81078283333333°„E,623.1,13.715,8.24
12:43:52.00,24-07-14,28.1693205°„N,104.81079°„E,622.8,15.790,9.86
12:43:53.00,24-07-14,28.169360666666666°„N,104.81080066666667°„E,622.3,16.831,14.16
12:43:54.00,24-07-14,28.169401666666666°„N,104.81081583333334°„E,621.9,17.335,19.28
12:43:55.00,24-07-14,28.169442166666666°„N,104.81083533333333°„E,621.4,17.722,24.25
12:43:56.00,24-07-14,28.169482333333335°„N,104.81085983333334°„E,620.9,18.459,29.74
12:43:57.00,24-07-14,28.169520333333335°„N,104.81089116666666°„E,620.3,18.941,38.20
12:43:58.00,24-07-14,28.169554°„N,104.81093033333333°„E,619.7,19.476,48.59
12:43:59.00,24-07-14,28.169582666666667°„N,104.81097533333333°„E,619.3,19.640,56.06
12:44:00.00,24-07-14,28.169608666666665°„N,104.81102266666667°„E,618.8,19.617,58.81
12:44:01.00,24-07-14,28.169636333333333°„N,104.81107083333333°„E,618.3,20.549,56.22
12:44:02.00,24-07-14,28.169669666666667°„N,104.8111185°„E,617.8,21.878,49.91
12:44:03.00,24-07-14,28.169708833333335°„N,104.81116216666666°„E,617.3,21.994,42.44
12:44:04.00,24-07-14,28.169751666666667°„N,104.81119816666667°„E,617.0,21.086,34.37
12:44:05.00,24-07-14,28.169798°„N,104.8112245°„E,617.0,20.588,23.64
12:44:06.00,24-07-14,28.169845833333333°„N,104.81124183333333°„E,617.1,19.883,15.38
12:44:07.00,24-07-14,28.16989166666667°„N,104.81125283333333°„E,617.3,18.327,10.61
12:44:08.00,24-07-14,28.169935666666667°„N,104.81125966666667°„E,617.6,17.546,6.65
12:44:09.00,24-07-14,28.16998°„N,104.81126033333334°„E,617.7,17.918,358.53
12:44:10.00,24-07-14,28.170025166666665°„N,104.81125466666667°„E,617.8,18.246,352.22
12:44:11.00,24-07-14,28.170071166666666°„N,104.81124483333333°„E,617.9,18.903,348.27
12:44:12.00,24-07-14,28.1701185°„N,104.81123116666667°„E,617.8,19.899,344.84
12:44:13.00,24-07-14,28.170168666666665°„N,104.81121466666667°„E,617.7,21.289,343.34
12:44:14.00,24-07-14,28.170222166666665°„N,104.81119683333333°„E,617.4,22.757,343.55
12:44:15.00,24-07-14,28.170279666666666°„N,104.81117833333333°„E,617.0,24.351,344.37
12:44:16.00,24-07-14,28.170340333333332°„N,104.81116266666666°„E,616.6,25.102,348.10
12:44:17.00,24-07-14,28.170402°„N,104.81115066666666°„E,616.2,24.950,351.18
12:44:18.00,24-07-14,28.170463666666667°„N,104.81114266666667°„E,616.0,24.804,354.35
12:44:19.00,24-07-14,28.170527°„N,104.81113916666666°„E,615.7,25.550,358.27
12:44:20.00,24-07-14,28.170591333333334°„N,104.8111405°„E,615.7,25.771,2.22
12:44:21.00,24-07-14,28.170654666666668°„N,104.81114466666666°„E,615.8,25.135,3.86
12:44:22.00,24-07-14,28.1707155°„N,104.81114983333333°„E,616.0,24.083,4.30
12:44:23.00,24-07-14,28.170772499999998°„N,104.81115616666666°„E,616.5,22.354,6.19
12:44:24.00,24-07-14,28.170824833333334°„N,104.81116233333333°„E,616.9,20.428,5.71
12:44:25.00,24-07-14,28.170874166666668°„N,104.811168°„E,617.3,19.586,5.93
12:44:26.00,24-07-14,28.170919833333333°„N,104.81117316666666°„E,617.6,17.736,5.66
12:44:27.00,24-07-14,28.170962333333332°„N,104.81117766666667°„E,617.8,16.815,5.09
12:44:28.00,24-07-14,28.171003°„N,104.8111825°„E,618.3,16.246,5.65
12:44:29.00,24-07-14,28.1710475°„N,104.8111865°„E,618.5,18.420,4.23
12:44:30.00,24-07-14,28.1710945°„N,104.81119033333333°„E,618.7,19.010,4.12
12:44:31.00,24-07-14,28.171142166666666°„N,104.8111925°„E,618.8,18.976,2.38
12:44:32.00,24-07-14,28.171189166666668°„N,104.811194°„E,619.0,18.622,1.38
12:44:33.00,24-07-14,28.171234833333333°„N,104.81119383333333°„E,619.2,18.116,359.17
12:44:34.00,24-07-14,28.171279333333334°„N,104.8111925°„E,619.5,17.698,358.35
12:44:35.00,24-07-14,28.171321833333334°„N,104.8111915°„E,619.9,16.609,358.98
12:44:36.00,24-07-14,28.171361666666666°„N,104.81119116666666°„E,620.2,15.675,359.59
12:44:37.00,24-07-14,28.1714°„N,104.81119133333334°„E,620.5,15.053,0.59
12:44:38.00,24-07-14,28.171440166666667°„N,104.81119316666667°„E,621.0,16.516,2.30
12:44:39.00,24-07-14,28.171482333333334°„N,104.81119566666666°„E,621.2,16.979,3.15
12:44:40.00,24-07-14,28.1715255°„N,104.81119866666667°„E,621.6,17.415,3.77
12:44:41.00,24-07-14,28.1715705°„N,104.8112025°„E,621.7,18.011,4.95
12:44:42.00,24-07-14,28.1716155°„N,104.8112075°„E,621.9,17.994,5.77
12:44:43.00,24-07-14,28.17166033333333°„N,104.8112115°„E,622.0,17.794,4.14
12:44:44.00,24-07-14,28.171705°„N,104.81121383333333°„E,622.0,17.755,2.33
12:44:45.00,24-07-14,28.171750666666668°„N,104.81121483333334°„E,622.2,18.286,0.87
12:44:46.00,24-07-14,28.171797166666668°„N,104.81121783333333°„E,622.6,18.694,4.23
12:44:47.00,24-07-14,28.171842°„N,104.81123°„E,623.3,18.106,16.52
12:44:48.00,24-07-14,28.1718795°„N,104.81125283333333°„E,623.8,16.776,32.76
12:44:49.00,24-07-14,28.171906666666665°„N,104.811287°„E,624.2,16.270,53.03
12:44:50.00,24-07-14,28.171921166666667°„N,104.811331°„E,624.5,16.992,74.92
12:44:51.00,24-07-14,28.171919166666665°„N,104.81137983333333°„E,624.7,17.763,98.31
12:44:52.00,24-07-14,28.171904166666668°„N,104.81142666666666°„E,625.2,17.615,113.53
12:44:53.00,24-07-14,28.171884333333335°„N,104.81146883333334°„E,625.9,16.531,118.95
12:44:54.00,24-07-14,28.171864166666666°„N,104.81150816666667°„E,626.7,15.857,120.29
12:44:55.00,24-07-14,28.171844833333335°„N,104.811549°„E,627.1,16.572,118.05
12:44:56.00,24-07-14,28.171826166666666°„N,104.81159266666667°„E,627.5,17.323,115.53
12:44:57.00,24-07-14,28.171810166666667°„N,104.811636°„E,627.8,16.189,112.42
12:44:58.00,24-07-14,28.171795166666666°„N,104.81167933333333°„E,628.2,16.540,111.17
12:44:59.00,24-07-14,28.171782333333333°„N,104.8117245°„E,628.4,16.905,106.71
12:45:00.00,24-07-14,28.171771°„N,104.81177166666667°„E,628.8,17.431,104.27
12:45:01.00,24-07-14,28.171762°„N,104.8118215°„E,629.1,18.162,100.91
12:45:02.00,24-07-14,28.171752333333334°„N,104.81187183333333°„E,629.4,18.167,102.85
12:45:03.00,24-07-14,28.171738666666666°„N,104.81192066666667°„E,629.8,18.174,109.28
12:45:04.00,24-07-14,28.171721°„N,104.811966°„E,630.5,17.210,115.24
12:45:05.00,24-07-14,28.171702833333335°„N,104.81200749999999°„E,631.2,16.009,116.40
12:45:06.00,24-07-14,28.171685333333333°„N,104.81204666666666°„E,632.1,15.359,116.99
12:45:07.00,24-07-14,28.171670333333335°„N,104.8120855°„E,632.9,14.848,112.78
12:45:08.00,24-07-14,28.171661166666667°„N,104.81212366666666°„E,633.6,13.634,102.92
12:45:09.00,24-07-14,28.171658666666666°„N,104.8121575°„E,634.2,11.388,92.28
12:45:10.00,24-07-14,28.1716635°„N,104.81218566666666°„E,634.8,9.729,75.66
12:45:11.00,24-07-14,28.171675166666667°„N,104.812212°„E,635.4,10.676,61.58
12:45:12.00,24-07-14,28.171693333333334°„N,104.8122365°„E,636.0,11.645,47.46
12:45:13.00,24-07-14,28.171718666666667°„N,104.81225916666666°„E,636.6,13.368,36.56
12:45:14.00,24-07-14,28.171750166666666°„N,104.81228183333333°„E,637.1,15.576,31.73
12:45:15.00,24-07-14,28.1717855°„N,104.81230633333334°„E,637.7,16.982,31.42
12:45:16.00,24-07-14,28.171824°„N,104.812333°„E,638.3,18.466,31.49
12:45:17.00,24-07-14,28.171866333333334°„N,104.81236016666666°„E,639.2,19.950,29.21
12:45:18.00,24-07-14,28.171910666666665°„N,104.8123875°„E,640.2,20.394,28.65
12:45:19.00,24-07-14,28.171956333333334°„N,104.81241483333334°„E,641.2,20.854,27.51
12:45:20.00,24-07-14,28.172003166666666°„N,104.81243833333333°„E,641.9,20.334,22.31
12:45:21.00,24-07-14,28.1720505°„N,104.81245633333333°„E,642.6,19.740,17.28
12:45:22.00,24-07-14,28.172099333333332°„N,104.81247°„E,643.3,20.241,12.55
12:45:23.00,24-07-14,28.172149333333333°„N,104.81248°„E,644.1,20.358,9.91
12:45:24.00,24-07-14,28.17219933333333°„N,104.81249016666666°„E,644.9,20.288,10.64
12:45:25.00,24-07-14,28.17224866666667°„N,104.81250133333333°„E,645.6,20.046,11.49
12:45:26.00,24-07-14,28.172297666666665°„N,104.81251283333333°„E,646.5,19.922,11.91
12:45:27.00,24-07-14,28.172344166666665°„N,104.81252583333334°„E,647.5,18.924,15.25
12:45:28.00,24-07-14,28.172388166666668°„N,104.81254233333334°„E,648.3,18.335,19.37
12:45:29.00,24-07-14,28.172431166666666°„N,104.81256516666667°„E,649.1,19.106,27.09
12:45:30.00,24-07-14,28.172470833333332°„N,104.8125975°„E,649.8,19.734,38.53
12:45:31.00,24-07-14,28.172502°„N,104.81263416666667°„E,650.4,17.274,48.94
12:45:32.00,24-07-14,28.172527333333335°„N,104.81267216666667°„E,650.8,16.708,54.08
12:45:33.00,24-07-14,28.172551333333335°„N,104.8127125°„E,651.0,17.276,56.69
12:45:34.00,24-07-14,28.172574333333333°„N,104.81275183333334°„E,651.0,16.433,56.55
12:45:35.00,24-07-14,28.172596833333333°„N,104.8127905°„E,651.0,16.290,55.94
12:45:36.00,24-07-14,28.172621333333332°„N,104.8128295°„E,650.8,17.181,54.10
12:45:37.00,24-07-14,28.172649166666666°„N,104.8128675°„E,650.6,17.538,49.10
12:45:38.00,24-07-14,28.172680166666666°„N,104.81290083333333°„E,650.4,17.006,41.40
12:45:39.00,24-07-14,28.172715833333335°„N,104.8129275°„E,650.4,17.222,30.95
12:45:40.00,24-07-14,28.172755666666667°„N,104.8129475°„E,650.4,17.574,21.56
12:45:41.00,24-07-14,28.172798°„N,104.812964°„E,650.6,18.092,18.32
12:45:42.00,24-07-14,28.1728425°„N,104.812978°„E,650.8,18.651,14.40
12:45:43.00,24-07-14,28.172887166666666°„N,104.81298883333334°„E,651.0,18.126,11.18
12:45:44.00,24-07-14,28.172931166666668°„N,104.8129985°„E,651.4,17.892,10.76
12:45:45.00,24-07-14,28.172977500000002°„N,104.8130085°„E,651.8,19.094,11.28
12:45:46.00,24-07-14,28.173024333333334°„N,104.81301933333333°„E,652.1,19.181,11.53
12:45:47.00,24-07-14,28.173070833333334°„N,104.8130295°„E,652.4,18.835,10.77
12:45:48.00,24-07-14,28.173115833333334°„N,104.81303816666667°„E,652.9,18.037,9.16
12:45:49.00,24-07-14,28.17316°„N,104.81304283333333°„E,653.2,17.611,4.28
12:45:50.00,24-07-14,28.17320266666667°„N,104.81304516666667°„E,653.6,16.877,2.30
12:45:51.00,24-07-14,28.1732445°„N,104.813045°„E,653.7,16.584,359.27
12:45:52.00,24-07-14,28.173286666666666°„N,104.8130435°„E,653.9,16.955,357.88
12:45:53.00,24-07-14,28.173328833333333°„N,104.81304133333333°„E,654.0,16.855,356.98
12:45:54.00,24-07-14,28.173369666666666°„N,104.81303966666667°„E,654.1,16.204,358.13
12:45:55.00,24-07-14,28.173409666666668°„N,104.81303633333333°„E,654.0,15.957,355.02
12:45:56.00,24-07-14,28.173449833333333°„N,104.81303033333333°„E,653.8,16.209,351.73
12:45:57.00,24-07-14,28.173489166666666°„N,104.81301883333333°„E,653.6,16.238,343.59
12:45:58.00,24-07-14,28.1735255°„N,104.81300066666667°„E,653.5,15.729,333.96
12:45:59.00,24-07-14,28.17355866666667°„N,104.81297933333333°„E,653.5,15.052,329.26
12:46:00.00,24-07-14,28.173591166666668°„N,104.81295566666667°„E,653.5,15.538,326.90
12:46:01.00,24-07-14,28.173625333333334°„N,104.81293116666667°„E,653.4,16.320,328.20
12:46:02.00,24-07-14,28.173662833333335°„N,104.8129065°„E,653.3,17.679,330.40
12:46:03.00,24-07-14,28.173703333333332°„N,104.812882°„E,653.1,18.588,332.45
12:46:04.00,24-07-14,28.173745166666667°„N,104.812858°„E,652.8,18.830,333.50
12:46:05.00,24-07-14,28.173787833333332°„N,104.81283483333333°„E,652.5,18.975,334.80
12:46:06.00,24-07-14,28.173830333333335°„N,104.81281266666667°„E,652.3,18.519,335.53
12:46:07.00,24-07-14,28.173872166666666°„N,104.812793°„E,652.3,17.923,338.26
12:46:08.00,24-07-14,28.173912833333333°„N,104.81277666666666°„E,652.3,16.994,341.48
12:46:09.00,24-07-14,28.173953°„N,104.81276383333334°„E,652.1,16.559,345.32
12:46:10.00,24-07-14,28.173993166666666°„N,104.81275483333333°„E,651.9,16.344,350.23
12:46:11.00,24-07-14,28.174033333333334°„N,104.8127495°„E,651.7,16.092,354.36
12:46:12.00,24-07-14,28.174073166666666°„N,104.812747°„E,651.5,15.946,357.86
12:46:13.00,24-07-14,28.1741125°„N,104.81274633333334°„E,651.3,15.588,359.84
12:46:14.00,24-07-14,28.174151666666667°„N,104.81274683333334°„E,651.2,15.710,0.97
12:46:15.00,24-07-14,28.174192333333334°„N,104.81274783333333°„E,650.9,16.559,1.43
12:46:16.00,24-07-14,28.174236666666665°„N,104.81274916666666°„E,650.3,18.125,1.74
12:46:17.00,24-07-14,28.174284666666665°„N,104.81275116666667°„E,649.5,19.698,2.07
12:46:18.00,24-07-14,28.174335666666668°„N,104.812753°„E,649.0,20.656,1.61
12:46:19.00,24-07-14,28.174388166666667°„N,104.81275333333333°„E,648.2,21.111,359.67
12:46:20.00,24-07-14,28.1744415°„N,104.81275233333334°„E,647.8,21.390,358.62
12:46:21.00,24-07-14,28.1744935°„N,104.812751°„E,647.3,20.439,358.89
12:46:22.00,24-07-14,28.1745425°„N,104.8127505°„E,646.5,19.021,0.11
12:46:23.00,24-07-14,28.1745865°„N,104.81275216666667°„E,646.4,17.081,2.06
12:46:24.00,24-07-14,28.174626333333332°„N,104.81275416666666°„E,646.0,15.256,2.59
12:46:25.00,24-07-14,28.174659833333333°„N,104.81275966666666°„E,645.7,12.823,9.81
12:46:26.00,24-07-14,28.174686666666666°„N,104.8127735°„E,645.4,11.380,27.55
12:46:27.00,24-07-14,28.174705666666668°„N,104.81279583333334°„E,645.1,11.027,51.12
12:46:28.00,24-07-14,28.174715166666665°„N,104.81282516666667°„E,644.8,11.169,73.99
12:46:29.00,24-07-14,28.1747145°„N,104.81285583333333°„E,644.7,10.955,94.81
12:46:30.00,24-07-14,28.174706166666667°„N,104.81288483333333°„E,644.7,10.753,108.87
12:46:31.00,24-07-14,28.174693°„N,104.81291016666667°„E,644.4,10.262,120.97
12:46:32.00,24-07-14,28.174674333333332°„N,104.812934°„E,644.4,11.781,131.39
12:46:33.00,24-07-14,28.1746515°„N,104.812959°„E,644.6,13.193,135.97
12:46:34.00,24-07-14,28.174624166666668°„N,104.812986°„E,644.4,15.073,138.75
12:46:35.00,24-07-14,28.174593333333334°„N,104.81301266666667°„E,644.4,15.652,143.16
12:46:36.00,24-07-14,28.174561333333333°„N,104.81303566666666°„E,644.5,14.973,148.53
12:46:37.00,24-07-14,28.1745305°„N,104.81305566666667°„E,644.5,13.905,149.76
12:46:38.00,24-07-14,28.174500666666667°„N,104.813074°„E,644.6,13.383,151.82
12:46:39.00,24-07-14,28.174470333333332°„N,104.813094°„E,644.7,14.308,149.26
12:46:40.00,24-07-14,28.174440166666667°„N,104.8131185°„E,644.9,15.088,143.22
12:46:41.00,24-07-14,28.174410333333334°„N,104.81314916666666°„E,645.2,16.534,136.62
12:46:42.00,24-07-14,28.174381333333333°„N,104.81318683333333°„E,645.5,18.164,129.40
12:46:43.00,24-07-14,28.174354833333332°„N,104.81322966666667°„E,645.8,18.672,124.00
12:46:44.00,24-07-14,28.1743295°„N,104.81327533333334°„E,646.0,19.218,121.73
12:46:45.00,24-07-14,28.1743025°„N,104.81332183333333°„E,646.5,19.801,123.60
12:46:46.00,24-07-14,28.174272666666667°„N,104.8133675°„E,647.0,20.151,127.24
12:46:47.00,24-07-14,28.174241666666667°„N,104.81341266666666°„E,647.4,20.163,128.06
12:46:48.00,24-07-14,28.17421°„N,104.8134565°„E,647.8,19.957,129.67
12:46:49.00,24-07-14,28.174176833333334°„N,104.81349566666667°„E,648.3,18.896,134.74
12:46:50.00,24-07-14,28.1741435°„N,104.81353233333333°„E,649.0,18.483,135.31
12:46:51.00,24-07-14,28.174112°„N,104.813567°„E,649.4,17.405,136.85
12:46:52.00,24-07-14,28.174083833333334°„N,104.81359816666667°„E,649.3,14.987,135.76
12:46:53.00,24-07-14,28.174061833333333°„N,104.8136245°„E,649.3,11.846,133.34
12:46:54.00,24-07-14,28.174044666666667°„N,104.81364633333334°„E,649.4,9.544,132.01
12:46:55.00,24-07-14,28.174031333333332°„N,104.81366583333333°„E,649.5,8.266,129.28
12:46:56.00,24-07-14,28.174020166666665°„N,104.813683°„E,649.4,7.135,127.38
12:46:57.00,24-07-14,28.174011666666665°„N,104.81370083333333°„E,649.6,7.055,120.75
12:46:58.00,24-07-14,28.174006333333335°„N,104.81371683333333°„E,649.6,5.663,113.81
12:46:59.00,24-07-14,28.1740015°„N,104.81373233333333°„E,649.5,5.870,111.39
12:47:00.00,24-07-14,28.1739975°„N,104.8137455°„E,649.4,4.397,110.83
12:47:01.00,24-07-14,28.173995°„N,104.81375433333334°„E,649.4,2.784,109.28
12:47:02.00,24-07-14,28.173994°„N,104.8137575°„E,649.3,0.482,
12:47:03.00,24-07-14,28.173993833333334°„N,104.81375783333333°„E,649.3,0.036,
12:47:04.00,24-07-14,28.173993666666668°„N,104.81375766666666°„E,649.3,0.013,
12:47:05.00,24-07-14,28.1739935°„N,104.81375766666666°„E,649.3,0.020,
12:47:06.00,24-07-14,28.173993°„N,104.81375766666666°„E,649.4,0.070,
12:47:07.00,24-07-14,28.1739925°„N,104.8137575°„E,649.5,0.014,
12:47:08.00,24-07-14,28.173992166666668°„N,104.81375766666666°„E,649.5,0.015,
12:47:09.00,24-07-14,28.173991833333332°„N,104.81375766666666°„E,649.6,0.005,
12:47:10.00,24-07-14,28.1739915°„N,104.81375766666666°„E,649.6,0.014,
12:47:11.00,24-07-14,28.173991°„N,104.8137575°„E,649.6,0.021,
12:47:12.00,24-07-14,28.17399066666667°„N,104.8137575°„E,649.7,0.018,
12:47:13.00,24-07-14,28.173990333333332°„N,104.81375766666666°„E,649.7,0.014,
12:47:14.00,24-07-14,28.173989833333334°„N,104.81375766666666°„E,649.8,0.003,
12:47:15.00,24-07-14,28.173989333333335°„N,104.81375766666666°„E,649.9,0.001,
12:47:16.00,24-07-14,28.173989°„N,104.81375766666666°„E,649.9,0.011,
12:47:17.00,24-07-14,28.1739885°„N,104.81375783333333°„E,650.0,0.027,
12:47:18.00,24-07-14,28.173988166666668°„N,104.81375783333333°„E,650.0,0.028,
12:47:19.00,24-07-14,28.173987666666665°„N,104.81375783333333°„E,650.0,0.036,
12:47:20.00,24-07-14,28.173987166666667°„N,104.81375783333333°„E,650.1,0.021,
12:47:21.00,24-07-14,28.173986666666668°„N,104.81375766666666°„E,650.1,0.018,
12:47:22.00,24-07-14,28.173986166666666°„N,104.81375766666666°„E,650.2,0.012,
12:47:23.00,24-07-14,28.173985833333333°„N,104.81375766666666°„E,650.2,0.027,
12:47:24.00,24-07-14,28.173985333333334°„N,104.81375766666666°„E,650.3,0.013,
12:47:25.00,24-07-14,28.173985°„N,104.8137575°„E,650.4,0.008,
12:47:26.00,24-07-14,28.173984666666666°„N,104.81375733333333°„E,650.4,0.013,
12:47:27.00,24-07-14,28.173984333333333°„N,104.81375716666666°„E,650.5,0.010,
12:47:28.00,24-07-14,28.173984166666667°„N,104.813757°„E,650.5,0.022,
12:47:29.00,24-07-14,28.173984°„N,104.81375683333333°„E,650.6,0.006,
12:47:30.00,24-07-14,28.173983833333335°„N,104.81375666666666°„E,650.6,0.014,
12:47:31.00,24-07-14,28.17398366666667°„N,104.8137565°„E,650.7,0.018,
12:47:32.00,24-07-14,28.17398366666667°„N,104.81375633333333°„E,650.7,0.028,
12:47:33.00,24-07-14,28.1739835°„N,104.81375633333333°„E,650.7,0.036,
12:47:34.00,24-07-14,28.1739835°„N,104.81375616666666°„E,650.7,0.007,
12:47:35.00,24-07-14,28.1739835°„N,104.813756°„E,650.7,0.008,
12:47:36.00,24-07-14,28.1739835°„N,104.813756°„E,650.8,0.044,
12:47:37.00,24-07-14,28.17398366666667°„N,104.813756°„E,650.7,0.050,
12:47:38.00,24-07-14,28.173983833333335°„N,104.813756°„E,650.7,0.048,
12:47:39.00,24-07-14,28.173984°„N,104.81375616666666°„E,650.7,0.050,
12:47:40.00,24-07-14,28.173984°„N,104.81375616666666°„E,650.7,0.042,
12:47:41.00,24-07-14,28.173984°„N,104.81375633333333°„E,650.7,0.058,
12:47:42.00,24-07-14,28.173984°„N,104.81375633333333°„E,650.6,0.014,
12:47:43.00,24-07-14,28.173984°„N,104.81375633333333°„E,650.6,0.034,
12:47:44.00,24-07-14,28.173984°„N,104.81375633333333°„E,650.6,0.064,
12:47:45.00,24-07-14,28.173984°„N,104.81375633333333°„E,650.5,0.044,
12:47:46.00,24-07-14,28.173984°„N,104.8137565°„E,650.5,0.026,
12:47:47.00,24-07-14,28.173984166666667°„N,104.81375666666666°„E,650.4,0.024,
12:47:48.00,24-07-14,28.173984166666667°„N,104.81375666666666°„E,650.4,0.046,
12:47:49.00,24-07-14,28.173984333333333°„N,104.81375666666666°„E,650.3,0.047,
12:47:50.00,24-07-14,28.1739845°„N,104.81375666666666°„E,650.3,0.037,
12:47:51.00,24-07-14,28.173984666666666°„N,104.81375666666666°„E,650.2,0.045,
12:47:52.00,24-07-14,28.173984666666666°„N,104.8137565°„E,650.1,0.019,
12:47:53.00,24-07-14,28.173984833333332°„N,104.8137565°„E,650.1,0.018,
12:47:54.00,24-07-14,28.173984833333332°„N,104.81375633333333°„E,650.0,0.026,
12:47:55.00,24-07-14,28.173984833333332°„N,104.81375633333333°„E,650.0,0.018,
12:47:56.00,24-07-14,28.173984833333332°„N,104.81375616666666°„E,649.9,0.028,
12:47:57.00,24-07-14,28.173984666666666°„N,104.81375616666666°„E,649.9,0.019,
12:47:58.00,24-07-14,28.1739845°„N,104.813756°„E,649.9,0.026,
12:47:59.00,24-07-14,28.173984166666667°„N,104.813756°„E,650.0,0.012,
12:48:00.00,24-07-14,28.173984°„N,104.813756°„E,650.0,0.031,
12:48:01.00,24-07-14,28.17398366666667°„N,104.813756°„E,650.1,0.010,
12:48:02.00,24-07-14,28.1739835°„N,104.81375583333333°„E,650.1,0.018,
12:48:03.00,24-07-14,28.173983166666666°„N,104.81375566666667°„E,650.1,0.051,
12:48:04.00,24-07-14,28.173983°„N,104.81375566666667°„E,650.2,0.058,
12:48:05.00,24-07-14,28.173982833333334°„N,104.8137555°„E,650.2,0.041,
12:48:06.00,24-07-14,28.1739825°„N,104.8137555°„E,650.2,0.044,
12:48:07.00,24-07-14,28.173982166666665°„N,104.81375533333333°„E,650.2,0.050,
12:48:08.00,24-07-14,28.173981833333333°„N,104.81375516666667°„E,650.2,0.065,
12:48:09.00,24-07-14,28.1739815°„N,104.81375483333333°„E,650.2,0.032,
12:48:10.00,24-07-14,28.173981166666668°„N,104.8137545°„E,650.2,0.075,
12:48:11.00,24-07-14,28.173980833333335°„N,104.81375433333334°„E,650.2,0.042,
12:48:12.00,24-07-14,28.1739805°„N,104.81375416666667°„E,650.2,0.058,
12:48:13.00,24-07-14,28.1739805°„N,104.813754°„E,650.3,0.057,
12:48:14.00,24-07-14,28.173980333333333°„N,104.81375383333334°„E,650.4,0.033,
12:48:15.00,24-07-14,28.173980166666666°„N,104.81375383333334°„E,650.4,0.042,
12:48:16.00,24-07-14,28.17398°„N,104.81375366666667°„E,650.5,0.034,
12:48:17.00,24-07-14,28.173979833333334°„N,104.81375333333334°„E,650.5,0.035,
12:48:18.00,24-07-14,28.173979666666668°„N,104.813753°„E,650.5,0.022,
12:48:19.00,24-07-14,28.173979666666668°„N,104.81375283333334°„E,650.5,0.019,
12:48:20.00,24-07-14,28.173979666666668°„N,104.81375266666667°„E,650.5,0.016,
12:48:21.00,24-07-14,28.173979666666668°„N,104.81375233333333°„E,650.5,0.058,
12:48:22.00,24-07-14,28.173979833333334°„N,104.81375216666666°„E,650.4,0.043,
12:48:23.00,24-07-14,28.17398°„N,104.813752°„E,650.5,0.040,
12:48:24.00,24-07-14,28.173980166666666°„N,104.813752°„E,650.5,0.040,
12:48:25.00,24-07-14,28.173980333333333°„N,104.81375183333333°„E,650.5,0.045,
12:48:26.00,24-07-14,28.173980666666665°„N,104.81375183333333°„E,650.5,0.052,
12:48:27.00,24-07-14,28.173980833333335°„N,104.81375183333333°„E,650.5,0.045,
12:48:28.00,24-07-14,28.173981166666668°„N,104.813752°„E,650.5,0.049,
12:48:29.00,24-07-14,28.1739815°„N,104.813752°„E,650.5,0.037,
12:48:30.00,24-07-14,28.173981666666666°„N,104.81375216666666°„E,650.6,0.059,
12:48:31.00,24-07-14,28.173981666666666°„N,104.81375216666666°„E,650.6,0.066,
12:48:32.00,24-07-14,28.173982°„N,104.81375233333333°„E,650.6,0.033,
12:48:33.00,24-07-14,28.173982166666665°„N,104.8137525°„E,650.6,0.014,
12:48:34.00,24-07-14,28.173982333333335°„N,104.81375266666667°„E,650.7,0.020,
12:48:35.00,24-07-14,28.1739825°„N,104.81375283333334°„E,650.7,0.010,
12:48:36.00,24-07-14,28.173982666666667°„N,104.81375283333334°„E,650.7,0.033,
12:48:37.00,24-07-14,28.173983°„N,104.81375283333334°„E,650.7,0.034,
12:48:38.00,24-07-14,28.173983333333332°„N,104.813753°„E,650.6,0.045,
12:48:39.00,24-07-14,28.17398366666667°„N,104.81375283333334°„E,650.6,0.051,
12:48:40.00,24-07-14,28.173984°„N,104.81375283333334°„E,650.6,0.033,
12:48:41.00,24-07-14,28.173984166666667°„N,104.81375283333334°„E,650.5,0.024,
12:48:42.00,24-07-14,28.173984333333333°„N,104.81375266666667°„E,650.4,0.042,
12:48:43.00,24-07-14,28.1739845°„N,104.81375266666667°„E,650.4,0.036,
12:48:44.00,24-07-14,28.1739845°„N,104.8137525°„E,650.3,0.041,
12:48:45.00,24-07-14,28.173984666666666°„N,104.81375233333333°„E,650.2,0.044,
12:48:46.00,24-07-14,28.173984666666666°„N,104.81375216666666°„E,650.2,0.030,
12:48:47.00,24-07-14,28.173984666666666°„N,104.81375216666666°„E,650.1,0.021,
12:48:48.00,24-07-14,28.1739845°„N,104.81375216666666°„E,650.1,0.049,
12:48:49.00,24-07-14,28.1739845°„N,104.813752°„E,650.1,0.038,
12:48:50.00,24-07-14,28.1739845°„N,104.813752°„E,650.1,0.045,
12:48:51.00,24-07-14,28.173984333333333°„N,104.813752°„E,650.0,0.016,
12:48:52.00,24-07-14,28.173984166666667°„N,104.813752°„E,650.0,0.030,
12:48:53.00,24-07-14,28.173984166666667°„N,104.81375183333333°„E,649.9,0.050,
12:48:54.00,24-07-14,28.173983833333335°„N,104.81375183333333°„E,649.9,0.047,
12:48:55.00,24-07-14,28.17398366666667°„N,104.81375166666666°„E,649.9,0.045,
12:48:56.00,24-07-14,28.1739835°„N,104.8137515°„E,649.8,0.018,
12:48:57.00,24-07-14,28.173983333333332°„N,104.8137515°„E,649.7,0.042,
12:48:58.00,24-07-14,28.173983166666666°„N,104.81375133333333°„E,649.7,0.012,
12:48:59.00,24-07-14,28.173983°„N,104.81375133333333°„E,649.6,0.011,
12:49:00.00,24-07-14,28.173983°„N,104.81375133333333°„E,649.6,0.056,
12:49:01.00,24-07-14,28.173982833333334°„N,104.81375116666666°„E,649.5,0.057,
12:49:02.00,24-07-14,28.173982833333334°„N,104.81375133333333°„E,649.5,0.017,
12:49:03.00,24-07-14,28.173982666666667°„N,104.81375133333333°„E,649.5,0.035,
12:49:04.00,24-07-14,28.173982833333334°„N,104.81375133333333°„E,649.4,0.059,
12:49:05.00,24-07-14,28.173982833333334°„N,104.81375166666666°„E,649.4,0.073,
12:49:06.00,24-07-14,28.173982666666667°„N,104.81375183333333°„E,649.4,0.055,
12:49:07.00,24-07-14,28.1739825°„N,104.813752°„E,649.4,0.046,
12:49:08.00,24-07-14,28.173982333333335°„N,104.81375216666666°„E,649.4,0.015,
12:49:09.00,24-07-14,28.173982166666665°„N,104.81375233333333°„E,649.4,0.025,
12:49:10.00,24-07-14,28.173982°„N,104.8137525°„E,649.4,0.028,
12:49:11.00,24-07-14,28.173981833333333°„N,104.81375266666667°„E,649.4,0.022,
12:49:12.00,24-07-14,28.173981833333333°„N,104.81375283333334°„E,649.4,0.014,
12:49:13.00,24-07-14,28.173981833333333°„N,104.813753°„E,649.4,0.034,
12:49:14.00,24-07-14,28.173981666666666°„N,104.81375333333334°„E,649.5,0.047,
12:49:15.00,24-07-14,28.173981666666666°„N,104.8137535°„E,649.5,0.023,
12:49:16.00,24-07-14,28.173981666666666°„N,104.8137535°„E,649.6,0.032,
12:49:17.00,24-07-14,28.173981666666666°„N,104.81375366666667°„E,649.7,0.016,
12:49:18.00,24-07-14,28.173981666666666°„N,104.81375383333334°„E,649.7,0.040,
12:49:19.00,24-07-14,28.1739815°„N,104.813754°„E,649.8,0.049,
12:49:20.00,24-07-14,28.173981333333334°„N,104.81375416666667°„E,649.8,0.036,
12:49:21.00,24-07-14,28.173981333333334°„N,104.81375433333334°„E,649.8,0.023,
12:49:22.00,24-07-14,28.173981333333334°„N,104.8137545°„E,649.9,0.023,
12:49:23.00,24-07-14,28.1739815°„N,104.81375483333333°„E,649.9,0.008,
12:49:24.00,24-07-14,28.173981666666666°„N,104.813755°„E,650.0,0.047,
12:49:25.00,24-07-14,28.173982°„N,104.81375533333333°„E,650.0,0.016,
12:49:26.00,24-07-14,28.173982166666665°„N,104.81375566666667°„E,650.0,0.023,
12:49:27.00,24-07-14,28.173982333333335°„N,104.813756°„E,650.0,0.009,
12:49:28.00,24-07-14,28.173982666666667°„N,104.81375633333333°„E,650.1,0.044,
12:49:29.00,24-07-14,28.173983°„N,104.81375683333333°„E,650.1,0.043,
12:49:30.00,24-07-14,28.173983166666666°„N,104.81375716666666°„E,650.2,0.037,
12:49:31.00,24-07-14,28.1739835°„N,104.8137575°„E,650.2,0.047,
12:49:32.00,24-07-14,28.173983833333335°„N,104.81375783333333°„E,650.2,0.029,
12:49:33.00,24-07-14,28.173984166666667°„N,104.81375816666667°„E,650.2,0.054,
12:49:34.00,24-07-14,28.173984333333333°„N,104.81375833333334°„E,650.2,0.049,
12:49:35.00,24-07-14,28.173984666666666°„N,104.81375866666667°„E,650.2,0.030,
12:49:36.00,24-07-14,28.173985°„N,104.813759°„E,650.2,0.033,
12:49:37.00,24-07-14,28.1739855°„N,104.81375933333334°„E,650.2,0.044,
12:49:38.00,24-07-14,28.173985666666667°„N,104.81375966666667°„E,650.3,0.029,
12:49:39.00,24-07-14,28.173986°„N,104.81376°„E,650.3,0.028,
12:49:40.00,24-07-14,28.173986333333332°„N,104.81376033333333°„E,650.3,0.032,
12:49:41.00,24-07-14,28.173986833333334°„N,104.81376066666667°„E,650.4,0.046,
12:49:42.00,24-07-14,28.173987166666667°„N,104.813761°„E,650.4,0.026,
12:49:43.00,24-07-14,28.173987333333333°„N,104.81376116666667°„E,650.4,0.056,
12:49:44.00,24-07-14,28.1739875°„N,104.81376133333333°„E,650.3,0.056,
12:49:45.00,24-07-14,28.173987833333335°„N,104.81376133333333°„E,650.3,0.024,
12:49:46.00,24-07-14,28.173988°„N,104.8137615°„E,650.2,0.028,
12:49:47.00,24-07-14,28.173988333333334°„N,104.81376133333333°„E,650.1,0.028,
12:49:48.00,24-07-14,28.173988666666666°„N,104.8137615°„E,650.1,0.067,
12:49:49.00,24-07-14,28.173989166666665°„N,104.8137615°„E,650.1,0.044,
12:49:50.00,24-07-14,28.1739895°„N,104.8137615°„E,650.0,0.044,
12:49:51.00,24-07-14,28.173989833333334°„N,104.8137615°„E,650.0,0.040,
12:49:52.00,24-07-14,28.173990166666666°„N,104.81376133333333°„E,649.9,0.027,
12:49:53.00,24-07-14,28.173990333333332°„N,104.81376116666667°„E,649.9,0.044,
12:49:54.00,24-07-14,28.173990333333332°„N,104.813761°„E,649.8,0.046,
12:49:55.00,24-07-14,28.173990333333332°„N,104.81376083333333°„E,649.8,0.043,
12:49:56.00,24-07-14,28.173990333333332°„N,104.81376066666667°„E,649.8,0.042,
12:49:57.00,24-07-14,28.173990333333332°„N,104.8137605°„E,649.8,0.009,
12:49:58.00,24-07-14,28.173990333333332°„N,104.81376016666667°„E,649.8,0.021,
12:49:59.00,24-07-14,28.173990333333332°„N,104.81376°„E,649.7,0.065,
12:50:00.00,24-07-14,28.173990333333332°„N,104.81375983333334°„E,649.7,0.040,
12:50:01.00,24-07-14,28.1739905°„N,104.8137595°„E,649.6,0.040,
12:50:02.00,24-07-14,28.1739905°„N,104.81375933333334°„E,649.5,0.023,
12:50:03.00,24-07-14,28.1739905°„N,104.81375916666667°„E,649.5,0.033,
12:50:04.00,24-07-14,28.17399066666667°„N,104.81375883333334°„E,649.4,0.032,
12:50:05.00,24-07-14,28.17399066666667°„N,104.81375866666667°„E,649.4,0.035,
12:50:06.00,24-07-14,28.17399066666667°„N,104.81375833333334°„E,649.3,0.070,
12:50:07.00,24-07-14,28.17399066666667°„N,104.81375816666667°„E,649.3,0.061,
12:50:08.00,24-07-14,28.1739905°„N,104.81375783333333°„E,649.3,0.023,
12:50:09.00,24-07-14,28.1739905°„N,104.81375766666666°„E,649.3,0.018,
12:50:10.00,24-07-14,28.1739905°„N,104.8137575°„E,649.3,0.016,
12:50:11.00,24-07-14,28.1739905°„N,104.81375716666666°„E,649.2,0.020,
12:50:12.00,24-07-14,28.1739905°„N,104.813757°„E,649.2,0.044,
12:50:13.00,24-07-14,28.17399066666667°„N,104.81375683333333°„E,649.2,0.025,
12:50:14.00,24-07-14,28.173990833333335°„N,104.8137565°„E,649.1,0.006,
12:50:15.00,24-07-14,28.173991°„N,104.81375616666666°„E,649.0,0.015,
12:50:16.00,24-07-14,28.173991°„N,104.81375583333333°„E,649.0,0.016,
12:50:17.00,24-07-14,28.173991166666667°„N,104.81375566666667°„E,649.0,0.021,
12:50:18.00,24-07-14,28.173991166666667°„N,104.8137555°„E,649.0,0.019,
12:50:19.00,24-07-14,28.173991333333333°„N,104.81375516666667°„E,648.9,0.026,
12:50:20.00,24-07-14,28.173991333333333°„N,104.813755°„E,648.9,0.014,
12:50:21.00,24-07-14,28.1739915°„N,104.81375466666667°„E,648.9,0.035,
12:50:22.00,24-07-14,28.1739915°„N,104.8137545°„E,648.9,0.031,
12:50:23.00,24-07-14,28.1739915°„N,104.81375416666667°„E,648.9,0.036,
12:50:24.00,24-07-14,28.173991666666666°„N,104.813754°„E,648.8,0.031,
12:50:25.00,24-07-14,28.173991666666666°„N,104.81375383333334°„E,648.8,0.047,
12:50:26.00,24-07-14,28.173991833333332°„N,104.81375366666667°„E,648.8,0.055,
12:50:27.00,24-07-14,28.173992°„N,104.8137535°„E,648.8,0.048,
12:50:28.00,24-07-14,28.173992166666668°„N,104.8137535°„E,648.8,0.033,
12:50:29.00,24-07-14,28.173992333333334°„N,104.81375333333334°„E,648.8,0.039,
12:50:30.00,24-07-14,28.173992333333334°„N,104.81375316666667°„E,648.8,0.015,
12:50:31.00,24-07-14,28.1739925°„N,104.81375283333334°„E,648.7,0.038,
12:50:32.00,24-07-14,28.1739925°„N,104.81375266666667°„E,648.7,0.060,
12:50:33.00,24-07-14,28.1739925°„N,104.8137525°„E,648.7,0.035,
12:50:34.00,24-07-14,28.1739925°„N,104.8137525°„E,648.6,0.031,
12:50:35.00,24-07-14,28.173992666666667°„N,104.8137525°„E,648.6,0.022,
12:50:36.00,24-07-14,28.173992666666667°„N,104.8137525°„E,648.5,0.028,
12:50:37.00,24-07-14,28.173992833333333°„N,104.8137525°„E,648.5,0.048,
12:50:38.00,24-07-14,28.173992833333333°„N,104.81375266666667°„E,648.5,0.051,
12:50:39.00,24-07-14,28.173993°„N,104.81375283333334°„E,648.5,0.044,
12:50:40.00,24-07-14,28.173992833333333°„N,104.813753°„E,648.5,0.025,
12:50:41.00,24-07-14,28.173992833333333°„N,104.81375316666667°„E,648.4,0.041,
12:50:42.00,24-07-14,28.173992833333333°„N,104.81375316666667°„E,648.4,0.011,
12:50:43.00,24-07-14,28.173992666666667°„N,104.81375333333334°„E,648.4,0.028,
12:50:44.00,24-07-14,28.1739925°„N,104.8137535°„E,648.4,0.024,
12:50:45.00,24-07-14,28.173992333333334°„N,104.81375366666667°„E,648.4,0.049,
12:50:46.00,24-07-14,28.173992333333334°„N,104.81375366666667°„E,648.4,0.028,
12:50:47.00,24-07-14,28.173992166666668°„N,104.81375366666667°„E,648.4,0.019,
12:50:48.00,24-07-14,28.173992°„N,104.81375383333334°„E,648.4,0.013,
12:50:49.00,24-07-14,28.173992°„N,104.81375383333334°„E,648.4,0.043,
12:50:50.00,24-07-14,28.173991833333332°„N,104.813754°„E,648.4,0.034,
12:50:51.00,24-07-14,28.173991666666666°„N,104.81375416666667°„E,648.5,0.025,
12:50:52.00,24-07-14,28.1739915°„N,104.81375433333334°„E,648.6,0.046,
12:50:53.00,24-07-14,28.173991166666667°„N,104.8137545°„E,648.6,0.038,
12:50:54.00,24-07-14,28.173991°„N,104.81375466666667°„E,648.7,0.016,
12:50:55.00,24-07-14,28.17399066666667°„N,104.813755°„E,648.8,0.038,
12:50:56.00,24-07-14,28.173990333333332°„N,104.81375533333333°„E,648.8,0.036,
12:50:57.00,24-07-14,28.17399°„N,104.81375566666667°„E,648.9,0.033,
12:50:58.00,24-07-14,28.173989833333334°„N,104.813756°„E,649.0,0.031,
12:50:59.00,24-07-14,28.1739895°„N,104.8137565°„E,649.1,0.034,
12:51:00.00,24-07-14,28.173989166666665°„N,104.81375683333333°„E,649.2,0.029,
12:51:01.00,24-07-14,28.173988833333333°„N,104.81375733333333°„E,649.4,0.030,
12:51:02.00,24-07-14,28.1739885°„N,104.81375783333333°„E,649.5,0.032,
12:51:03.00,24-07-14,28.173988166666668°„N,104.81375833333334°„E,649.6,0.029,
12:51:04.00,24-07-14,28.173987833333335°„N,104.81375866666667°„E,649.6,0.042,
12:51:05.00,24-07-14,28.173987666666665°„N,104.81375916666667°„E,649.7,0.031,
12:51:06.00,24-07-14,28.173987333333333°„N,104.81375933333334°„E,649.7,0.022,
12:51:07.00,24-07-14,28.173987166666667°„N,104.81375966666667°„E,649.8,0.050,
12:51:08.00,24-07-14,28.173986833333334°„N,104.81375983333334°„E,649.8,0.036,
12:51:09.00,24-07-14,28.173986666666668°„N,104.81376°„E,649.8,0.046,
12:51:10.00,24-07-14,28.1739865°„N,104.81376016666667°„E,649.8,0.019,
12:51:11.00,24-07-14,28.173986333333332°„N,104.81376016666667°„E,649.8,0.041,
12:51:12.00,24-07-14,28.173986333333332°„N,104.81376033333333°„E,649.8,0.054,
12:51:13.00,24-07-14,28.173986166666666°„N,104.81376033333333°„E,649.8,0.021,
12:51:14.00,24-07-14,28.173986166666666°„N,104.8137605°„E,649.8,0.048,
12:51:15.00,24-07-14,28.173986°„N,104.81376066666667°„E,649.8,0.029,
12:51:16.00,24-07-14,28.173985833333333°„N,104.81376066666667°„E,649.8,0.053,
12:51:17.00,24-07-14,28.173985833333333°„N,104.81376083333333°„E,649.8,0.039,
12:51:18.00,24-07-14,28.173985833333333°„N,104.81376066666667°„E,649.8,0.012,
12:51:19.00,24-07-14,28.173985666666667°„N,104.8137605°„E,649.8,0.032,
12:51:20.00,24-07-14,28.1739855°„N,104.81376033333333°„E,649.7,0.040,
12:51:21.00,24-07-14,28.173985333333334°„N,104.81376033333333°„E,649.7,0.027,
12:51:22.00,24-07-14,28.173985166666668°„N,104.81376016666667°„E,649.7,0.004,
12:51:23.00,24-07-14,28.173985166666668°„N,104.81376°„E,649.7,0.026,
12:51:24.00,24-07-14,28.173985°„N,104.81375983333334°„E,649.7,0.035,
12:51:25.00,24-07-14,28.173985°„N,104.81375966666667°„E,649.7,0.024,
12:51:26.00,24-07-14,28.173985°„N,104.81375966666667°„E,649.7,0.017,
12:51:27.00,24-07-14,28.173985°„N,104.81375966666667°„E,649.7,0.057,
12:51:28.00,24-07-14,28.173985°„N,104.81375966666667°„E,649.6,0.019,
12:51:29.00,24-07-14,28.173985°„N,104.81375966666667°„E,649.6,0.034,
12:51:30.00,24-07-14,28.173985°„N,104.8137595°„E,649.6,0.019,
12:51:31.00,24-07-14,28.173985°„N,104.81375933333334°„E,649.6,0.053,
12:51:32.00,24-07-14,28.173985°„N,104.81375916666667°„E,649.5,0.024,
12:51:33.00,24-07-14,28.173985166666668°„N,104.813759°„E,649.4,0.029,
12:51:34.00,24-07-14,28.173985166666668°„N,104.81375883333334°„E,649.4,0.022,
12:51:35.00,24-07-14,28.173985333333334°„N,104.81375883333334°„E,649.4,0.009,
12:51:36.00,24-07-14,28.1739855°„N,104.81375866666667°„E,649.3,0.022,
12:51:37.00,24-07-14,28.1739855°„N,104.81375866666667°„E,649.3,0.008,
12:51:38.00,24-07-14,28.173985666666667°„N,104.81375866666667°„E,649.2,0.036,
12:51:39.00,24-07-14,28.173985833333333°„N,104.81375883333334°„E,649.2,0.033,
12:51:40.00,24-07-14,28.173985833333333°„N,104.813759°„E,649.2,0.039,
12:51:41.00,24-07-14,28.173986°„N,104.81375916666667°„E,649.2,0.059,
12:51:42.00,24-07-14,28.173986166666666°„N,104.81375933333334°„E,649.2,0.025,
12:51:43.00,24-07-14,28.173986333333332°„N,104.81375933333334°„E,649.2,0.009,
12:51:44.00,24-07-14,28.1739865°„N,104.8137595°„E,649.2,0.008,
12:51:45.00,24-07-14,28.1739865°„N,104.8137595°„E,649.2,0.030,
12:51:46.00,24-07-14,28.173986666666668°„N,104.81375966666667°„E,649.1,0.028,
12:51:47.00,24-07-14,28.173986833333334°„N,104.81375966666667°„E,649.1,0.011,
12:51:48.00,24-07-14,28.173987°„N,104.81375966666667°„E,649.0,0.005,
12:51:49.00,24-07-14,28.173987166666667°„N,104.81375983333334°„E,649.0,0.042,
12:51:50.00,24-07-14,28.173987333333333°„N,104.81375983333334°„E,648.9,0.043,
12:51:51.00,24-07-14,28.1739875°„N,104.81375983333334°„E,648.9,0.043,
12:51:52.00,24-07-14,28.173987666666665°„N,104.81375983333334°„E,648.8,0.036,
12:51:53.00,24-07-14,28.173987833333335°„N,104.81376°„E,648.8,0.035,
12:51:54.00,24-07-14,28.173988°„N,104.81376016666667°„E,648.8,0.027,
12:51:55.00,24-07-14,28.173988°„N,104.81376033333333°„E,648.8,0.052,
12:51:56.00,24-07-14,28.173988°„N,104.8137605°„E,648.7,0.032,
12:51:57.00,24-07-14,28.173988166666668°„N,104.81376066666667°„E,648.7,0.029,
12:51:58.00,24-07-14,28.173988°„N,104.81376083333333°„E,648.7,0.049,
12:51:59.00,24-07-14,28.173988°„N,104.813761°„E,648.7,0.018,
12:52:00.00,24-07-14,28.173988°„N,104.81376116666667°„E,648.7,0.013,
12:52:01.00,24-07-14,28.173988166666668°„N,104.81376133333333°„E,648.8,0.052,
12:52:02.00,24-07-14,28.173988333333334°„N,104.8137615°„E,648.7,0.038,
12:52:03.00,24-07-14,28.173988333333334°„N,104.81376166666666°„E,648.7,0.026,
12:52:04.00,24-07-14,28.1739885°„N,104.81376183333333°„E,648.7,0.034,
12:52:05.00,24-07-14,28.173988666666666°„N,104.813762°„E,648.7,0.018,
12:52:06.00,24-07-14,28.173988666666666°„N,104.81376216666666°„E,648.7,0.018,
12:52:07.00,24-07-14,28.173988833333333°„N,104.81376233333333°„E,648.7,0.015,
12:52:08.00,24-07-14,28.173988833333333°„N,104.8137625°„E,648.6,0.038,
12:52:09.00,24-07-14,28.173988833333333°„N,104.81376266666666°„E,648.6,0.065,
12:52:10.00,24-07-14,28.173988833333333°„N,104.813763°„E,648.6,0.045,
12:52:11.00,24-07-14,28.173988833333333°„N,104.81376316666666°„E,648.6,0.020,
12:52:12.00,24-07-14,28.173988833333333°„N,104.81376333333333°„E,648.6,0.049,
12:52:13.00,24-07-14,28.173988833333333°„N,104.8137635°„E,648.5,0.071,
12:52:14.00,24-07-14,28.173988833333333°„N,104.81376366666667°„E,648.5,0.034,
12:52:15.00,24-07-14,28.173988833333333°„N,104.81376383333334°„E,648.4,0.033,
12:52:16.00,24-07-14,28.173988833333333°„N,104.813764°„E,648.4,0.030,
12:52:17.00,24-07-14,28.173988833333333°„N,104.81376416666667°„E,648.4,0.008,
12:52:18.00,24-07-14,28.173988833333333°„N,104.81376433333334°„E,648.4,0.033,
12:52:19.00,24-07-14,28.173988666666666°„N,104.81376433333334°„E,648.4,0.025,
12:52:20.00,24-07-14,28.1739885°„N,104.8137645°„E,648.3,0.044,
12:52:21.00,24-07-14,28.173988333333334°„N,104.81376466666667°„E,648.3,0.042,
12:52:22.00,24-07-14,28.173988166666668°„N,104.81376466666667°„E,648.3,0.012,
12:52:23.00,24-07-14,28.173988166666668°„N,104.81376466666667°„E,648.3,0.029,
12:52:24.00,24-07-14,28.173988°„N,104.81376483333334°„E,648.3,0.040,
12:52:25.00,24-07-14,28.173988°„N,104.81376483333334°„E,648.3,0.048,
12:52:26.00,24-07-14,28.173988°„N,104.813765°„E,648.4,0.027,
12:52:27.00,24-07-14,28.173987833333335°„N,104.813765°„E,648.4,0.038,
12:52:28.00,24-07-14,28.173987833333335°„N,104.813765°„E,648.4,0.060,
12:52:29.00,24-07-14,28.173987666666665°„N,104.813765°„E,648.4,0.030,
12:52:30.00,24-07-14,28.1739875°„N,104.81376516666667°„E,648.5,0.058,
12:52:31.00,24-07-14,28.173987333333333°„N,104.81376516666667°„E,648.5,0.030,
12:52:32.00,24-07-14,28.173987333333333°„N,104.81376516666667°„E,648.5,0.015,
12:52:33.00,24-07-14,28.173987166666667°„N,104.81376516666667°„E,648.5,0.018,
12:52:34.00,24-07-14,28.173987°„N,104.81376516666667°„E,648.5,0.012,
12:52:35.00,24-07-14,28.173986833333334°„N,104.813765°„E,648.5,0.040,
12:52:36.00,24-07-14,28.173986666666668°„N,104.813765°„E,648.5,0.035,
12:52:37.00,24-07-14,28.173986666666668°„N,104.813765°„E,648.5,0.048,
12:52:38.00,24-07-14,28.173986666666668°„N,104.813765°„E,648.5,0.051,
12:52:39.00,24-07-14,28.173986666666668°„N,104.813765°„E,648.5,0.055,
12:52:40.00,24-07-14,28.173986666666668°„N,104.813765°„E,648.5,0.036,
12:52:41.00,24-07-14,28.173986666666668°„N,104.813765°„E,648.5,0.032,
12:52:42.00,24-07-14,28.1739865°„N,104.81376516666667°„E,648.5,0.022,
12:52:43.00,24-07-14,28.173986333333332°„N,104.813765°„E,648.5,0.007,
12:52:44.00,24-07-14,28.173986333333332°„N,104.81376483333334°„E,648.5,0.031,
12:52:45.00,24-07-14,28.173986333333332°„N,104.81376466666667°„E,648.4,0.036,
12:52:46.00,24-07-14,28.173986166666666°„N,104.81376466666667°„E,648.3,0.026,
12:52:47.00,24-07-14,28.173986166666666°„N,104.8137645°„E,648.3,0.012,
12:52:48.00,24-07-14,28.173986°„N,104.81376433333334°„E,648.2,0.036,
12:52:49.00,24-07-14,28.173986°„N,104.813764°„E,648.1,0.036,
12:52:50.00,24-07-14,28.173986°„N,104.81376383333334°„E,648.0,0.049,
12:52:51.00,24-07-14,28.173986°„N,104.81376366666667°„E,648.0,0.054,
12:52:52.00,24-07-14,28.173986°„N,104.8137635°„E,647.8,0.057,
12:52:53.00,24-07-14,28.173986°„N,104.81376316666666°„E,647.7,0.018,
12:52:54.00,24-07-14,28.173985833333333°„N,104.81376283333333°„E,647.6,0.009,
12:52:55.00,24-07-14,28.173985833333333°„N,104.8137625°„E,647.5,0.020,
12:52:56.00,24-07-14,28.173985666666667°„N,104.81376233333333°„E,647.4,0.016,
12:52:57.00,24-07-14,28.173985666666667°„N,104.81376216666666°„E,647.3,0.035,
12:52:58.00,24-07-14,28.1739855°„N,104.813762°„E,647.3,0.026,
12:52:59.00,24-07-14,28.173985333333334°„N,104.81376166666666°„E,647.2,0.016,
12:53:00.00,24-07-14,28.173985333333334°„N,104.8137615°„E,647.1,0.014,
12:53:01.00,24-07-14,28.173985333333334°„N,104.81376133333333°„E,647.1,0.033,
12:53:02.00,24-07-14,28.173985333333334°„N,104.81376116666667°„E,647.0,0.028,
12:53:03.00,24-07-14,28.173985333333334°„N,104.813761°„E,647.0,0.033,
12:53:04.00,24-07-14,28.173985333333334°„N,104.81376083333333°„E,646.9,0.036,
12:53:05.00,24-07-14,28.173985333333334°„N,104.81376066666667°„E,646.8,0.005,
12:53:06.00,24-07-14,28.173985333333334°„N,104.8137605°„E,646.8,0.024,
12:53:07.00,24-07-14,28.173985333333334°„N,104.81376133333333°„E,646.6,0.379,
12:53:08.00,24-07-14,28.173985°„N,104.81376283333333°„E,646.5,0.600,106.43
12:53:09.00,24-07-14,28.173984666666666°„N,104.81376566666667°„E,646.4,1.215,101.44
12:53:10.00,24-07-14,28.173984333333333°„N,104.8137715°„E,646.4,2.360,93.71
12:53:11.00,24-07-14,28.173984666666666°„N,104.81377916666666°„E,646.5,2.856,86.94
12:53:12.00,24-07-14,28.173986666666668°„N,104.81378716666667°„E,646.6,2.989,78.19
12:53:13.00,24-07-14,28.173989333333335°„N,104.813793°„E,646.7,1.978,71.82
12:53:14.00,24-07-14,28.173993°„N,104.8137985°„E,646.8,2.642,58.70
12:53:15.00,24-07-14,28.1739965°„N,104.81380216666666°„E,646.9,1.586,53.76
12:53:16.00,24-07-14,28.173997°„N,104.8138025°„E,647.0,0.397,
12:53:17.00,24-07-14,28.173999333333335°„N,104.81380483333334°„E,647.1,2.035,45.46
12:53:18.00,24-07-14,28.174004666666665°„N,104.81380883333334°„E,647.2,2.701,36.52
12:53:19.00,24-07-14,28.174007166666666°„N,104.8138105°„E,647.3,0.497,
12:53:20.00,24-07-14,28.1740075°„N,104.81381083333333°„E,647.3,0.046,
12:53:21.00,24-07-14,28.174006333333335°„N,104.81381°„E,647.3,0.845,19.23
12:53:22.00,24-07-14,28.174004666666665°„N,104.81380816666666°„E,647.2,1.039,283.83
12:53:23.00,24-07-14,28.174001666666665°„N,104.81380416666667°„E,647.1,2.179,241.39
12:53:24.00,24-07-14,28.173997833333335°„N,104.81379933333334°„E,647.0,2.417,232.87
12:53:25.00,24-07-14,28.173993166666666°„N,104.81379466666667°„E,647.0,2.570,226.02
12:53:26.00,24-07-14,28.173986°„N,104.81378916666667°„E,646.9,3.792,216.87
12:53:27.00,24-07-14,28.173981°„N,104.81378666666667°„E,646.8,1.476,213.23
12:53:28.00,24-07-14,28.173978°„N,104.81378566666666°„E,646.8,1.073,207.98
12:53:29.00,24-07-14,28.1739745°„N,104.81378433333333°„E,646.8,1.685,198.18
12:53:30.00,24-07-14,28.1739705°„N,104.81378316666667°„E,646.7,1.599,197.04
12:53:31.00,24-07-14,28.1739655°„N,104.81378266666667°„E,646.7,2.198,186.51
12:53:32.00,24-07-14,28.173960833333332°„N,104.81378333333333°„E,646.6,1.692,178.91
12:53:33.00,24-07-14,28.173957166666668°„N,104.81378433333333°„E,646.5,1.422,174.17
12:53:34.00,24-07-14,28.1739535°„N,104.81378566666666°„E,646.4,1.565,166.21
12:53:35.00,24-07-14,28.17394983333333°„N,104.813787°„E,646.3,1.630,163.83
12:53:36.00,24-07-14,28.17394566666667°„N,104.81378916666667°„E,646.4,1.849,158.77
12:53:37.00,24-07-14,28.173942666666665°„N,104.81379133333333°„E,646.3,1.330,152.60
12:53:38.00,24-07-14,28.173941833333334°„N,104.81379216666667°„E,646.3,0.062,
12:53:39.00,24-07-14,28.173941833333334°„N,104.81379233333334°„E,646.5,0.027,
12:53:40.00,24-07-14,28.173941666666668°„N,104.81379233333334°„E,646.6,0.018,
12:53:41.00,24-07-14,28.173941666666668°„N,104.8137925°„E,646.7,0.028,
12:53:42.00,24-07-14,28.173941833333334°„N,104.8137925°„E,646.7,0.025,
12:53:43.00,24-07-14,28.173942°„N,104.8137925°„E,646.7,0.029,
12:53:44.00,24-07-14,28.173942166666667°„N,104.8137925°„E,646.8,0.023,
12:53:45.00,24-07-14,28.173942166666667°„N,104.8137925°„E,646.8,0.024,
12:53:46.00,24-07-14,28.173942166666667°„N,104.81379266666667°„E,646.9,0.011,
12:53:47.00,24-07-14,28.173942166666667°„N,104.81379283333334°„E,647.0,0.024,
12:53:48.00,24-07-14,28.173942166666667°„N,104.813793°„E,647.1,0.013,
12:53:49.00,24-07-14,28.173942333333333°„N,104.81379316666667°„E,647.1,0.044,
12:53:50.00,24-07-14,28.173942333333333°„N,104.81379333333334°„E,647.1,0.075,
12:53:51.00,24-07-14,28.173942333333333°„N,104.8137935°„E,647.2,0.016,
12:53:52.00,24-07-14,28.1739425°„N,104.8137935°„E,647.2,0.013,
12:53:53.00,24-07-14,28.1739425°„N,104.81379366666667°„E,647.3,0.009,
12:53:54.00,24-07-14,28.173942333333333°„N,104.81379366666667°„E,647.4,0.006,
12:53:55.00,24-07-14,28.1739425°„N,104.81379366666667°„E,647.4,0.015,
12:53:56.00,24-07-14,28.1739425°„N,104.8137935°„E,647.4,0.023,
12:53:57.00,24-07-14,28.1739425°„N,104.8137935°„E,647.5,0.027,
12:53:58.00,24-07-14,28.1739425°„N,104.81379333333334°„E,647.5,0.019,
12:53:59.00,24-07-14,28.1739425°„N,104.81379333333334°„E,647.6,0.010,
12:54:00.00,24-07-14,28.173942333333333°„N,104.81379333333334°„E,647.6,0.019,
12:54:01.00,24-07-14,28.173942333333333°„N,104.81379333333334°„E,647.7,0.024,
12:54:02.00,24-07-14,28.173942166666667°„N,104.81379316666667°„E,647.7,0.016,
12:54:03.00,24-07-14,28.173942166666667°„N,104.81379316666667°„E,647.8,0.033,
12:54:04.00,24-07-14,28.173942°„N,104.81379316666667°„E,647.8,0.030,
12:54:05.00,24-07-14,28.173942°„N,104.813793°„E,647.9,0.017,
12:54:06.00,24-07-14,28.173942°„N,104.81379283333334°„E,647.9,0.008,
12:54:07.00,24-07-14,28.173942166666667°„N,104.81379266666667°„E,647.9,0.035,
12:54:08.00,24-07-14,28.173942166666667°„N,104.8137925°„E,647.8,0.004,
12:54:09.00,24-07-14,28.173942166666667°„N,104.81379233333334°„E,647.9,0.012,
12:54:10.00,24-07-14,28.173942166666667°„N,104.81379216666667°„E,647.9,0.046,
12:54:11.00,24-07-14,28.173942°„N,104.813792°„E,647.9,0.024,
12:54:12.00,24-07-14,28.173941833333334°„N,104.81379183333334°„E,648.0,0.028,
12:54:13.00,24-07-14,28.173941833333334°„N,104.81379166666666°„E,648.0,0.028,
12:54:14.00,24-07-14,28.173941833333334°„N,104.8137915°„E,648.0,0.007,
12:54:15.00,24-07-14,28.173941666666668°„N,104.81379133333333°„E,648.0,0.022,
12:54:16.00,24-07-14,28.173941666666668°„N,104.813791°„E,648.0,0.065,
12:54:17.00,24-07-14,28.173941833333334°„N,104.81379066666666°„E,647.9,0.014,
12:54:18.00,24-07-14,28.173941833333334°„N,104.8137905°„E,647.9,0.012,
12:54:19.00,24-07-14,28.173941833333334°„N,104.81379016666666°„E,647.9,0.032,
12:54:20.00,24-07-14,28.173941833333334°„N,104.81378966666666°„E,647.8,0.015,
12:54:21.00,24-07-14,28.173941833333334°„N,104.81378933333333°„E,647.8,0.037,
12:54:22.00,24-07-14,28.173942°„N,104.81378883333333°„E,647.7,0.051,
12:54:23.00,24-07-14,28.173942°„N,104.8137885°„E,647.7,0.008,
12:54:24.00,24-07-14,28.173942166666667°„N,104.81378816666667°„E,647.6,0.013,
12:54:25.00,24-07-14,28.173942333333333°„N,104.81378783333334°„E,647.6,0.024,
12:54:26.00,24-07-14,28.1739425°„N,104.8137875°„E,647.6,0.010,
12:54:27.00,24-07-14,28.1739425°„N,104.81378716666667°„E,647.6,0.003,
12:54:28.00,24-07-14,28.173942666666665°„N,104.81378683333334°„E,647.6,0.024,
12:54:29.00,24-07-14,28.173942666666665°„N,104.81378666666667°„E,647.6,0.038,
12:54:30.00,24-07-14,28.173942833333335°„N,104.8137865°„E,647.5,0.039,
12:54:31.00,24-07-14,28.173943°„N,104.81378633333334°„E,647.5,0.015,
12:54:32.00,24-07-14,28.173943166666668°„N,104.81378616666667°„E,647.5,0.013,
12:54:33.00,24-07-14,28.173943333333334°„N,104.81378583333333°„E,647.5,0.031,
12:54:34.00,24-07-14,28.1739435°„N,104.81378566666666°„E,647.5,0.014,
12:54:35.00,24-07-14,28.1739435°„N,104.81378533333333°„E,647.5,0.018,
12:54:36.00,24-07-14,28.173943666666666°„N,104.81378516666666°„E,647.6,0.011,
12:54:37.00,24-07-14,28.173943666666666°„N,104.813785°„E,647.6,0.017,
12:54:38.00,24-07-14,28.173943833333333°„N,104.81378466666666°„E,647.6,0.013,
12:54:39.00,24-07-14,28.173943666666666°„N,104.8137845°„E,647.6,0.015,
12:54:40.00,24-07-14,28.173943666666666°„N,104.8137845°„E,647.6,0.018,
12:54:41.00,24-07-14,28.1739435°„N,104.8137845°„E,647.7,0.013,
12:54:42.00,24-07-14,28.173943333333334°„N,104.81378466666666°„E,647.7,0.026,
12:54:43.00,24-07-14,28.173943166666668°„N,104.81378483333333°„E,647.8,0.014,
12:54:44.00,24-07-14,28.173943°„N,104.813785°„E,647.9,0.005,
12:54:45.00,24-07-14,28.173942666666665°„N,104.81378516666666°„E,648.0,0.002,
12:54:46.00,24-07-14,28.1739425°„N,104.8137855°„E,648.1,0.032,
12:54:47.00,24-07-14,28.173942333333333°„N,104.81378583333333°„E,648.2,0.055,
12:54:48.00,24-07-14,28.173942°„N,104.81378616666667°„E,648.3,0.031,
12:54:49.00,24-07-14,28.173941833333334°„N,104.8137865°„E,648.4,0.008,
12:54:50.00,24-07-14,28.173941666666668°„N,104.81378683333334°„E,648.5,0.011,
12:54:51.00,24-07-14,28.17394133333333°„N,104.81378716666667°„E,648.6,0.003,
12:54:52.00,24-07-14,28.173941166666665°„N,104.8137875°„E,648.7,0.022,
12:54:53.00,24-07-14,28.173941°„N,104.81378783333334°„E,648.8,0.021,
12:54:54.00,24-07-14,28.173940833333333°„N,104.81378816666667°„E,648.9,0.036,
12:54:55.00,24-07-14,28.173940666666667°„N,104.8137885°„E,649.0,0.031,
12:54:56.00,24-07-14,28.173940666666667°„N,104.81378883333333°„E,649.2,0.038,
12:54:57.00,24-07-14,28.1739405°„N,104.81378916666667°„E,649.3,0.007,
12:54:58.00,24-07-14,28.173940333333334°„N,104.81378966666666°„E,649.4,0.017,
12:54:59.00,24-07-14,28.173940333333334°„N,104.81379°„E,649.6,0.021,
12:55:00.00,24-07-14,28.173940166666668°„N,104.81379033333333°„E,649.7,0.008,
12:55:01.00,24-07-14,28.173940166666668°„N,104.81379066666666°„E,649.8,0.023,
12:55:02.00,24-07-14,28.17394°„N,104.81379116666666°„E,649.9,0.004,
12:55:03.00,24-07-14,28.17394°„N,104.8137915°„E,650.0,0.011,
12:55:04.00,24-07-14,28.17394°„N,104.81379183333334°„E,650.1,0.017,
12:55:05.00,24-07-14,28.17394°„N,104.81379216666667°„E,650.3,0.018,
12:55:06.00,24-07-14,28.17394°„N,104.8137925°„E,650.3,0.027,
12:55:07.00,24-07-14,28.17394°„N,104.81379283333334°„E,650.4,0.016,
12:55:08.00,24-07-14,28.17394°„N,104.81379316666667°„E,650.5,0.028,
12:55:09.00,24-07-14,28.17394°„N,104.81379333333334°„E,650.6,0.013,
12:55:10.00,24-07-14,28.17394°„N,104.81379366666667°„E,650.6,0.011,
12:55:11.00,24-07-14,28.17394°„N,104.81379383333334°„E,650.7,0.005,
12:55:12.00,24-07-14,28.173940166666668°„N,104.813794°„E,650.7,0.019,
12:55:13.00,24-07-14,28.173940166666668°„N,104.813794°„E,650.7,0.018,
12:55:14.00,24-07-14,28.173940333333334°„N,104.81379416666667°„E,650.7,0.021,
12:55:15.00,24-07-14,28.173940333333334°„N,104.81379416666667°„E,650.7,0.028,
12:55:16.00,24-07-14,28.1739405°„N,104.81379433333333°„E,650.7,0.026,
12:55:17.00,24-07-14,28.1739405°„N,104.81379433333333°„E,650.7,0.033,
12:55:18.00,24-07-14,28.173940666666667°„N,104.8137945°„E,650.7,0.028,
12:55:19.00,24-07-14,28.173940666666667°„N,104.81379466666667°„E,650.7,0.012,
12:55:20.00,24-07-14,28.173940666666667°„N,104.81379466666667°„E,650.6,0.007,
12:55:21.00,24-07-14,28.173940666666667°„N,104.81379466666667°„E,650.6,0.032,
12:55:22.00,24-07-14,28.173940666666667°„N,104.81379466666667°„E,650.6,0.015,
12:55:23.00,24-07-14,28.173940666666667°„N,104.81379466666667°„E,650.6,0.035,
12:55:24.00,24-07-14,28.173940666666667°„N,104.81379466666667°„E,650.5,0.016,
12:55:25.00,24-07-14,28.173940666666667°„N,104.8137945°„E,650.4,0.009,
12:55:26.00,24-07-14,28.173940666666667°„N,104.81379416666667°„E,650.3,0.029,
12:55:27.00,24-07-14,28.1739405°„N,104.813794°„E,650.3,0.021,
12:55:28.00,24-07-14,28.1739405°„N,104.8137935°„E,650.2,0.016,
12:55:29.00,24-07-14,28.173940333333334°„N,104.813793°„E,650.1,0.034,
12:55:30.00,24-07-14,28.173940166666668°„N,104.81379266666667°„E,650.0,0.025,
12:55:31.00,24-07-14,28.17394°„N,104.81379233333334°„E,650.0,0.018,
12:55:32.00,24-07-14,28.17394°„N,104.81379183333334°„E,650.0,0.018,
12:55:33.00,24-07-14,28.173939833333332°„N,104.8137915°„E,649.9,0.017,
12:55:34.00,24-07-14,28.173939666666666°„N,104.81379116666666°„E,649.9,0.025,
12:55:35.00,24-07-14,28.1739395°„N,104.81379066666666°„E,649.8,0.016,
12:55:36.00,24-07-14,28.173939333333333°„N,104.8137905°„E,649.7,0.009,
12:55:37.00,24-07-14,28.173939166666667°„N,104.81379016666666°„E,649.6,0.010,
12:55:38.00,24-07-14,28.173939166666667°„N,104.81379°„E,649.5,0.013,
12:55:39.00,24-07-14,28.173939°„N,104.81378983333333°„E,649.4,0.020,
12:55:40.00,24-07-14,28.173938833333334°„N,104.81378966666666°„E,649.2,0.020,
12:55:41.00,24-07-14,28.17393866666667°„N,104.8137895°„E,649.1,0.022,
12:55:42.00,24-07-14,28.1739385°„N,104.8137895°„E,649.0,0.040,
12:55:43.00,24-07-14,28.173938333333332°„N,104.8137895°„E,649.0,0.012,
12:55:44.00,24-07-14,28.173938°„N,104.81378933333333°„E,648.9,0.023,
12:55:45.00,24-07-14,28.173937666666667°„N,104.813789°„E,648.8,0.009,
12:55:46.00,24-07-14,28.1739375°„N,104.81378866666667°„E,648.8,0.014,
12:55:47.00,24-07-14,28.173937333333335°„N,104.8137885°„E,648.7,0.048,
12:55:48.00,24-07-14,28.173937°„N,104.81378816666667°„E,648.6,0.028,
12:55:49.00,24-07-14,28.173936833333332°„N,104.81378783333334°„E,648.6,0.007,
12:55:50.00,24-07-14,28.173936666666666°„N,104.81378766666667°„E,648.5,0.015,
12:55:51.00,24-07-14,28.173936666666666°„N,104.81378733333334°„E,648.4,0.023,
12:55:52.00,24-07-14,28.173936666666666°„N,104.813787°„E,648.3,0.034,
12:55:53.00,24-07-14,28.173936666666666°„N,104.81378666666667°„E,648.2,0.035,
12:55:54.00,24-07-14,28.173936666666666°„N,104.8137865°„E,648.2,0.012,
12:55:55.00,24-07-14,28.173936666666666°„N,104.81378616666667°„E,648.1,0.003,
12:55:56.00,24-07-14,28.173936666666666°„N,104.81378616666667°„E,648.1,0.010,
12:55:57.00,24-07-14,28.173936666666666°„N,104.813786°„E,648.0,0.017,
12:55:58.00,24-07-14,28.173936833333332°„N,104.81378583333333°„E,647.9,0.004,
12:55:59.00,24-07-14,28.173936833333332°„N,104.81378583333333°„E,647.9,0.040,
12:56:00.00,24-07-14,28.173937°„N,104.81378583333333°„E,647.8,0.031,
12:56:01.00,24-07-14,28.173937166666665°„N,104.81378566666666°„E,647.8,0.008,
12:56:02.00,24-07-14,28.173937166666665°„N,104.81378566666666°„E,647.7,0.054,
12:56:03.00,24-07-14,28.173937333333335°„N,104.81378583333333°„E,647.7,0.022,
12:56:04.00,24-07-14,28.1739375°„N,104.81378583333333°„E,647.7,0.015,
12:56:05.00,24-07-14,28.173937666666667°„N,104.813786°„E,647.7,0.041,
12:56:06.00,24-07-14,28.173937833333333°„N,104.813786°„E,647.7,0.028,
12:56:07.00,24-07-14,28.173938°„N,104.81378616666667°„E,647.7,0.002,
12:56:08.00,24-07-14,28.173938166666666°„N,104.81378633333334°„E,647.8,0.011,
12:56:09.00,24-07-14,28.173938333333332°„N,104.8137865°„E,647.8,0.009,
12:56:10.00,24-07-14,28.1739385°„N,104.81378666666667°„E,647.8,0.011,
12:56:11.00,24-07-14,28.17393866666667°„N,104.81378683333334°„E,647.9,0.040,
12:56:12.00,24-07-14,28.173938833333334°„N,104.813787°„E,647.9,0.028,
12:56:13.00,24-07-14,28.173939°„N,104.81378716666667°„E,647.9,0.022,
12:56:14.00,24-07-14,28.173939166666667°„N,104.81378733333334°„E,648.0,0.016,
12:56:15.00,24-07-14,28.173939166666667°„N,104.8137875°„E,648.0,0.007,
12:56:16.00,24-07-14,28.173939333333333°„N,104.81378766666667°„E,648.1,0.017,
12:56:17.00,24-07-14,28.1739395°„N,104.81378783333334°„E,648.1,0.032,
12:56:18.00,24-07-14,28.173939666666666°„N,104.813788°„E,648.2,0.043,
12:56:19.00,24-07-14,28.173939666666666°„N,104.81378816666667°„E,648.2,0.032,
12:56:20.00,24-07-14,28.173939833333332°„N,104.8137885°„E,648.3,0.027,
12:56:21.00,24-07-14,28.173939833333332°„N,104.81378866666667°„E,648.4,0.035,
12:56:22.00,24-07-14,28.17394°„N,104.813789°„E,648.5,0.011,
12:56:23.00,24-07-14,28.17394°„N,104.81378933333333°„E,648.6,0.012,
12:56:24.00,24-07-14,28.17394°„N,104.8137895°„E,648.7,0.029,
12:56:25.00,24-07-14,28.17394°„N,104.81378983333333°„E,648.7,0.006,
12:56:26.00,24-07-14,28.17394°„N,104.81379016666666°„E,648.8,0.016,
12:56:27.00,24-07-14,28.17394°„N,104.81379033333333°„E,648.9,0.023,
12:56:28.00,24-07-14,28.17394°„N,104.81379066666666°„E,649.0,0.038,
12:56:29.00,24-07-14,28.173940166666668°„N,104.81379083333333°„E,649.0,0.027,
12:56:30.00,24-07-14,28.173940333333334°„N,104.81379116666666°„E,649.1,0.056,
12:56:31.00,24-07-14,28.1739405°„N,104.8137915°„E,649.2,0.016,
12:56:32.00,24-07-14,28.1739405°„N,104.81379183333334°„E,649.2,0.019,
12:56:33.00,24-07-14,28.1739405°„N,104.81379216666667°„E,649.3,0.040,
12:56:34.00,24-07-14,28.1739405°„N,104.81379233333334°„E,649.4,0.023,
12:56:35.00,24-07-14,28.1739405°„N,104.8137925°„E,649.4,0.034,
12:56:36.00,24-07-14,28.1739405°„N,104.8137925°„E,649.4,0.047,
12:56:37.00,24-07-14,28.1739405°„N,104.81379266666667°„E,649.5,0.053,
12:56:38.00,24-07-14,28.1739405°„N,104.81379266666667°„E,649.5,0.029,
12:56:39.00,24-07-14,28.1739405°„N,104.81379266666667°„E,649.5,0.044,
12:56:40.00,24-07-14,28.1739405°„N,104.81379266666667°„E,649.5,0.059,
12:56:41.00,24-07-14,28.1739405°„N,104.8137925°„E,649.5,0.036,
12:56:42.00,24-07-14,28.1739405°„N,104.8137925°„E,649.5,0.039,
12:56:43.00,24-07-14,28.173940666666667°„N,104.8137925°„E,649.5,0.036,
12:56:44.00,24-07-14,28.173940833333333°„N,104.8137925°„E,649.5,0.073,
12:56:45.00,24-07-14,28.173941°„N,104.8137925°„E,649.5,0.082,
12:56:46.00,24-07-14,28.173941166666665°„N,104.8137925°„E,649.5,0.058,
12:56:47.00,24-07-14,28.1739415°„N,104.8137925°„E,649.6,0.046,
12:56:48.00,24-07-14,28.1739415°„N,104.8137925°„E,649.6,0.063,
12:56:49.00,24-07-14,28.1739415°„N,104.81379266666667°„E,649.6,0.047,
12:56:50.00,24-07-14,28.1739415°„N,104.81379266666667°„E,649.7,0.014,
12:56:51.00,24-07-14,28.173941666666668°„N,104.81379283333334°„E,649.7,0.021,
12:56:52.00,24-07-14,28.173941666666668°„N,104.81379283333334°„E,649.8,0.032,
12:56:53.00,24-07-14,28.173941833333334°„N,104.813793°„E,649.9,0.012,
12:56:54.00,24-07-14,28.173942°„N,104.813793°„E,649.9,0.026,
12:56:55.00,24-07-14,28.173942166666667°„N,104.813793°„E,649.9,0.030,
12:56:56.00,24-07-14,28.173942333333333°„N,104.813793°„E,649.9,0.058,
12:56:57.00,24-07-14,28.1739425°„N,104.81379283333334°„E,649.9,0.066,
12:56:58.00,24-07-14,28.173942666666665°„N,104.81379266666667°„E,649.9,0.039,
12:56:59.00,24-07-14,28.173943°„N,104.8137925°„E,649.8,0.019,
12:57:00.00,24-07-14,28.173943166666668°„N,104.81379233333334°„E,649.8,0.025,
12:57:01.00,24-07-14,28.173943333333334°„N,104.81379216666667°„E,649.7,0.053,
12:57:02.00,24-07-14,28.173943333333334°„N,104.813792°„E,649.6,0.066,
12:57:03.00,24-07-14,28.1739435°„N,104.813792°„E,649.6,0.026,
12:57:04.00,24-07-14,28.173943333333334°„N,104.81379183333334°„E,649.6,0.033,
12:57:05.00,24-07-14,28.173943333333334°„N,104.81379183333334°„E,649.5,0.033,
12:57:06.00,24-07-14,28.173943333333334°„N,104.81379183333334°„E,649.5,0.020,
12:57:07.00,24-07-14,28.173943333333334°„N,104.81379183333334°„E,649.5,0.042,
12:57:08.00,24-07-14,28.173943333333334°„N,104.81379166666666°„E,649.4,0.034,
12:57:09.00,24-07-14,28.173943333333334°„N,104.81379166666666°„E,649.4,0.046,
12:57:10.00,24-07-14,28.173943333333334°„N,104.81379166666666°„E,649.4,0.024,
12:57:11.00,24-07-14,28.173943333333334°„N,104.81379166666666°„E,649.4,0.046,
12:57:12.00,24-07-14,28.1739435°„N,104.81379166666666°„E,649.3,0.009,
12:57:13.00,24-07-14,28.1739435°„N,104.8137915°„E,649.2,0.050,
12:57:14.00,24-07-14,28.1739435°„N,104.8137915°„E,649.1,0.023,
12:57:15.00,24-07-14,28.1739435°„N,104.8137915°„E,649.0,0.033,
12:57:16.00,24-07-14,28.1739435°„N,104.81379133333333°„E,648.9,0.022,
12:57:17.00,24-07-14,28.173943666666666°„N,104.81379116666666°„E,648.8,0.021,
12:57:18.00,24-07-14,28.173943666666666°„N,104.81379116666666°„E,648.7,0.023,
12:57:19.00,24-07-14,28.173943833333333°„N,104.81379116666666°„E,648.6,0.041,
12:57:20.00,24-07-14,28.173943833333333°„N,104.813791°„E,648.5,0.033,
12:57:21.00,24-07-14,28.173944°„N,104.813791°„E,648.5,0.011,
12:57:22.00,24-07-14,28.173944°„N,104.81379083333333°„E,648.4,0.020,
12:57:23.00,24-07-14,28.173944°„N,104.813791°„E,648.4,0.016,
12:57:24.00,24-07-14,28.173944°„N,104.81379083333333°„E,648.3,0.025,
12:57:25.00,24-07-14,28.173944°„N,104.81379083333333°„E,648.3,0.039,
12:57:26.00,24-07-14,28.173944°„N,104.81379083333333°„E,648.2,0.027,
12:57:27.00,24-07-14,28.173943833333333°„N,104.81379083333333°„E,648.2,0.016,
12:57:28.00,24-07-14,28.173943833333333°„N,104.81379083333333°„E,648.2,0.039,
12:57:29.00,24-07-14,28.173943833333333°„N,104.81379083333333°„E,648.1,0.037,
12:57:30.00,24-07-14,28.173943833333333°„N,104.81379083333333°„E,648.1,0.021,
12:57:31.00,24-07-14,28.173944°„N,104.81379083333333°„E,648.1,0.024,
12:57:32.00,24-07-14,28.173944°„N,104.813791°„E,648.0,0.013,
12:57:33.00,24-07-14,28.173944166666665°„N,104.81379116666666°„E,648.0,0.035,
12:57:34.00,24-07-14,28.173944166666665°„N,104.81379133333333°„E,648.1,0.004,
12:57:35.00,24-07-14,28.173944166666665°„N,104.8137915°„E,648.1,0.005,
12:57:36.00,24-07-14,28.173944166666665°„N,104.81379166666666°„E,648.1,0.071,
12:57:37.00,24-07-14,28.173944166666665°„N,104.813792°„E,648.2,0.060,
12:57:38.00,24-07-14,28.173944°„N,104.81379216666667°„E,648.2,0.042,
12:57:39.00,24-07-14,28.173944°„N,104.8137925°„E,648.3,0.029,
12:57:40.00,24-07-14,28.173944°„N,104.81379266666667°„E,648.3,0.021,
12:57:41.00,24-07-14,28.173943833333333°„N,104.81379283333334°„E,648.3,0.033,
12:57:42.00,24-07-14,28.173943833333333°„N,104.81379316666667°„E,648.4,0.039,
12:57:43.00,24-07-14,28.173943666666666°„N,104.81379333333334°„E,648.4,0.046,
12:57:44.00,24-07-14,28.1739435°„N,104.81379366666667°„E,648.4,0.026,
12:57:45.00,24-07-14,28.1739435°„N,104.81379383333334°„E,648.4,0.023,
12:57:46.00,24-07-14,28.1739435°„N,104.813794°„E,648.5,0.043,
12:57:47.00,24-07-14,28.173943333333334°„N,104.813794°„E,648.5,0.011,
12:57:48.00,24-07-14,28.173943333333334°„N,104.813794°„E,648.5,0.014,
12:57:49.00,24-07-14,28.173943166666668°„N,104.813794°„E,648.5,0.032,
12:57:50.00,24-07-14,28.173943166666668°„N,104.813794°„E,648.5,0.027,
12:57:51.00,24-07-14,28.173943166666668°„N,104.81379383333334°„E,648.5,0.054,
12:57:52.00,24-07-14,28.173943166666668°„N,104.81379366666667°„E,648.4,0.063,
12:57:53.00,24-07-14,28.173943166666668°„N,104.81379366666667°„E,648.4,0.035,
12:57:54.00,24-07-14,28.173943166666668°„N,104.8137935°„E,648.4,0.044,
12:57:55.00,24-07-14,28.173943333333334°„N,104.8137935°„E,648.3,0.050,
12:57:56.00,24-07-14,28.1739435°„N,104.81379333333334°„E,648.3,0.041,
12:57:57.00,24-07-14,28.173943666666666°„N,104.81379316666667°„E,648.2,0.021,
12:57:58.00,24-07-14,28.173943833333333°„N,104.813793°„E,648.2,0.037,
12:57:59.00,24-07-14,28.173943833333333°„N,104.813793°„E,648.1,0.019,
12:58:00.00,24-07-14,28.173943833333333°„N,104.81379283333334°„E,648.1,0.017,
12:58:01.00,24-07-14,28.173944°„N,104.81379266666667°„E,648.0,0.041,
12:58:02.00,24-07-14,28.173944°„N,104.8137925°„E,648.0,0.036,
12:58:03.00,24-07-14,28.173944166666665°„N,104.81379216666667°„E,647.9,0.036,
12:58:04.00,24-07-14,28.173944166666665°„N,104.813792°„E,647.9,0.050,
12:58:05.00,24-07-14,28.173944166666665°„N,104.81379166666666°„E,647.9,0.042,
12:58:06.00,24-07-14,28.173944166666665°„N,104.8137915°„E,647.9,0.042,
12:58:07.00,24-07-14,28.173944166666665°„N,104.81379133333333°„E,647.8,0.018,
12:58:08.00,24-07-14,28.173944166666665°„N,104.81379116666666°„E,647.8,0.038,
12:58:09.00,24-07-14,28.173944166666665°„N,104.813791°„E,647.8,0.023,
12:58:10.00,24-07-14,28.173944166666665°„N,104.813791°„E,647.8,0.047,
12:58:11.00,24-07-14,28.173944166666665°„N,104.81379083333333°„E,647.8,0.049,
12:58:12.00,24-07-14,28.173944166666665°„N,104.8137905°„E,647.7,0.066,
12:58:13.00,24-07-14,28.173944166666665°„N,104.81379016666666°„E,647.7,0.036,
12:58:14.00,24-07-14,28.173944166666665°„N,104.81378966666666°„E,647.7,0.032,
12:58:15.00,24-07-14,28.173944166666665°„N,104.81378933333333°„E,647.7,0.035,
12:58:16.00,24-07-14,28.173944°„N,104.813789°„E,647.7,0.050,
12:58:17.00,24-07-14,28.173944°„N,104.81378866666667°„E,647.6,0.025,
12:58:18.00,24-07-14,28.173943833333333°„N,104.8137885°„E,647.6,0.067,
12:58:19.00,24-07-14,28.173943666666666°„N,104.81378833333333°„E,647.7,0.085,
12:58:20.00,24-07-14,28.1739435°„N,104.81378833333333°„E,647.7,0.065,
12:58:21.00,24-07-14,28.173943333333334°„N,104.81378833333333°„E,647.8,0.059,
12:58:22.00,24-07-14,28.173943°„N,104.81378833333333°„E,647.8,0.022,
12:58:23.00,24-07-14,28.173942833333335°„N,104.81378816666667°„E,647.9,0.021,
12:58:24.00,24-07-14,28.173942666666665°„N,104.813788°„E,647.9,0.046,
12:58:25.00,24-07-14,28.1739425°„N,104.81378783333334°„E,647.9,0.032,
12:58:26.00,24-07-14,28.173942333333333°„N,104.81378766666667°„E,647.9,0.028,
12:58:27.00,24-07-14,28.173941833333334°„N,104.81378766666667°„E,648.0,0.058,
12:58:28.00,24-07-14,28.1739415°„N,104.8137875°„E,648.0,0.038,
12:58:29.00,24-07-14,28.173941166666665°„N,104.8137875°„E,648.1,0.024,
12:58:30.00,24-07-14,28.173940833333333°„N,104.8137875°„E,648.1,0.039,
12:58:31.00,24-07-14,28.173940666666667°„N,104.81378733333334°„E,648.1,0.027,
12:58:32.00,24-07-14,28.1739405°„N,104.8137875°„E,648.2,0.051,
12:58:33.00,24-07-14,28.173940333333334°„N,104.8137875°„E,648.2,0.026,
12:58:34.00,24-07-14,28.17394°„N,104.8137875°„E,648.2,0.042,
12:58:35.00,24-07-14,28.17394°„N,104.8137875°„E,648.2,0.024,
12:58:36.00,24-07-14,28.17394°„N,104.8137875°„E,648.2,0.060,
12:58:37.00,24-07-14,28.173939833333332°„N,104.81378733333334°„E,648.2,0.046,
12:58:38.00,24-07-14,28.173939666666666°„N,104.81378733333334°„E,648.2,0.035,
12:58:39.00,24-07-14,28.173939666666666°„N,104.8137875°„E,648.2,0.030,
12:58:40.00,24-07-14,28.173939333333333°„N,104.81378766666667°„E,648.2,0.041,
12:58:41.00,24-07-14,28.173939166666667°„N,104.81378766666667°„E,648.2,0.023,
12:58:42.00,24-07-14,28.173938833333334°„N,104.81378783333334°„E,648.3,0.028,
12:58:43.00,24-07-14,28.17393866666667°„N,104.81378816666667°„E,648.3,0.038,
12:58:44.00,24-07-14,28.1739385°„N,104.81378833333333°„E,648.3,0.039,
12:58:45.00,24-07-14,28.173938333333332°„N,104.8137885°„E,648.3,0.039,
12:58:46.00,24-07-14,28.173938166666666°„N,104.81378866666667°„E,648.3,0.035,
12:58:47.00,24-07-14,28.173938166666666°„N,104.81378866666667°„E,648.3,0.031,
12:58:48.00,24-07-14,28.173938166666666°„N,104.81378866666667°„E,648.2,0.003,
12:58:49.00,24-07-14,28.173938166666666°„N,104.8137885°„E,648.2,0.026,
12:58:50.00,24-07-14,28.173938333333332°„N,104.81378816666667°„E,648.1,0.038,
12:58:51.00,24-07-14,28.1739385°„N,104.813788°„E,648.0,0.057,
12:58:52.00,24-07-14,28.17393866666667°„N,104.81378783333334°„E,648.0,0.072,
12:58:53.00,24-07-14,28.173939°„N,104.81378766666667°„E,647.9,0.008,
12:58:54.00,24-07-14,28.173939166666667°„N,104.81378766666667°„E,647.8,0.016,
12:58:55.00,24-07-14,28.173939333333333°„N,104.81378766666667°„E,647.8,0.033,
12:58:56.00,24-07-14,28.1739395°„N,104.81378766666667°„E,647.8,0.019,
12:58:57.00,24-07-14,28.173939666666666°„N,104.81378766666667°„E,647.8,0.047,
12:58:58.00,24-07-14,28.173939833333332°„N,104.81378766666667°„E,647.8,0.034,
12:58:59.00,24-07-14,28.173940166666668°„N,104.81378783333334°„E,647.7,0.030,
12:59:00.00,24-07-14,28.1739405°„N,104.81378783333334°„E,647.7,0.035,
12:59:01.00,24-07-14,28.173940666666667°„N,104.81378766666667°„E,647.7,0.041,
12:59:02.00,24-07-14,28.173940833333333°„N,104.81378766666667°„E,647.6,0.044,
12:59:03.00,24-07-14,28.173941°„N,104.81378766666667°„E,647.6,0.040,
12:59:04.00,24-07-14,28.17394133333333°„N,104.81378766666667°„E,647.6,0.055,
12:59:05.00,24-07-14,28.1739415°„N,104.81378766666667°„E,647.7,0.016,
12:59:06.00,24-07-14,28.173941666666668°„N,104.81378783333334°„E,647.7,0.019,
12:59:07.00,24-07-14,28.173941833333334°„N,104.81378783333334°„E,647.7,0.030,
12:59:08.00,24-07-14,28.173942166666667°„N,104.813788°„E,647.7,0.054,
12:59:09.00,24-07-14,28.173942333333333°„N,104.81378833333333°„E,647.8,0.060,
12:59:10.00,24-07-14,28.173942666666665°„N,104.8137885°„E,647.9,0.048,
12:59:11.00,24-07-14,28.173942833333335°„N,104.81378866666667°„E,647.9,0.045,
12:59:12.00,24-07-14,28.173943166666668°„N,104.81378866666667°„E,648.0,0.046,
12:59:13.00,24-07-14,28.173943333333334°„N,104.81378883333333°„E,648.0,0.021,
12:59:14.00,24-07-14,28.173943333333334°„N,104.81378883333333°„E,648.1,0.023,
12:59:15.00,24-07-14,28.1739435°„N,104.81378883333333°„E,648.2,0.040,
12:59:16.00,24-07-14,28.1739435°„N,104.813789°„E,648.2,0.053,
12:59:17.00,24-07-14,28.1739435°„N,104.81378916666667°„E,648.3,0.060,
12:59:18.00,24-07-14,28.173943333333334°„N,104.81378933333333°„E,648.4,0.037,
12:59:19.00,24-07-14,28.173943333333334°„N,104.8137895°„E,648.5,0.034,
12:59:20.00,24-07-14,28.173943333333334°„N,104.81378966666666°„E,648.5,0.029,
12:59:21.00,24-07-14,28.173943333333334°„N,104.81378983333333°„E,648.6,0.038,
12:59:22.00,24-07-14,28.173943333333334°„N,104.81378983333333°„E,648.6,0.038,
12:59:23.00,24-07-14,28.173943333333334°„N,104.81379°„E,648.7,0.058,
12:59:24.00,24-07-14,28.173943166666668°„N,104.81379016666666°„E,648.8,0.015,
12:59:25.00,24-07-14,28.173943°„N,104.81379016666666°„E,648.8,0.045,
12:59:26.00,24-07-14,28.173942833333335°„N,104.81379°„E,648.9,0.022,
12:59:27.00,24-07-14,28.173942666666665°„N,104.81378983333333°„E,648.9,0.048,
12:59:28.00,24-07-14,28.1739425°„N,104.81378983333333°„E,649.0,0.024,
12:59:29.00,24-07-14,28.173942333333333°„N,104.81378983333333°„E,649.1,0.022,
12:59:30.00,24-07-14,28.173942166666667°„N,104.81378983333333°„E,649.1,0.034,
12:59:31.00,24-07-14,28.173942166666667°„N,104.81378966666666°„E,649.2,0.031,
12:59:32.00,24-07-14,28.173942166666667°„N,104.81378966666666°„E,649.3,0.039,
12:59:33.00,24-07-14,28.173942°„N,104.81378966666666°„E,649.3,0.025,
12:59:34.00,24-07-14,28.173942°„N,104.81378966666666°„E,649.4,0.046,
12:59:35.00,24-07-14,28.173941833333334°„N,104.81378966666666°„E,649.4,0.026,
12:59:36.00,24-07-14,28.173941833333334°„N,104.81378966666666°„E,649.4,0.027,
12:59:37.00,24-07-14,28.173941833333334°„N,104.8137895°„E,649.4,0.037,
12:59:38.00,24-07-14,28.173941666666668°„N,104.81378933333333°„E,649.4,0.039,
12:59:39.00,24-07-14,28.173941666666668°„N,104.81378933333333°„E,649.5,0.030,
12:59:40.00,24-07-14,28.1739415°„N,104.81378933333333°„E,649.5,0.042,
12:59:41.00,24-07-14,28.1739415°„N,104.81378933333333°„E,649.6,0.015,
12:59:42.00,24-07-14,28.17394133333333°„N,104.8137895°„E,649.6,0.039,
12:59:43.00,24-07-14,28.173941166666665°„N,104.81378966666666°„E,649.6,0.040,
12:59:44.00,24-07-14,28.173941°„N,104.81378983333333°„E,649.7,0.031,
12:59:45.00,24-07-14,28.173941°„N,104.81379°„E,649.7,0.041,
12:59:46.00,24-07-14,28.173940833333333°„N,104.81379016666666°„E,649.8,0.053,
12:59:47.00,24-07-14,28.173940833333333°„N,104.81379033333333°„E,649.8,0.039,
12:59:48.00,24-07-14,28.173940833333333°„N,104.81379033333333°„E,649.8,0.006,
12:59:49.00,24-07-14,28.173941°„N,104.81379033333333°„E,649.8,0.029,
12:59:50.00,24-07-14,28.173941°„N,104.81379033333333°„E,649.8,0.047,
12:59:51.00,24-07-14,28.173941°„N,104.81379016666666°„E,649.7,0.065,
12:59:52.00,24-07-14,28.173941°„N,104.81379016666666°„E,649.7,0.072,
12:59:53.00,24-07-14,28.173941166666665°„N,104.81379°„E,649.7,0.053,
12:59:54.00,24-07-14,28.173941166666665°„N,104.81379°„E,649.7,0.010,
12:59:55.00,24-07-14,28.173941166666665°„N,104.81379°„E,649.7,0.030,
12:59:56.00,24-07-14,28.173941166666665°„N,104.81379016666666°„E,649.7,0.058,
12:59:57.00,24-07-14,28.173941166666665°„N,104.81379033333333°„E,649.7,0.054,
12:59:58.00,24-07-14,28.173941166666665°„N,104.8137905°„E,649.7,0.083,
12:59:59.00,24-07-14,28.173941166666665°„N,104.81379066666666°„E,649.7,0.025,
13:00:00.00,24-07-14,28.173941166666665°„N,104.8137905°„E,649.8,0.066,
13:00:01.00,24-07-14,28.173941166666665°„N,104.8137905°„E,649.8,0.057,
13:00:02.00,24-07-14,28.173941°„N,104.81379033333333°„E,649.7,0.046,
13:00:03.00,24-07-14,28.173941166666665°„N,104.81379016666666°„E,649.7,0.042,
13:00:04.00,24-07-14,28.173941°„N,104.81379016666666°„E,649.7,0.051,
13:00:05.00,24-07-14,28.173941166666665°„N,104.81379°„E,649.7,0.039,
13:00:06.00,24-07-14,28.173941166666665°„N,104.81379°„E,649.7,0.021,
13:00:07.00,24-07-14,28.173941°„N,104.81379°„E,649.7,0.024,
13:00:08.00,24-07-14,28.173941°„N,104.81379°„E,649.7,0.057,
13:00:09.00,24-07-14,28.173941°„N,104.81379016666666°„E,649.7,0.055,
13:00:10.00,24-07-14,28.173940833333333°„N,104.81379°„E,649.7,0.025,
13:00:11.00,24-07-14,28.173940666666667°„N,104.81379°„E,649.7,0.040,
13:00:12.00,24-07-14,28.173940666666667°„N,104.81379°„E,649.8,0.015,
13:00:13.00,24-07-14,28.1739405°„N,104.81378983333333°„E,649.8,0.080,
13:00:14.00,24-07-14,28.173940333333334°„N,104.81378966666666°„E,649.9,0.072,
13:00:15.00,24-07-14,28.173939666666666°„N,104.8137895°„E,650.0,0.122,
13:00:16.00,24-07-14,28.173939666666666°„N,104.81378933333333°„E,650.0,0.037,
13:00:17.00,24-07-14,28.173939666666666°„N,104.81378916666667°„E,649.9,0.012,
13:00:18.00,24-07-14,28.173939666666666°„N,104.813789°„E,649.9,0.100,
13:00:19.00,24-07-14,28.173939666666666°„N,104.813789°„E,649.9,0.069,
13:00:20.00,24-07-14,28.1739395°„N,104.813789°„E,649.9,0.029,
13:00:21.00,24-07-14,28.173939166666667°„N,104.813789°„E,650.0,0.031,
13:00:22.00,24-07-14,28.173939°„N,104.813789°„E,650.0,0.046,
13:00:23.00,24-07-14,28.173938833333334°„N,104.81378916666667°„E,650.0,0.044,
13:00:24.00,24-07-14,28.17393866666667°„N,104.813789°„E,650.0,0.052,
13:00:25.00,24-07-14,28.1739385°„N,104.81378883333333°„E,650.1,0.040,
13:00:26.00,24-07-14,28.1739385°„N,104.81378883333333°„E,650.0,0.024,
13:00:27.00,24-07-14,28.1739385°„N,104.81378883333333°„E,650.0,0.037,
13:00:28.00,24-07-14,28.17393866666667°„N,104.813789°„E,650.0,0.041,
13:00:29.00,24-07-14,28.17393866666667°„N,104.813789°„E,650.0,0.004,
13:00:30.00,24-07-14,28.173938833333334°„N,104.81378916666667°„E,650.0,0.020,
13:00:31.00,24-07-14,28.173939°„N,104.81378933333333°„E,649.9,0.012,
13:00:32.00,24-07-14,28.173939166666667°„N,104.8137895°„E,649.9,0.049,
13:00:33.00,24-07-14,28.173939333333333°„N,104.81378983333333°„E,649.8,0.043,
13:00:34.00,24-07-14,28.1739395°„N,104.81379°„E,649.7,0.026,
13:00:35.00,24-07-14,28.173939833333332°„N,104.81379016666666°„E,649.7,0.042,
13:00:36.00,24-07-14,28.17394°„N,104.81379033333333°„E,649.6,0.016,
13:00:37.00,24-07-14,28.173940166666668°„N,104.8137905°„E,649.6,0.036,
13:00:38.00,24-07-14,28.173940333333334°„N,104.8137905°„E,649.5,0.050,
13:00:39.00,24-07-14,28.1739405°„N,104.81379066666666°„E,649.5,0.013,
13:00:40.00,24-07-14,28.173940833333333°„N,104.81379066666666°„E,649.4,0.037,
13:00:41.00,24-07-14,28.173941°„N,104.81379083333333°„E,649.4,0.009,
13:00:42.00,24-07-14,28.17394133333333°„N,104.813791°„E,649.3,0.020,
13:00:43.00,24-07-14,28.1739415°„N,104.81379133333333°„E,649.3,0.024,
13:00:44.00,24-07-14,28.173941666666668°„N,104.8137915°„E,649.2,0.036,
13:00:45.00,24-07-14,28.173941833333334°„N,104.81379166666666°„E,649.2,0.035,
13:00:46.00,24-07-14,28.173942166666667°„N,104.813792°„E,649.1,0.046,
13:00:47.00,24-07-14,28.173942333333333°„N,104.81379216666667°„E,649.0,0.039,
13:00:48.00,24-07-14,28.173942333333333°„N,104.81379233333334°„E,649.0,0.018,
13:00:49.00,24-07-14,28.1739425°„N,104.8137925°„E,648.9,0.046,
13:00:50.00,24-07-14,28.173942333333333°„N,104.8137925°„E,648.9,0.044,
13:00:51.00,24-07-14,28.173942333333333°„N,104.8137925°„E,648.8,0.058,
13:00:52.00,24-07-14,28.173942333333333°„N,104.81379266666667°„E,648.8,0.034,
13:00:53.00,24-07-14,28.173942333333333°„N,104.81379266666667°„E,648.7,0.035,
13:00:54.00,24-07-14,28.173942333333333°„N,104.81379283333334°„E,648.7,0.025,
13:00:55.00,24-07-14,28.1739425°„N,104.81379283333334°„E,648.6,0.022,
13:00:56.00,24-07-14,28.1739425°„N,104.813793°„E,648.5,0.029,
13:00:57.00,24-07-14,28.173942666666665°„N,104.813793°„E,648.4,0.023,
13:00:58.00,24-07-14,28.173942666666665°„N,104.813793°„E,648.4,0.023,
13:00:59.00,24-07-14,28.173942666666665°„N,104.81379283333334°„E,648.4,0.032,
13:01:00.00,24-07-14,28.173942833333335°„N,104.81379266666667°„E,648.3,0.032,
13:01:01.00,24-07-14,28.173942833333335°„N,104.8137925°„E,648.3,0.040,
13:01:02.00,24-07-14,28.173942833333335°„N,104.81379233333334°„E,648.3,0.027,
13:01:03.00,24-07-14,28.173942833333335°„N,104.81379233333334°„E,648.3,0.019,
13:01:04.00,24-07-14,28.173942833333335°„N,104.81379216666667°„E,648.3,0.019,
13:01:05.00,24-07-14,28.173942833333335°„N,104.813792°„E,648.3,0.022,
13:01:06.00,24-07-14,28.173942833333335°„N,104.813792°„E,648.3,0.016,
13:01:07.00,24-07-14,28.173943°„N,104.81379183333334°„E,648.3,0.023,
13:01:08.00,24-07-14,28.173943°„N,104.81379183333334°„E,648.3,0.028,
13:01:09.00,24-07-14,28.173943166666668°„N,104.81379166666666°„E,648.3,0.034,
13:01:10.00,24-07-14,28.173943166666668°„N,104.81379166666666°„E,648.3,0.026,
13:01:11.00,24-07-14,28.173943166666668°„N,104.8137915°„E,648.4,0.037,
13:01:12.00,24-07-14,28.173943166666668°„N,104.81379133333333°„E,648.4,0.009,
13:01:13.00,24-07-14,28.173943°„N,104.81379116666666°„E,648.4,0.054,
13:01:14.00,24-07-14,28.173942833333335°„N,104.813791°„E,648.5,0.033,
13:01:15.00,24-07-14,28.173942666666665°„N,104.81379083333333°„E,648.5,0.060,
13:01:16.00,24-07-14,28.1739425°„N,104.8137905°„E,648.5,0.043,
13:01:17.00,24-07-14,28.1739425°„N,104.81379033333333°„E,648.5,0.020,
13:01:18.00,24-07-14,28.173942333333333°„N,104.81379016666666°„E,648.5,0.014,
13:01:19.00,24-07-14,28.173942333333333°„N,104.81379016666666°„E,648.4,0.053,
13:01:20.00,24-07-14,28.173942333333333°„N,104.81379°„E,648.4,0.015,
13:01:21.00,24-07-14,28.173942166666667°„N,104.81379°„E,648.4,0.042,
13:01:22.00,24-07-14,28.173942°„N,104.81379°„E,648.5,0.023,
13:01:23.00,24-07-14,28.173942°„N,104.81379°„E,648.4,0.037,
13:01:24.00,24-07-14,28.173941833333334°„N,104.81379°„E,648.4,0.013,
13:01:25.00,24-07-14,28.173941833333334°„N,104.81378983333333°„E,648.4,0.043,
13:01:26.00,24-07-14,28.173941666666668°„N,104.81378983333333°„E,648.4,0.022,
13:01:27.00,24-07-14,28.1739415°„N,104.81378983333333°„E,648.4,0.027,
13:01:28.00,24-07-14,28.17394133333333°„N,104.81378983333333°„E,648.4,0.052,
13:01:29.00,24-07-14,28.173941166666665°„N,104.81378983333333°„E,648.4,0.018,
13:01:30.00,24-07-14,28.173941°„N,104.81379°„E,648.3,0.066,
13:01:31.00,24-07-14,28.173940833333333°„N,104.81379016666666°„E,648.4,0.016,
13:01:32.00,24-07-14,28.173940666666667°„N,104.81379033333333°„E,648.4,0.010,
13:01:33.00,24-07-14,28.1739405°„N,104.8137905°„E,648.4,0.017,
13:01:34.00,24-07-14,28.173940166666668°„N,104.81379066666666°„E,648.4,0.001,
13:01:35.00,24-07-14,28.173940166666668°„N,104.81379066666666°„E,648.4,0.041,
13:01:36.00,24-07-14,28.173939833333332°„N,104.81379083333333°„E,648.5,0.023,
13:01:37.00,24-07-14,28.1739395°„N,104.81379083333333°„E,648.5,0.031,
13:01:38.00,24-07-14,28.173939166666667°„N,104.81379083333333°„E,648.6,0.025,
13:01:39.00,24-07-14,28.173939°„N,104.81379083333333°„E,648.7,0.034,
13:01:40.00,24-07-14,28.17393866666667°„N,104.813791°„E,648.7,0.028,
13:01:41.00,24-07-14,28.173938333333332°„N,104.813791°„E,648.8,0.036,
13:01:42.00,24-07-14,28.173938166666666°„N,104.81379116666666°„E,648.8,0.006,
13:01:43.00,24-07-14,28.173938°„N,104.81379133333333°„E,648.9,0.027,
13:01:44.00,24-07-14,28.173937833333333°„N,104.81379133333333°„E,648.9,0.006,
13:01:45.00,24-07-14,28.173937666666667°„N,104.8137915°„E,649.0,0.031,
13:01:46.00,24-07-14,28.173937666666667°„N,104.81379166666666°„E,649.0,0.035,
13:01:47.00,24-07-14,28.173937666666667°„N,104.81379166666666°„E,649.0,0.046,
13:01:48.00,24-07-14,28.173937666666667°„N,104.81379183333334°„E,649.0,0.013,
13:01:49.00,24-07-14,28.1739375°„N,104.813792°„E,649.0,0.004,
13:01:50.00,24-07-14,28.1739375°„N,104.81379216666667°„E,649.1,0.014,
13:01:51.00,24-07-14,28.1739375°„N,104.81379216666667°„E,649.1,0.037,
13:01:52.00,24-07-14,28.173937333333335°„N,104.81379233333334°„E,649.2,0.022,
13:01:53.00,24-07-14,28.173937333333335°„N,104.81379233333334°„E,649.2,0.026,
13:01:54.00,24-07-14,28.173937333333335°„N,104.8137925°„E,649.2,0.013,
13:01:55.00,24-07-14,28.173937166666665°„N,104.81379266666667°„E,649.3,0.032,
13:01:56.00,24-07-14,28.173937333333335°„N,104.81379266666667°„E,649.3,0.039,
13:01:57.00,24-07-14,28.173937333333335°„N,104.81379266666667°„E,649.3,0.019,
13:01:58.00,24-07-14,28.1739375°„N,104.81379266666667°„E,649.3,0.039,
13:01:59.00,24-07-14,28.173937666666667°„N,104.81379266666667°„E,649.3,0.060,
13:02:00.00,24-07-14,28.173937833333333°„N,104.81379266666667°„E,649.3,0.018,
13:02:01.00,24-07-14,28.173938°„N,104.81379266666667°„E,649.3,0.024,
13:02:02.00,24-07-14,28.173938°„N,104.81379283333334°„E,649.3,0.044,
13:02:03.00,24-07-14,28.173937833333333°„N,104.81379283333334°„E,649.3,0.034,
13:02:04.00,24-07-14,28.173937666666667°„N,104.81379283333334°„E,649.4,0.032,
13:02:05.00,24-07-14,28.173937666666667°„N,104.813793°„E,649.4,0.017,
13:02:06.00,24-07-14,28.1739375°„N,104.81379316666667°„E,649.5,0.035,
13:02:07.00,24-07-14,28.173937333333335°„N,104.8137935°„E,649.5,0.023,
13:02:08.00,24-07-14,28.173937166666665°„N,104.81379366666667°„E,649.6,0.051,
13:02:09.00,24-07-14,28.173937166666665°„N,104.81379383333334°„E,649.7,0.064,
13:02:10.00,24-07-14,28.173937166666665°„N,104.813794°„E,649.7,0.037,
13:02:11.00,24-07-14,28.173937166666665°„N,104.81379416666667°„E,649.7,0.015,
13:02:12.00,24-07-14,28.173937166666665°„N,104.81379416666667°„E,649.7,0.034,
13:02:13.00,24-07-14,28.173937166666665°„N,104.81379416666667°„E,649.7,0.045,
13:02:14.00,24-07-14,28.173937166666665°„N,104.81379416666667°„E,649.7,0.047,
13:02:15.00,24-07-14,28.173937166666665°„N,104.813794°„E,649.7,0.045,
13:02:16.00,24-07-14,28.173937166666665°„N,104.813794°„E,649.7,0.033,
13:02:17.00,24-07-14,28.173937333333335°„N,104.81379383333334°„E,649.7,0.012,
13:02:18.00,24-07-14,28.173937333333335°„N,104.81379383333334°„E,649.7,0.018,
13:02:19.00,24-07-14,28.1739375°„N,104.813794°„E,649.7,0.025,
13:02:20.00,24-07-14,28.173937666666667°„N,104.813794°„E,649.7,0.068,
13:02:21.00,24-07-14,28.173937666666667°„N,104.813794°„E,649.6,0.046,
13:02:22.00,24-07-14,28.173937833333333°„N,104.813794°„E,649.6,0.035,
13:02:23.00,24-07-14,28.173938°„N,104.81379416666667°„E,649.6,0.046,
13:02:24.00,24-07-14,28.173938166666666°„N,104.81379416666667°„E,649.6,0.064,
13:02:25.00,24-07-14,28.173938166666666°„N,104.813794°„E,649.6,0.031,
13:02:26.00,24-07-14,28.173938333333332°„N,104.813794°„E,649.6,0.024,
13:02:27.00,24-07-14,28.173938333333332°„N,104.813794°„E,649.6,0.037,
13:02:28.00,24-07-14,28.173938333333332°„N,104.813794°„E,649.6,0.039,
13:02:29.00,24-07-14,28.173938166666666°„N,104.813794°„E,649.6,0.013,
13:02:30.00,24-07-14,28.173938166666666°„N,104.813794°„E,649.6,0.012,
13:02:31.00,24-07-14,28.173938166666666°„N,104.813794°„E,649.6,0.017,
13:02:32.00,24-07-14,28.173938°„N,104.813794°„E,649.6,0.008,
13:02:33.00,24-07-14,28.173938°„N,104.813794°„E,649.6,0.027,
13:02:34.00,24-07-14,28.173938°„N,104.81379416666667°„E,649.6,0.011,
13:02:35.00,24-07-14,28.173938166666666°„N,104.81379416666667°„E,649.6,0.032,
13:02:36.00,24-07-14,28.173938166666666°„N,104.81379416666667°„E,649.6,0.014,
13:02:37.00,24-07-14,28.173938166666666°„N,104.81379416666667°„E,649.6,0.017,
13:02:38.00,24-07-14,28.173938166666666°„N,104.81379433333333°„E,649.6,0.018,
13:02:39.00,24-07-14,28.173938333333332°„N,104.81379433333333°„E,649.6,0.026,
13:02:40.00,24-07-14,28.173938333333332°„N,104.8137945°„E,649.6,0.045,
13:02:41.00,24-07-14,28.173938333333332°„N,104.81379466666667°„E,649.6,0.009,
13:02:42.00,24-07-14,28.173938333333332°„N,104.81379466666667°„E,649.6,0.035,
13:02:43.00,24-07-14,28.173938166666666°„N,104.81379483333333°„E,649.6,0.034,
13:02:44.00,24-07-14,28.173938166666666°„N,104.81379483333333°„E,649.6,0.013,
13:02:45.00,24-07-14,28.173938166666666°„N,104.813795°„E,649.6,0.026,
13:02:46.00,24-07-14,28.173938166666666°„N,104.813795°„E,649.6,0.041,
13:02:47.00,24-07-14,28.173938166666666°„N,104.81379516666667°„E,649.6,0.042,
13:02:48.00,24-07-14,28.173938°„N,104.81379533333333°„E,649.7,0.057,
13:02:49.00,24-07-14,28.173938°„N,104.81379533333333°„E,649.7,0.036,
13:02:50.00,24-07-14,28.173937833333333°„N,104.81379516666667°„E,649.7,0.042,
13:02:51.00,24-07-14,28.173937833333333°„N,104.81379516666667°„E,649.7,0.032,
13:02:52.00,24-07-14,28.173937666666667°„N,104.81379516666667°„E,649.7,0.013,
13:02:53.00,24-07-14,28.173937666666667°„N,104.81379516666667°„E,649.8,0.029,
13:02:54.00,24-07-14,28.1739375°„N,104.81379533333333°„E,649.8,0.029,
13:02:55.00,24-07-14,28.1739375°„N,104.81379533333333°„E,649.8,0.026,
13:02:56.00,24-07-14,28.173937666666667°„N,104.8137955°„E,649.9,0.047,
13:02:57.00,24-07-14,28.173937666666667°„N,104.8137955°„E,649.9,0.023,
13:02:58.00,24-07-14,28.173937666666667°„N,104.8137955°„E,649.9,0.027,
13:02:59.00,24-07-14,28.173937833333333°„N,104.81379566666666°„E,650.0,0.043,
13:03:00.00,24-07-14,28.173937833333333°„N,104.81379566666666°„E,650.0,0.040,
13:03:01.00,24-07-14,28.173937833333333°„N,104.8137955°„E,650.0,0.061,
13:03:02.00,24-07-14,28.173937833333333°„N,104.8137955°„E,650.1,0.038,
13:03:03.00,24-07-14,28.173937833333333°„N,104.8137955°„E,650.1,0.034,
13:03:04.00,24-07-14,28.173938°„N,104.81379533333333°„E,650.2,0.026,
13:03:05.00,24-07-14,28.173937833333333°„N,104.81379516666667°„E,650.2,0.039,
13:03:06.00,24-07-14,28.173938°„N,104.81379516666667°„E,650.3,0.015,
13:03:07.00,24-07-14,28.173938°„N,104.813795°„E,650.3,0.043,
13:03:08.00,24-07-14,28.173938166666666°„N,104.813795°„E,650.4,0.029,
13:03:09.00,24-07-14,28.173938333333332°„N,104.81379466666667°„E,650.4,0.035,
13:03:10.00,24-07-14,28.1739385°„N,104.8137945°„E,650.4,0.034,
13:03:11.00,24-07-14,28.17393866666667°„N,104.8137945°„E,650.5,0.049,
13:03:12.00,24-07-14,28.173938833333334°„N,104.81379416666667°„E,650.5,0.024,
13:03:13.00,24-07-14,28.173939°„N,104.813794°„E,650.5,0.042,
13:03:14.00,24-07-14,28.173939166666667°„N,104.81379383333334°„E,650.5,0.037,
13:03:15.00,24-07-14,28.173939333333333°„N,104.8137935°„E,650.5,0.055,
13:03:16.00,24-07-14,28.173939333333333°„N,104.81379333333334°„E,650.5,0.043,
13:03:17.00,24-07-14,28.1739395°„N,104.813793°„E,650.6,0.041,
13:03:18.00,24-07-14,28.173939666666666°„N,104.81379283333334°„E,650.6,0.016,
13:03:19.00,24-07-14,28.173939833333332°„N,104.81379266666667°„E,650.6,0.036,
13:03:20.00,24-07-14,28.17394°„N,104.8137925°„E,650.6,0.039,
13:03:21.00,24-07-14,28.173940166666668°„N,104.81379233333334°„E,650.6,0.059,
13:03:22.00,24-07-14,28.173940333333334°„N,104.81379233333334°„E,650.6,0.036,
13:03:23.00,24-07-14,28.1739405°„N,104.81379216666667°„E,650.7,0.018,
13:03:24.00,24-07-14,28.1739405°„N,104.813792°„E,650.7,0.061,
13:03:25.00,24-07-14,28.173940666666667°„N,104.81379166666666°„E,650.7,0.064,
13:03:26.00,24-07-14,28.173940833333333°„N,104.8137915°„E,650.7,0.055,
13:03:27.00,24-07-14,28.173941°„N,104.81379116666666°„E,650.7,0.065,
13:03:28.00,24-07-14,28.173941°„N,104.81379083333333°„E,650.7,0.047,
13:03:29.00,24-07-14,28.17394133333333°„N,104.81379066666666°„E,650.7,0.031,
13:03:30.00,24-07-14,28.1739415°„N,104.81379033333333°„E,650.7,0.009,
13:03:31.00,24-07-14,28.173941833333334°„N,104.81379016666666°„E,650.7,0.043,
13:03:32.00,24-07-14,28.173942166666667°„N,104.81378983333333°„E,650.6,0.034,
13:03:33.00,24-07-14,28.173942333333333°„N,104.81378966666666°„E,650.6,0.018,
13:03:34.00,24-07-14,28.173942666666665°„N,104.81378933333333°„E,650.6,0.024,
13:03:35.00,24-07-14,28.173942833333335°„N,104.813789°„E,650.6,0.044,
13:03:36.00,24-07-14,28.173943°„N,104.81378866666667°„E,650.6,0.040,
13:03:37.00,24-07-14,28.173943°„N,104.81378816666667°„E,650.5,0.053,
13:03:38.00,24-07-14,28.173943166666668°„N,104.81378766666667°„E,650.5,0.065,
13:03:39.00,24-07-14,28.173943166666668°„N,104.81378716666667°„E,650.5,0.059,
13:03:40.00,24-07-14,28.173943166666668°„N,104.81378666666667°„E,650.5,0.043,
13:03:41.00,24-07-14,28.173943166666668°„N,104.81378633333334°„E,650.5,0.036,
13:03:42.00,24-07-14,28.173943°„N,104.81378583333333°„E,650.5,0.058,
13:03:43.00,24-07-14,28.173943°„N,104.81378566666666°„E,650.5,0.049,
13:03:44.00,24-07-14,28.173943°„N,104.81378533333333°„E,650.5,0.020,
13:03:45.00,24-07-14,28.173943°„N,104.81378516666666°„E,650.5,0.039,
13:03:46.00,24-07-14,28.173943°„N,104.81378483333333°„E,650.5,0.025,
13:03:47.00,24-07-14,28.173943°„N,104.8137845°„E,650.4,0.036,
13:03:48.00,24-07-14,28.173943°„N,104.81378416666666°„E,650.4,0.040,
13:03:49.00,24-07-14,28.173943°„N,104.81378383333333°„E,650.4,0.044,
13:03:50.00,24-07-14,28.173943°„N,104.8137835°„E,650.3,0.021,
13:03:51.00,24-07-14,28.173943°„N,104.81378316666667°„E,650.2,0.055,
13:03:52.00,24-07-14,28.173943°„N,104.81378266666667°„E,650.2,0.019,
13:03:53.00,24-07-14,28.173942833333335°„N,104.81378233333334°„E,650.2,0.014,
13:03:54.00,24-07-14,28.173942833333335°„N,104.813782°„E,650.1,0.023,
13:03:55.00,24-07-14,28.173942833333335°„N,104.81378166666667°„E,650.1,0.008,
13:03:56.00,24-07-14,28.173942833333335°„N,104.81378133333334°„E,650.1,0.011,
13:03:57.00,24-07-14,28.173942833333335°„N,104.813781°„E,650.1,0.008,
13:03:58.00,24-07-14,28.173942666666665°„N,104.81378066666667°„E,650.0,0.015,
13:03:59.00,24-07-14,28.173942666666665°„N,104.81378033333333°„E,650.0,0.021,
13:04:00.00,24-07-14,28.1739425°„N,104.81378016666666°„E,650.0,0.022,
13:04:01.00,24-07-14,28.173942333333333°„N,104.81378°„E,650.0,0.023,
13:04:02.00,24-07-14,28.173942166666667°„N,104.81377983333333°„E,650.0,0.011,
13:04:03.00,24-07-14,28.173942166666667°„N,104.81377966666666°„E,650.0,0.006,
13:04:04.00,24-07-14,28.173942°„N,104.81377966666666°„E,650.1,0.028,
13:04:05.00,24-07-14,28.173941833333334°„N,104.81377966666666°„E,650.1,0.005,
13:04:06.00,24-07-14,28.173941833333334°„N,104.81377966666666°„E,650.1,0.021,
13:04:07.00,24-07-14,28.173941666666668°„N,104.81377983333333°„E,650.1,0.017,
13:04:08.00,24-07-14,28.1739415°„N,104.81377983333333°„E,650.2,0.029,
13:04:09.00,24-07-14,28.17394133333333°„N,104.81378°„E,650.2,0.015,
13:04:10.00,24-07-14,28.173941166666665°„N,104.81378°„E,650.2,0.026,
13:04:11.00,24-07-14,28.173940833333333°„N,104.81378016666666°„E,650.3,0.028,
13:04:12.00,24-07-14,28.173940666666667°„N,104.81378016666666°„E,650.4,0.002,
13:04:13.00,24-07-14,28.173940666666667°„N,104.81378016666666°„E,650.4,0.030,
13:04:14.00,24-07-14,28.1739405°„N,104.81378016666666°„E,650.4,0.015,
13:04:15.00,24-07-14,28.1739405°„N,104.81378016666666°„E,650.4,0.008,
13:04:16.00,24-07-14,28.1739405°„N,104.81378016666666°„E,650.5,0.026,
13:04:17.00,24-07-14,28.1739405°„N,104.81378°„E,650.5,0.018,
13:04:18.00,24-07-14,28.1739405°„N,104.81378016666666°„E,650.5,0.042,
13:04:19.00,24-07-14,28.173940666666667°„N,104.81378016666666°„E,650.5,0.023,
13:04:20.00,24-07-14,28.173940833333333°„N,104.81378°„E,650.4,0.013,
13:04:21.00,24-07-14,28.173941°„N,104.81378°„E,650.4,0.005,
13:04:22.00,24-07-14,28.17394133333333°„N,104.81378°„E,650.4,0.023,
13:04:23.00,24-07-14,28.1739415°„N,104.81378°„E,650.4,0.017,
13:04:24.00,24-07-14,28.173941666666668°„N,104.81378°„E,650.3,0.031,
13:04:25.00,24-07-14,28.173941833333334°„N,104.81378°„E,650.3,0.026,
13:04:26.00,24-07-14,28.173942°„N,104.81378°„E,650.3,0.027,
13:04:27.00,24-07-14,28.173942166666667°„N,104.81378016666666°„E,650.2,0.035,
13:04:28.00,24-07-14,28.1739425°„N,104.81378016666666°„E,650.2,0.029,
13:04:29.00,24-07-14,28.1739425°„N,104.81378016666666°„E,650.2,0.024,
13:04:30.00,24-07-14,28.173942666666665°„N,104.81378016666666°„E,650.1,0.044,
13:04:31.00,24-07-14,28.173942833333335°„N,104.81378033333333°„E,650.1,0.027,
13:04:32.00,24-07-14,28.173943°„N,104.81378016666666°„E,650.1,0.009,
13:04:33.00,24-07-14,28.173943166666668°„N,104.81378016666666°„E,650.0,0.018,
13:04:34.00,24-07-14,28.173943333333334°„N,104.81378016666666°„E,650.0,0.027,
13:04:35.00,24-07-14,28.173943333333334°„N,104.81378016666666°„E,650.0,0.027,
13:04:36.00,24-07-14,28.1739435°„N,104.81378°„E,649.9,0.040,
13:04:37.00,24-07-14,28.1739435°„N,104.81377983333333°„E,649.9,0.038,
13:04:38.00,24-07-14,28.1739435°„N,104.81377983333333°„E,649.9,0.009,
13:04:39.00,24-07-14,28.173943666666666°„N,104.81377983333333°„E,649.9,0.018,
13:04:40.00,24-07-14,28.173943666666666°„N,104.81377983333333°„E,649.9,0.011,
13:04:41.00,24-07-14,28.173943833333333°„N,104.81377983333333°„E,649.9,0.033,
13:04:42.00,24-07-14,28.173944°„N,104.81378°„E,649.8,0.039,
13:04:43.00,24-07-14,28.173944166666665°„N,104.81378016666666°„E,649.8,0.038,
13:04:44.00,24-07-14,28.173944166666665°„N,104.81378016666666°„E,649.8,0.005,
13:04:45.00,24-07-14,28.173944166666665°„N,104.81378033333333°„E,649.8,0.003,
13:04:46.00,24-07-14,28.173944°„N,104.81378033333333°„E,649.8,0.024,
13:04:47.00,24-07-14,28.173944°„N,104.81378050000001°„E,649.8,0.017,
13:04:48.00,24-07-14,28.173943833333333°„N,104.81378050000001°„E,649.8,0.031,
13:04:49.00,24-07-14,28.173943833333333°„N,104.81378033333333°„E,649.8,0.020,
13:04:50.00,24-07-14,28.173943666666666°„N,104.81378033333333°„E,649.8,0.020,
13:04:51.00,24-07-14,28.173943666666666°„N,104.81378016666666°„E,649.7,0.016,
13:04:52.00,24-07-14,28.1739435°„N,104.81378°„E,649.7,0.036,
13:04:53.00,24-07-14,28.173943333333334°„N,104.81377983333333°„E,649.7,0.021,
13:04:54.00,24-07-14,28.173943333333334°„N,104.81377983333333°„E,649.7,0.058,
13:04:55.00,24-07-14,28.173943166666668°„N,104.81377983333333°„E,649.7,0.025,
13:04:56.00,24-07-14,28.173943°„N,104.81377983333333°„E,649.7,0.030,
13:04:57.00,24-07-14,28.173942833333335°„N,104.81378°„E,649.7,0.024,
13:04:58.00,24-07-14,28.173942666666665°„N,104.81378016666666°„E,649.7,0.029,
13:04:59.00,24-07-14,28.1739425°„N,104.81378033333333°„E,649.7,0.025,
13:05:00.00,24-07-14,28.173942166666667°„N,104.81378033333333°„E,649.7,0.050,
13:05:01.00,24-07-14,28.173941833333334°„N,104.81378050000001°„E,649.8,0.025,
13:05:02.00,24-07-14,28.173941666666668°„N,104.81378066666667°„E,649.8,0.025,
13:05:03.00,24-07-14,28.17394133333333°„N,104.813781°„E,649.8,0.034,
13:05:04.00,24-07-14,28.173941166666665°„N,104.81378116666667°„E,649.9,0.024,
13:05:05.00,24-07-14,28.173940833333333°„N,104.81378133333334°„E,649.9,0.022,
13:05:06.00,24-07-14,28.173940666666667°„N,104.81378166666667°„E,650.0,0.020,
13:05:07.00,24-07-14,28.173940333333334°„N,104.813782°„E,650.0,0.025,
13:05:08.00,24-07-14,28.17394°„N,104.81378233333334°„E,650.1,0.022,
13:05:09.00,24-07-14,28.173939666666666°„N,104.81378283333333°„E,650.1,0.033,
13:05:10.00,24-07-14,28.1739395°„N,104.81378316666667°„E,650.2,0.024,
13:05:11.00,24-07-14,28.173939166666667°„N,104.81378366666667°„E,650.3,0.029,
13:05:12.00,24-07-14,28.173938833333334°„N,104.813784°„E,650.4,0.027,
13:05:13.00,24-07-14,28.17393866666667°„N,104.81378433333333°„E,650.4,0.013,
13:05:14.00,24-07-14,28.173938333333332°„N,104.81378483333333°„E,650.5,0.026,
13:05:15.00,24-07-14,28.173938166666666°„N,104.81378516666666°„E,650.6,0.037,
13:05:16.00,24-07-14,28.173938166666666°„N,104.8137855°„E,650.7,0.035,
13:05:17.00,24-07-14,28.173938°„N,104.81378583333333°„E,650.8,0.051,
13:05:18.00,24-07-14,28.173938°„N,104.81378633333334°„E,650.9,0.027,
13:05:19.00,24-07-14,28.173938°„N,104.81378666666667°„E,651.0,0.030,
13:05:20.00,24-07-14,28.173938°„N,104.81378733333334°„E,651.0,0.023,
13:05:21.00,24-07-14,28.173938166666666°„N,104.81378783333334°„E,651.0,0.034,
13:05:22.00,24-07-14,28.173938333333332°„N,104.81378833333333°„E,651.0,0.063,
13:05:23.00,24-07-14,28.1739385°„N,104.81378883333333°„E,651.0,0.042,
13:05:24.00,24-07-14,28.17393866666667°„N,104.81378933333333°„E,651.1,0.017,
13:05:25.00,24-07-14,28.173938833333334°„N,104.81378983333333°„E,651.1,0.016,
13:05:26.00,24-07-14,28.173939°„N,104.81379033333333°„E,651.2,0.019,
13:05:27.00,24-07-14,28.173939166666667°„N,104.81379066666666°„E,651.2,0.025,
13:05:28.00,24-07-14,28.173939333333333°„N,104.813791°„E,651.3,0.033,
13:05:29.00,24-07-14,28.1739395°„N,104.81379133333333°„E,651.3,0.023,
13:05:30.00,24-07-14,28.173939666666666°„N,104.81379166666666°„E,651.4,0.019,
13:05:31.00,24-07-14,28.173939833333332°„N,104.81379183333334°„E,651.4,0.038,
13:05:32.00,24-07-14,28.173940166666668°„N,104.81379216666667°„E,651.5,0.009,
13:05:33.00,24-07-14,28.1739405°„N,104.8137925°„E,651.5,0.004,
13:05:34.00,24-07-14,28.173940833333333°„N,104.81379283333334°„E,651.6,0.010,
13:05:35.00,24-07-14,28.17394133333333°„N,104.81379316666667°„E,651.6,0.018,
13:05:36.00,24-07-14,28.173941666666668°„N,104.8137935°„E,651.7,0.031,
13:05:37.00,24-07-14,28.173942°„N,104.81379383333334°„E,651.7,0.023,
13:05:38.00,24-07-14,28.173942333333333°„N,104.813794°„E,651.7,0.010,
13:05:39.00,24-07-14,28.173942833333335°„N,104.81379433333333°„E,651.7,0.026,
13:05:40.00,24-07-14,28.173943166666668°„N,104.81379466666667°„E,651.8,0.003,
13:05:41.00,24-07-14,28.173943333333334°„N,104.81379483333333°„E,651.8,0.030,
13:05:42.00,24-07-14,28.173943666666666°„N,104.81379516666667°„E,651.8,0.018,
13:05:43.00,24-07-14,28.173944°„N,104.8137955°„E,651.8,0.009,
13:05:44.00,24-07-14,28.173944166666665°„N,104.81379566666666°„E,651.8,0.019,
13:05:45.00,24-07-14,28.173944333333335°„N,104.813796°„E,651.8,0.023,
13:05:46.00,24-07-14,28.1739445°„N,104.81379633333333°„E,651.8,0.015,
13:05:47.00,24-07-14,28.173944666666667°„N,104.81379666666666°„E,651.8,0.065,
13:05:48.00,24-07-14,28.173944833333334°„N,104.813797°„E,651.8,0.025,
13:05:49.00,24-07-14,28.173945166666666°„N,104.81379716666666°„E,651.7,0.039,
13:05:50.00,24-07-14,28.173945333333332°„N,104.81379733333333°„E,651.7,0.032,
13:05:51.00,24-07-14,28.1739455°„N,104.8137975°„E,651.6,0.043,
13:05:52.00,24-07-14,28.17394566666667°„N,104.81379766666667°„E,651.5,0.011,
13:05:53.00,24-07-14,28.173945833333335°„N,104.81379783333334°„E,651.4,0.038,
13:05:54.00,24-07-14,28.173946°„N,104.813798°„E,651.4,0.055,
13:05:55.00,24-07-14,28.173946166666667°„N,104.81379816666667°„E,651.3,0.029,
13:05:56.00,24-07-14,28.173946333333333°„N,104.81379833333334°„E,651.2,0.020,
13:05:57.00,24-07-14,28.1739465°„N,104.8137985°„E,651.2,0.033,
13:05:58.00,24-07-14,28.173946833333332°„N,104.81379866666667°„E,651.1,0.067,
13:05:59.00,24-07-14,28.173947°„N,104.81379866666667°„E,651.0,0.064,
13:06:00.00,24-07-14,28.173947°„N,104.81379866666667°„E,650.9,0.028,
13:06:01.00,24-07-14,28.173947°„N,104.81379866666667°„E,650.9,0.034,
13:06:02.00,24-07-14,28.173947°„N,104.81379866666667°„E,650.9,0.036,
13:06:03.00,24-07-14,28.173946833333332°„N,104.81379866666667°„E,650.8,0.019,
13:06:04.00,24-07-14,28.173946666666666°„N,104.81379866666667°„E,650.8,0.029,
13:06:05.00,24-07-14,28.173946666666666°„N,104.81379866666667°„E,650.8,0.047,
13:06:06.00,24-07-14,28.1739465°„N,104.81379866666667°„E,650.7,0.018,
13:06:07.00,24-07-14,28.1739465°„N,104.8137985°„E,650.7,0.016,
13:06:08.00,24-07-14,28.1739465°„N,104.8137985°„E,650.6,0.028,
13:06:09.00,24-07-14,28.173946666666666°„N,104.81379833333334°„E,650.6,0.023,
13:06:10.00,24-07-14,28.173946833333332°„N,104.81379816666667°„E,650.6,0.044,
13:06:11.00,24-07-14,28.173947°„N,104.81379783333334°„E,650.5,0.141,
13:06:12.00,24-07-14,28.173947333333334°„N,104.81379766666667°„E,650.4,0.123,
13:06:13.00,24-07-14,28.1739475°„N,104.81379716666666°„E,650.4,0.152,
13:06:14.00,24-07-14,28.173947833333333°„N,104.81379666666666°„E,650.3,0.158,
13:06:15.00,24-07-14,28.173948°„N,104.81379633333333°„E,650.3,0.118,
13:06:16.00,24-07-14,28.173948166666666°„N,104.813796°„E,650.2,0.114,
13:06:17.00,24-07-14,28.173948333333332°„N,104.81379583333333°„E,650.2,0.023,
13:06:18.00,24-07-14,28.173948666666668°„N,104.81379566666666°„E,650.2,0.016,
13:06:19.00,24-07-14,28.173948833333334°„N,104.8137955°„E,650.1,0.033,
13:06:20.00,24-07-14,28.173949°„N,104.8137955°„E,650.1,0.030,
13:06:21.00,24-07-14,28.173949166666667°„N,104.81379533333333°„E,650.1,0.042,
13:06:22.00,24-07-14,28.1739495°„N,104.81379533333333°„E,650.0,0.050,
13:06:23.00,24-07-14,28.17394983333333°„N,104.81379516666667°„E,650.0,0.037,
13:06:24.00,24-07-14,28.17395°„N,104.813795°„E,650.0,0.028,
13:06:25.00,24-07-14,28.173950166666668°„N,104.813795°„E,649.9,0.036,
13:06:26.00,24-07-14,28.173950333333334°„N,104.81379483333333°„E,649.9,0.025,
13:06:27.00,24-07-14,28.1739505°„N,104.81379483333333°„E,649.9,0.019,
13:06:28.00,24-07-14,28.173950666666666°„N,104.813795°„E,649.9,0.044,
13:06:29.00,24-07-14,28.173951°„N,104.813795°„E,649.9,0.011,
13:06:30.00,24-07-14,28.173951166666665°„N,104.813795°„E,649.9,0.016,
13:06:31.00,24-07-14,28.173951333333335°„N,104.813795°„E,649.9,0.024,
13:06:32.00,24-07-14,28.1739515°„N,104.813795°„E,649.9,0.030,
13:06:33.00,24-07-14,28.173951666666667°„N,104.813795°„E,650.0,0.009,
13:06:34.00,24-07-14,28.173951833333334°„N,104.813795°„E,650.0,0.028,
13:06:35.00,24-07-14,28.173951833333334°„N,104.813795°„E,650.1,0.021,
13:06:36.00,24-07-14,28.173952°„N,104.813795°„E,650.1,0.007,
13:06:37.00,24-07-14,28.173952166666666°„N,104.813795°„E,650.1,0.024,
13:06:38.00,24-07-14,28.173952°„N,104.81379533333333°„E,650.2,0.040,
13:06:39.00,24-07-14,28.173951833333334°„N,104.81379566666666°„E,650.3,0.039,
13:06:40.00,24-07-14,28.1739515°„N,104.81379583333333°„E,650.3,0.038,
13:06:41.00,24-07-14,28.173951333333335°„N,104.813796°„E,650.4,0.027,
13:06:42.00,24-07-14,28.173951166666665°„N,104.81379633333333°„E,650.5,0.028,
13:06:43.00,24-07-14,28.173951333333335°„N,104.8137965°„E,650.5,0.076,
13:06:44.00,24-07-14,28.1739515°„N,104.81379666666666°„E,650.6,0.072,
13:06:45.00,24-07-14,28.1739515°„N,104.813797°„E,650.6,0.036,
13:06:46.00,24-07-14,28.173951666666667°„N,104.81379733333333°„E,650.7,0.045,
13:06:47.00,24-07-14,28.1739515°„N,104.81379766666667°„E,650.7,0.048,
13:06:48.00,24-07-14,28.173951333333335°„N,104.813798°„E,650.8,0.027,
13:06:49.00,24-07-14,28.173951°„N,104.81379816666667°„E,650.9,0.024,
13:06:50.00,24-07-14,28.173950833333333°„N,104.8137985°„E,651.0,0.023,
13:06:51.00,24-07-14,28.173950666666666°„N,104.81379866666667°„E,651.1,0.030,
13:06:52.00,24-07-14,28.173950333333334°„N,104.813799°„E,651.2,0.061,
13:06:53.00,24-07-14,28.173950166666668°„N,104.81379933333334°„E,651.3,0.054,
13:06:54.00,24-07-14,28.17395°„N,104.8137995°„E,651.4,0.023,
13:06:55.00,24-07-14,28.17394983333333°„N,104.81379966666667°„E,651.4,0.043,
13:06:56.00,24-07-14,28.17394983333333°„N,104.81379983333333°„E,651.5,0.018,
13:06:57.00,24-07-14,28.173949666666665°„N,104.8138°„E,651.6,0.022,
13:06:58.00,24-07-14,28.173949666666665°„N,104.81380016666667°„E,651.6,0.066,
13:06:59.00,24-07-14,28.173949666666665°„N,104.81380033333333°„E,651.7,0.030,
13:07:00.00,24-07-14,28.1739495°„N,104.81380033333333°„E,651.7,0.027,
13:07:01.00,24-07-14,28.173949333333333°„N,104.8138005°„E,651.7,0.049,
13:07:02.00,24-07-14,28.173949166666667°„N,104.81380066666667°„E,651.8,0.025,
13:07:03.00,24-07-14,28.173949°„N,104.81380083333333°„E,651.8,0.051,
13:07:04.00,24-07-14,28.173949°„N,104.81380116666666°„E,651.8,0.060,
13:07:05.00,24-07-14,28.173949°„N,104.81380116666666°„E,651.8,0.016,
13:07:06.00,24-07-14,28.173949°„N,104.81380116666666°„E,651.8,0.033,
13:07:07.00,24-07-14,28.173949166666667°„N,104.81380116666666°„E,651.7,0.057,
13:07:08.00,24-07-14,28.173949166666667°„N,104.81380116666666°„E,651.7,0.019,
13:07:09.00,24-07-14,28.173949166666667°„N,104.81380116666666°„E,651.6,0.041,
13:07:10.00,24-07-14,28.173949166666667°„N,104.81380116666666°„E,651.6,0.063,
13:07:11.00,24-07-14,28.173949166666667°„N,104.81380133333333°„E,651.5,0.049,
13:07:12.00,24-07-14,28.173949°„N,104.81380133333333°„E,651.4,0.022,
13:07:13.00,24-07-14,28.173949°„N,104.81380133333333°„E,651.4,0.004,
13:07:14.00,24-07-14,28.173948833333334°„N,104.81380133333333°„E,651.3,0.008,
13:07:15.00,24-07-14,28.173948666666668°„N,104.81380133333333°„E,651.2,0.051,
13:07:16.00,24-07-14,28.173948333333332°„N,104.81380133333333°„E,651.2,0.055,
13:07:17.00,24-07-14,28.173948333333332°„N,104.81380133333333°„E,651.2,0.035,
13:07:18.00,24-07-14,28.173948166666666°„N,104.81380133333333°„E,651.1,0.063,
13:07:19.00,24-07-14,28.173948166666666°„N,104.81380116666666°„E,651.0,0.057,
13:07:20.00,24-07-14,28.173948166666666°„N,104.813801°„E,650.9,0.064,
13:07:21.00,24-07-14,28.173948°„N,104.81380083333333°„E,650.8,0.048,
13:07:22.00,24-07-14,28.173948°„N,104.81380066666667°„E,650.8,0.050,
13:07:23.00,24-07-14,28.173947833333333°„N,104.8138005°„E,650.7,0.016,
13:07:24.00,24-07-14,28.173947666666667°„N,104.8138005°„E,650.6,0.054,
13:07:25.00,24-07-14,28.1739475°„N,104.81380033333333°„E,650.5,0.049,
13:07:26.00,24-07-14,28.173947333333334°„N,104.81380033333333°„E,650.5,0.052,
13:07:27.00,24-07-14,28.173947166666668°„N,104.81380016666667°„E,650.4,0.031,
13:07:28.00,24-07-14,28.173947°„N,104.8138°„E,650.3,0.010,
13:07:29.00,24-07-14,28.173947°„N,104.81379983333333°„E,650.2,0.043,
13:07:30.00,24-07-14,28.173947°„N,104.81379966666667°„E,650.1,0.031,
13:07:31.00,24-07-14,28.173947166666668°„N,104.81379933333334°„E,650.0,0.040,
13:07:32.00,24-07-14,28.173947166666668°„N,104.81379916666667°„E,649.9,0.072,
13:07:33.00,24-07-14,28.173947333333334°„N,104.81379883333334°„E,649.8,0.047,
13:07:34.00,24-07-14,28.173947333333334°„N,104.81379866666667°„E,649.7,0.070,
13:07:35.00,24-07-14,28.1739475°„N,104.8137985°„E,649.6,0.042,
13:07:36.00,24-07-14,28.1739475°„N,104.81379833333334°„E,649.5,0.016,
13:07:37.00,24-07-14,28.173947333333334°„N,104.81379816666667°„E,649.4,0.038,
13:07:38.00,24-07-14,28.173947166666668°„N,104.81379816666667°„E,649.4,0.051,
13:07:39.00,24-07-14,28.173947166666668°„N,104.813798°„E,649.3,0.053,
13:07:40.00,24-07-14,28.173947166666668°„N,104.81379783333334°„E,649.2,0.050,
13:07:41.00,24-07-14,28.173947166666668°„N,104.81379783333334°„E,649.1,0.018,
13:07:42.00,24-07-14,28.173947166666668°„N,104.81379766666667°„E,649.1,0.040,
13:07:43.00,24-07-14,28.173947333333334°„N,104.81379766666667°„E,649.0,0.069,
13:07:44.00,24-07-14,28.173947666666667°„N,104.81379766666667°„E,648.9,0.073,
13:07:45.00,24-07-14,28.173947833333333°„N,104.8137975°„E,648.8,0.057,
13:07:46.00,24-07-14,28.173948166666666°„N,104.8137975°„E,648.7,0.060,
13:07:47.00,24-07-14,28.173948333333332°„N,104.81379766666667°„E,648.7,0.043,
13:07:48.00,24-07-14,28.173948333333332°„N,104.81379766666667°„E,648.7,0.029,
13:07:49.00,24-07-14,28.173948333333332°„N,104.81379766666667°„E,648.6,0.055,
13:07:50.00,24-07-14,28.173948166666666°„N,104.81379766666667°„E,648.6,0.030,
13:07:51.00,24-07-14,28.173948166666666°„N,104.81379783333334°„E,648.6,0.024,
13:07:52.00,24-07-14,28.173948166666666°„N,104.81379766666667°„E,648.6,0.027,
13:07:53.00,24-07-14,28.173948333333332°„N,104.81379766666667°„E,648.5,0.035,
13:07:54.00,24-07-14,28.173948333333332°„N,104.81379766666667°„E,648.5,0.012,
13:07:55.00,24-07-14,28.1739485°„N,104.8137975°„E,648.5,0.004,
13:07:56.00,24-07-14,28.173948666666668°„N,104.8137975°„E,648.5,0.077,
13:07:57.00,24-07-14,28.173948666666668°„N,104.8137975°„E,648.4,0.063,
13:07:58.00,24-07-14,28.173948833333334°„N,104.8137975°„E,648.5,0.079,
13:07:59.00,24-07-14,28.173948833333334°„N,104.8137975°„E,648.5,0.044,
13:08:00.00,24-07-14,28.173948833333334°„N,104.81379766666667°„E,648.5,0.023,
13:08:01.00,24-07-14,28.173948833333334°„N,104.81379783333334°„E,648.5,0.032,
13:08:02.00,24-07-14,28.173948833333334°„N,104.813798°„E,648.6,0.042,
13:08:03.00,24-07-14,28.173948666666668°„N,104.81379816666667°„E,648.6,0.032,
13:08:04.00,24-07-14,28.1739485°„N,104.81379816666667°„E,648.7,0.066,
13:08:05.00,24-07-14,28.1739485°„N,104.81379816666667°„E,648.7,0.001,
13:08:06.00,24-07-14,28.1739485°„N,104.81379816666667°„E,648.7,0.043,
13:08:07.00,24-07-14,28.1739485°„N,104.81379816666667°„E,648.7,0.023,
13:08:08.00,24-07-14,28.1739485°„N,104.81379816666667°„E,648.8,0.048,
13:08:09.00,24-07-14,28.173948666666668°„N,104.813798°„E,648.8,0.053,
13:08:10.00,24-07-14,28.173948666666668°„N,104.813798°„E,648.8,0.067,
13:08:11.00,24-07-14,28.173948666666668°„N,104.813798°„E,648.9,0.050,
13:08:12.00,24-07-14,28.173948666666668°„N,104.813798°„E,649.0,0.033,
13:08:13.00,24-07-14,28.1739485°„N,104.813798°„E,649.0,0.040,
13:08:14.00,24-07-14,28.173948333333332°„N,104.813798°„E,649.1,0.027,
13:08:15.00,24-07-14,28.173948166666666°„N,104.813798°„E,649.1,0.049,
13:08:16.00,24-07-14,28.173948°„N,104.813798°„E,649.1,0.072,
13:08:17.00,24-07-14,28.173948°„N,104.813798°„E,649.2,0.041,
13:08:18.00,24-07-14,28.173947833333333°„N,104.81379816666667°„E,649.3,0.051,
13:08:19.00,24-07-14,28.173947833333333°„N,104.81379816666667°„E,649.3,0.059,
13:08:20.00,24-07-14,28.173948°„N,104.81379833333334°„E,649.3,0.059,
13:08:21.00,24-07-14,28.173948°„N,104.81379833333334°„E,649.4,0.067,
13:08:22.00,24-07-14,28.173948°„N,104.81379833333334°„E,649.4,0.073,
13:08:23.00,24-07-14,28.173947833333333°„N,104.81379833333334°„E,649.4,0.029,
13:08:24.00,24-07-14,28.173947833333333°„N,104.8137985°„E,649.5,0.035,
13:08:25.00,24-07-14,28.1739475°„N,104.8137985°„E,649.5,0.086,
13:08:26.00,24-07-14,28.173947333333334°„N,104.8137985°„E,649.5,0.068,
13:08:27.00,24-07-14,28.173947°„N,104.8137985°„E,649.5,0.057,
13:08:28.00,24-07-14,28.173946833333332°„N,104.81379833333334°„E,649.5,0.024,
13:08:29.00,24-07-14,28.173946666666666°„N,104.81379816666667°„E,649.5,0.052,
13:08:30.00,24-07-14,28.1739465°„N,104.813798°„E,649.5,0.048,
13:08:31.00,24-07-14,28.1739465°„N,104.81379766666667°„E,649.5,0.054,
13:08:32.00,24-07-14,28.173946333333333°„N,104.8137975°„E,649.5,0.056,
13:08:33.00,24-07-14,28.173946333333333°„N,104.81379733333333°„E,649.5,0.046,
13:08:34.00,24-07-14,28.173946166666667°„N,104.81379733333333°„E,649.5,0.046,
13:08:35.00,24-07-14,28.173946166666667°„N,104.81379733333333°„E,649.5,0.049,
13:08:36.00,24-07-14,28.173946°„N,104.81379733333333°„E,649.6,0.037,
13:08:37.00,24-07-14,28.173945833333335°„N,104.81379716666666°„E,649.6,0.025,
13:08:38.00,24-07-14,28.17394566666667°„N,104.81379716666666°„E,649.6,0.025,
13:08:39.00,24-07-14,28.173945333333332°„N,104.81379716666666°„E,649.7,0.037,
13:08:40.00,24-07-14,28.173945166666666°„N,104.81379716666666°„E,649.7,0.029,
13:08:41.00,24-07-14,28.173945°„N,104.813797°„E,649.7,0.022,
13:08:42.00,24-07-14,28.173945°„N,104.81379683333333°„E,649.7,0.026,
13:08:43.00,24-07-14,28.173944833333334°„N,104.81379683333333°„E,649.7,0.031,
13:08:44.00,24-07-14,28.173944666666667°„N,104.81379666666666°„E,649.7,0.046,
13:08:45.00,24-07-14,28.1739445°„N,104.8137965°„E,649.7,0.048,
13:08:46.00,24-07-14,28.1739445°„N,104.81379633333333°„E,649.7,0.009,
13:08:47.00,24-07-14,28.173944166666665°„N,104.81379633333333°„E,649.7,0.044,
13:08:48.00,24-07-14,28.173944°„N,104.81379633333333°„E,649.8,0.021,
13:08:49.00,24-07-14,28.173943833333333°„N,104.81379616666666°„E,649.8,0.035,
13:08:50.00,24-07-14,28.173943666666666°„N,104.813796°„E,649.8,0.025,
13:08:51.00,24-07-14,28.1739435°„N,104.813796°„E,649.8,0.013,
13:08:52.00,24-07-14,28.173943333333334°„N,104.81379583333333°„E,649.8,0.025,
13:08:53.00,24-07-14,28.173943166666668°„N,104.81379583333333°„E,649.8,0.030,
13:08:54.00,24-07-14,28.173943166666668°„N,104.81379566666666°„E,649.8,0.036,
13:08:55.00,24-07-14,28.173943166666668°„N,104.8137955°„E,649.7,0.034,
13:08:56.00,24-07-14,28.173943166666668°„N,104.8137955°„E,649.7,0.054,
13:08:57.00,24-07-14,28.173943166666668°„N,104.8137955°„E,649.7,0.041,
13:08:58.00,24-07-14,28.173943°„N,104.81379533333333°„E,649.8,0.043,
13:08:59.00,24-07-14,28.173943°„N,104.81379516666667°„E,649.7,0.027,
13:09:00.00,24-07-14,28.173943°„N,104.81379516666667°„E,649.7,0.008,
13:09:01.00,24-07-14,28.173942833333335°„N,104.813795°„E,649.7,0.017,
13:09:02.00,24-07-14,28.173942833333335°„N,104.813795°„E,649.7,0.021,
13:09:03.00,24-07-14,28.173942666666665°„N,104.81379483333333°„E,649.7,0.009,
13:09:04.00,24-07-14,28.1739425°„N,104.81379466666667°„E,649.7,0.021,
13:09:05.00,24-07-14,28.173942333333333°„N,104.81379433333333°„E,649.7,0.023,
13:09:06.00,24-07-14,28.173942333333333°„N,104.81379416666667°„E,649.7,0.023,
13:09:07.00,24-07-14,28.173942166666667°„N,104.813794°„E,649.6,0.045,
13:09:08.00,24-07-14,28.173942166666667°„N,104.81379366666667°„E,649.7,0.048,
13:09:09.00,24-07-14,28.173942°„N,104.8137935°„E,649.7,0.044,
13:09:10.00,24-07-14,28.173941833333334°„N,104.81379333333334°„E,649.7,0.031,
13:09:11.00,24-07-14,28.173941833333334°„N,104.81379333333334°„E,649.7,0.029,
13:09:12.00,24-07-14,28.173941666666668°„N,104.81379316666667°„E,649.7,0.021,
13:09:13.00,24-07-14,28.1739415°„N,104.81379316666667°„E,649.7,0.016,
13:09:14.00,24-07-14,28.17394133333333°„N,104.81379316666667°„E,649.8,0.031,
13:09:15.00,24-07-14,28.17394133333333°„N,104.81379316666667°„E,649.8,0.015,
13:09:16.00,24-07-14,28.17394133333333°„N,104.81379316666667°„E,649.7,0.030,
13:09:17.00,24-07-14,28.173941166666665°„N,104.81379316666667°„E,649.7,0.040,
13:09:18.00,24-07-14,28.173941166666665°„N,104.81379316666667°„E,649.7,0.036,
13:09:19.00,24-07-14,28.173941166666665°„N,104.81379316666667°„E,649.6,0.050,
13:09:20.00,24-07-14,28.17394133333333°„N,104.81379316666667°„E,649.6,0.048,
13:09:21.00,24-07-14,28.1739415°„N,104.81379316666667°„E,649.6,0.061,
13:09:22.00,24-07-14,28.1739415°„N,104.81379316666667°„E,649.5,0.057,
13:09:23.00,24-07-14,28.1739415°„N,104.81379316666667°„E,649.5,0.010,
13:09:24.00,24-07-14,28.1739415°„N,104.81379333333334°„E,649.5,0.046,
13:09:25.00,24-07-14,28.17394133333333°„N,104.81379333333334°„E,649.5,0.039,
13:09:26.00,24-07-14,28.17394133333333°„N,104.81379333333334°„E,649.4,0.062,
13:09:27.00,24-07-14,28.17394133333333°„N,104.81379333333334°„E,649.4,0.082,
13:09:28.00,24-07-14,28.17394133333333°„N,104.81379333333334°„E,649.4,0.033,
13:09:29.00,24-07-14,28.17394133333333°„N,104.81379333333334°„E,649.3,0.019,
13:09:30.00,24-07-14,28.1739415°„N,104.81379316666667°„E,649.2,0.046,
13:09:31.00,24-07-14,28.173941833333334°„N,104.813793°„E,649.2,0.078,
13:09:32.00,24-07-14,28.173942°„N,104.81379283333334°„E,649.1,0.068,
13:09:33.00,24-07-14,28.173942166666667°„N,104.81379266666667°„E,649.0,0.074,
13:09:34.00,24-07-14,28.173942333333333°„N,104.8137925°„E,649.0,0.070,
13:09:35.00,24-07-14,28.1739425°„N,104.8137925°„E,648.9,0.014,
13:09:36.00,24-07-14,28.173942666666665°„N,104.81379266666667°„E,648.9,0.053,
13:09:37.00,24-07-14,28.173942833333335°„N,104.81379266666667°„E,648.9,0.069,
13:09:38.00,24-07-14,28.173942833333335°„N,104.81379266666667°„E,648.9,0.040,
13:09:39.00,24-07-14,28.173943166666668°„N,104.81379266666667°„E,648.9,0.010,
13:09:40.00,24-07-14,28.173943333333334°„N,104.81379266666667°„E,648.8,0.036,
13:09:41.00,24-07-14,28.1739435°„N,104.81379266666667°„E,648.8,0.044,
13:09:42.00,24-07-14,28.173943833333333°„N,104.8137925°„E,648.8,0.045,
13:09:43.00,24-07-14,28.173944166666665°„N,104.8137925°„E,648.7,0.038,
13:09:44.00,24-07-14,28.1739445°„N,104.81379233333334°„E,648.7,0.066,
13:09:45.00,24-07-14,28.173944833333334°„N,104.8137925°„E,648.6,0.045,
13:09:46.00,24-07-14,28.173945166666666°„N,104.8137925°„E,648.6,0.055,
13:09:47.00,24-07-14,28.1739455°„N,104.8137925°„E,648.6,0.034,
13:09:48.00,24-07-14,28.17394566666667°„N,104.8137925°„E,648.6,0.009,
13:09:49.00,24-07-14,28.173945833333335°„N,104.8137925°„E,648.6,0.006,
13:09:50.00,24-07-14,28.173946166666667°„N,104.81379266666667°„E,648.7,0.024,
13:09:51.00,24-07-14,28.173946333333333°„N,104.81379266666667°„E,648.7,0.010,
13:09:52.00,24-07-14,28.1739465°„N,104.81379266666667°„E,648.7,0.009,
13:09:53.00,24-07-14,28.173946833333332°„N,104.81379266666667°„E,648.7,0.035,
13:09:54.00,24-07-14,28.173947333333334°„N,104.81379283333334°„E,648.7,0.015,
13:09:55.00,24-07-14,28.173947666666667°„N,104.81379266666667°„E,648.7,0.014,
13:09:56.00,24-07-14,28.173948166666666°„N,104.81379283333334°„E,648.7,0.007,
13:09:57.00,24-07-14,28.1739485°„N,104.81379283333334°„E,648.6,0.063,
13:09:58.00,24-07-14,28.173948833333334°„N,104.81379283333334°„E,648.7,0.063,
13:09:59.00,24-07-14,28.173949166666667°„N,104.813793°„E,648.7,0.046,
13:10:00.00,24-07-14,28.173949166666667°„N,104.81379316666667°„E,648.7,0.031,
13:10:01.00,24-07-14,28.173949333333333°„N,104.81379316666667°„E,648.7,0.046,
13:10:02.00,24-07-14,28.173949333333333°„N,104.813793°„E,648.7,0.034,
13:10:03.00,24-07-14,28.173949333333333°„N,104.813793°„E,648.8,0.027,
13:10:04.00,24-07-14,28.173949333333333°„N,104.813793°„E,648.8,0.019,
13:10:05.00,24-07-14,28.173949333333333°„N,104.813793°„E,648.9,0.029,
13:10:06.00,24-07-14,28.1739495°„N,104.813793°„E,648.9,0.029,
13:10:07.00,24-07-14,28.1739495°„N,104.81379283333334°„E,648.9,0.029,
13:10:08.00,24-07-14,28.173949666666665°„N,104.81379283333334°„E,648.9,0.062,
13:10:09.00,24-07-14,28.17394983333333°„N,104.81379283333334°„E,648.9,0.048,
13:10:10.00,24-07-14,28.17394983333333°„N,104.81379283333334°„E,648.9,0.025,
13:10:11.00,24-07-14,28.17395°„N,104.81379283333334°„E,648.9,0.030,
13:10:12.00,24-07-14,28.17395°„N,104.813793°„E,649.0,0.018,
13:10:13.00,24-07-14,28.17395°„N,104.813793°„E,649.0,0.017,
13:10:14.00,24-07-14,28.17395°„N,104.81379316666667°„E,649.0,0.003,
13:10:15.00,24-07-14,28.173950166666668°„N,104.81379333333334°„E,649.1,0.032,
13:10:16.00,24-07-14,28.173950166666668°„N,104.81379333333334°„E,649.1,0.026,
13:10:17.00,24-07-14,28.173950333333334°„N,104.8137935°„E,649.1,0.014,
13:10:18.00,24-07-14,28.1739505°„N,104.81379333333334°„E,649.0,0.034,
13:10:19.00,24-07-14,28.173950666666666°„N,104.81379333333334°„E,649.0,0.052,
13:10:20.00,24-07-14,28.173950666666666°„N,104.8137935°„E,649.1,0.034,
13:10:21.00,24-07-14,28.173950666666666°„N,104.81379366666667°„E,649.1,0.014,
13:10:22.00,24-07-14,28.173950666666666°„N,104.81379383333334°„E,649.2,0.056,
13:10:23.00,24-07-14,28.173950666666666°„N,104.813794°„E,649.2,0.044,
13:10:24.00,24-07-14,28.173950833333333°„N,104.81379416666667°„E,649.3,0.019,
13:10:25.00,24-07-14,28.173950666666666°„N,104.81379433333333°„E,649.3,0.035,
13:10:26.00,24-07-14,28.173950666666666°„N,104.8137945°„E,649.4,0.071,
13:10:27.00,24-07-14,28.1739505°„N,104.81379466666667°„E,649.5,0.040,
13:10:28.00,24-07-14,28.173950166666668°„N,104.81379483333333°„E,649.6,0.034,
13:10:29.00,24-07-14,28.17395°„N,104.813795°„E,649.7,0.024,
13:10:30.00,24-07-14,28.17395°„N,104.81379516666667°„E,649.8,0.050,
13:10:31.00,24-07-14,28.173950166666668°„N,104.81379533333333°„E,649.9,0.047,
13:10:32.00,24-07-14,28.173950166666668°„N,104.81379566666666°„E,650.0,0.054,
13:10:33.00,24-07-14,28.173950333333334°„N,104.813796°„E,650.1,0.042,
13:10:34.00,24-07-14,28.1739505°„N,104.81379616666666°„E,650.2,0.035,
13:10:35.00,24-07-14,28.1739505°„N,104.8137965°„E,650.3,0.020,
13:10:36.00,24-07-14,28.1739505°„N,104.81379683333333°„E,650.4,0.016,
13:10:37.00,24-07-14,28.1739505°„N,104.813797°„E,650.5,0.055,
13:10:38.00,24-07-14,28.1739505°„N,104.81379716666666°„E,650.6,0.044,
13:10:39.00,24-07-14,28.1739505°„N,104.81379733333333°„E,650.6,0.026,
13:10:40.00,24-07-14,28.173950333333334°„N,104.8137975°„E,650.7,0.024,
13:10:41.00,24-07-14,28.173950333333334°„N,104.8137975°„E,650.7,0.046,
13:10:42.00,24-07-14,28.1739505°„N,104.8137975°„E,650.7,0.047,
13:10:43.00,24-07-14,28.1739505°„N,104.8137975°„E,650.6,0.072,
13:10:44.00,24-07-14,28.1739505°„N,104.8137975°„E,650.6,0.045,
13:10:45.00,24-07-14,28.173950333333334°„N,104.81379766666667°„E,650.7,0.048,
13:10:46.00,24-07-14,28.173950333333334°„N,104.8137975°„E,650.6,0.064,
13:10:47.00,24-07-14,28.173950333333334°„N,104.8137975°„E,650.6,0.034,
13:10:48.00,24-07-14,28.173950166666668°„N,104.8137975°„E,650.6,0.063,
13:10:49.00,24-07-14,28.17395°„N,104.8137975°„E,650.6,0.035,
13:10:50.00,24-07-14,28.173949666666665°„N,104.8137975°„E,650.7,0.027,
13:10:51.00,24-07-14,28.173949666666665°„N,104.81379733333333°„E,650.6,0.027,
13:10:52.00,24-07-14,28.1739495°„N,104.81379716666666°„E,650.6,0.033,
13:10:53.00,24-07-14,28.1739495°„N,104.813797°„E,650.6,0.052,
13:10:54.00,24-07-14,28.173949333333333°„N,104.81379683333333°„E,650.5,0.032,
13:10:55.00,24-07-14,28.173949166666667°„N,104.81379683333333°„E,650.5,0.036,
13:10:56.00,24-07-14,28.173949333333333°„N,104.81379666666666°„E,650.5,0.022,
13:10:57.00,24-07-14,28.173949333333333°„N,104.8137965°„E,650.5,0.053,
13:10:58.00,24-07-14,28.173949333333333°„N,104.81379633333333°„E,650.5,0.049,
13:10:59.00,24-07-14,28.173949333333333°„N,104.81379633333333°„E,650.5,0.046,
13:11:00.00,24-07-14,28.173949166666667°„N,104.8137965°„E,650.5,0.017,
13:11:01.00,24-07-14,28.173948833333334°„N,104.8137965°„E,650.6,0.021,
13:11:02.00,24-07-14,28.1739485°„N,104.8137965°„E,650.7,0.024,
13:11:03.00,24-07-14,28.173948166666666°„N,104.81379666666666°„E,650.7,0.051,
13:11:04.00,24-07-14,28.173948166666666°„N,104.8137965°„E,650.7,0.046,
13:11:05.00,24-07-14,28.173948166666666°„N,104.81379633333333°„E,650.7,0.037,
13:11:06.00,24-07-14,28.173948166666666°„N,104.81379616666666°„E,650.7,0.047,
13:11:07.00,24-07-14,28.173948166666666°„N,104.81379583333333°„E,650.7,0.064,
13:11:08.00,24-07-14,28.173948166666666°„N,104.81379566666666°„E,650.7,0.059,
13:11:09.00,24-07-14,28.173948166666666°„N,104.81379566666666°„E,650.8,0.068,
13:11:10.00,24-07-14,28.173948333333332°„N,104.81379533333333°„E,650.7,0.085,
13:11:11.00,24-07-14,28.1739485°„N,104.81379516666667°„E,650.7,0.074,
13:11:12.00,24-07-14,28.1739485°„N,104.813795°„E,650.7,0.063,
13:11:13.00,24-07-14,28.173948333333332°„N,104.81379483333333°„E,650.8,0.071,
13:11:14.00,24-07-14,28.173948166666666°„N,104.81379483333333°„E,650.8,0.041,
13:11:15.00,24-07-14,28.173948°„N,104.81379466666667°„E,651.0,0.043,
13:11:16.00,24-07-14,28.173947666666667°„N,104.81379466666667°„E,651.0,0.029,
13:11:17.00,24-07-14,28.1739475°„N,104.81379433333333°„E,651.1,0.032,
13:11:18.00,24-07-14,28.1739475°„N,104.81379416666667°„E,651.1,0.046,
13:11:19.00,24-07-14,28.1739475°„N,104.81379383333334°„E,651.1,0.023,
13:11:20.00,24-07-14,28.173947333333334°„N,104.8137935°„E,651.1,0.047,
13:11:21.00,24-07-14,28.173947333333334°„N,104.81379333333334°„E,651.1,0.048,
13:11:22.00,24-07-14,28.173947333333334°„N,104.81379316666667°„E,651.2,0.035,
13:11:23.00,24-07-14,28.173947333333334°„N,104.813793°„E,651.2,0.033,
13:11:24.00,24-07-14,28.173947166666668°„N,104.813793°„E,651.2,0.035,
13:11:25.00,24-07-14,28.173947166666668°„N,104.813793°„E,651.3,0.045,
13:11:26.00,24-07-14,28.173947166666668°„N,104.813793°„E,651.3,0.076,
13:11:27.00,24-07-14,28.173947166666668°„N,104.81379283333334°„E,651.3,0.054,
13:11:28.00,24-07-14,28.173947166666668°„N,104.81379283333334°„E,651.4,0.041,
13:11:29.00,24-07-14,28.173947333333334°„N,104.81379283333334°„E,651.4,0.035,
13:11:30.00,24-07-14,28.1739475°„N,104.81379266666667°„E,651.4,0.043,
13:11:31.00,24-07-14,28.173947666666667°„N,104.81379266666667°„E,651.4,0.032,
13:11:32.00,24-07-14,28.173948°„N,104.81379266666667°„E,651.4,0.069,
13:11:33.00,24-07-14,28.173948166666666°„N,104.81379283333334°„E,651.4,0.072,
13:11:34.00,24-07-14,28.173948333333332°„N,104.81379283333334°„E,651.4,0.060,
13:11:35.00,24-07-14,28.173948333333332°„N,104.81379283333334°„E,651.4,0.024,
13:11:36.00,24-07-14,28.173948333333332°„N,104.81379283333334°„E,651.4,0.002,
13:11:37.00,24-07-14,28.173948166666666°„N,104.813793°„E,651.4,0.050,
13:11:38.00,24-07-14,28.173947833333333°„N,104.813793°„E,651.5,0.016,
13:11:39.00,24-07-14,28.173947666666667°„N,104.813793°„E,651.5,0.038,
13:11:40.00,24-07-14,28.173947333333334°„N,104.813793°„E,651.5,0.047,
13:11:41.00,24-07-14,28.173947166666668°„N,104.813793°„E,651.6,0.042,
13:11:42.00,24-07-14,28.173947°„N,104.813793°„E,651.6,0.016,
13:11:43.00,24-07-14,28.173947°„N,104.813793°„E,651.6,0.039,
13:11:44.00,24-07-14,28.173946833333332°„N,104.81379316666667°„E,651.7,0.038,
13:11:45.00,24-07-14,28.173946833333332°„N,104.81379333333334°„E,651.7,0.040,
13:11:46.00,24-07-14,28.173946666666666°„N,104.81379333333334°„E,651.7,0.024,
13:11:47.00,24-07-14,28.173946666666666°„N,104.81379366666667°„E,651.8,0.050,
13:11:48.00,24-07-14,28.173946666666666°„N,104.813794°„E,651.9,0.018,
13:11:49.00,24-07-14,28.173946666666666°„N,104.81379416666667°„E,651.9,0.056,
13:11:50.00,24-07-14,28.173946666666666°„N,104.81379433333333°„E,652.0,0.039,
13:11:51.00,24-07-14,28.173946666666666°„N,104.81379466666667°„E,652.0,0.022,
13:11:52.00,24-07-14,28.173946833333332°„N,104.81379483333333°„E,652.1,0.017,
13:11:53.00,24-07-14,28.173947°„N,104.81379516666667°„E,652.1,0.040,
13:11:54.00,24-07-14,28.173947333333334°„N,104.8137955°„E,652.1,0.039,
13:11:55.00,24-07-14,28.1739475°„N,104.81379583333333°„E,652.1,0.052,
13:11:56.00,24-07-14,28.173947833333333°„N,104.81379616666666°„E,652.1,0.087,
13:11:57.00,24-07-14,28.173948166666666°„N,104.8137965°„E,652.1,0.051,
13:11:58.00,24-07-14,28.173948333333332°„N,104.81379683333333°„E,652.2,0.040,
13:11:59.00,24-07-14,28.1739485°„N,104.81379733333333°„E,652.2,0.051,
13:12:00.00,24-07-14,28.1739485°„N,104.81379766666667°„E,652.3,0.008,
13:12:01.00,24-07-14,28.173948666666668°„N,104.81379816666667°„E,652.4,0.027,
13:12:02.00,24-07-14,28.1739485°„N,104.81379833333334°„E,652.5,0.024,
13:12:03.00,24-07-14,28.173948333333332°„N,104.8137985°„E,652.5,0.044,
13:12:04.00,24-07-14,28.173948333333332°„N,104.81379866666667°„E,652.5,0.032,
13:12:05.00,24-07-14,28.173948166666666°„N,104.81379866666667°„E,652.6,0.008,
13:12:06.00,24-07-14,28.173948°„N,104.81379866666667°„E,652.5,0.010,
13:12:07.00,24-07-14,28.173947833333333°„N,104.81379866666667°„E,652.5,0.018,
13:12:08.00,24-07-14,28.173947666666667°„N,104.81379866666667°„E,652.5,0.018,
13:12:09.00,24-07-14,28.1739475°„N,104.8137985°„E,652.5,0.022,
13:12:10.00,24-07-14,28.173947333333334°„N,104.81379833333334°„E,652.5,0.016,
13:12:11.00,24-07-14,28.173947333333334°„N,104.81379816666667°„E,652.5,0.027,
13:12:12.00,24-07-14,28.173947166666668°„N,104.813798°„E,652.4,0.039,
13:12:13.00,24-07-14,28.173947166666668°„N,104.81379783333334°„E,652.4,0.014,
13:12:14.00,24-07-14,28.173947°„N,104.81379766666667°„E,652.4,0.021,
13:12:15.00,24-07-14,28.173947°„N,104.8137975°„E,652.4,0.022,
13:12:16.00,24-07-14,28.173946833333332°„N,104.81379733333333°„E,652.4,0.032,
13:12:17.00,24-07-14,28.173946833333332°„N,104.81379733333333°„E,652.4,0.012,
13:12:18.00,24-07-14,28.173947°„N,104.81379733333333°„E,652.4,0.018,
13:12:19.00,24-07-14,28.173947°„N,104.81379733333333°„E,652.4,0.022,
13:12:20.00,24-07-14,28.173947°„N,104.81379733333333°„E,652.3,0.030,
13:12:21.00,24-07-14,28.173947166666668°„N,104.81379733333333°„E,652.3,0.030,
13:12:22.00,24-07-14,28.173947333333334°„N,104.8137975°„E,652.3,0.030,
13:12:23.00,24-07-14,28.1739475°„N,104.8137975°„E,652.3,0.022,
13:12:24.00,24-07-14,28.1739475°„N,104.81379766666667°„E,652.3,0.001,
13:12:25.00,24-07-14,28.1739475°„N,104.81379766666667°„E,652.3,0.020,
13:12:26.00,24-07-14,28.173947666666667°„N,104.81379766666667°„E,652.3,0.022,
13:12:27.00,24-07-14,28.173947833333333°„N,104.81379783333334°„E,652.3,0.045,
13:12:28.00,24-07-14,28.173948166666666°„N,104.813798°„E,652.3,0.028,
13:12:29.00,24-07-14,28.173948333333332°„N,104.813798°„E,652.4,0.023,
13:12:30.00,24-07-14,28.1739485°„N,104.81379816666667°„E,652.4,0.026,
13:12:31.00,24-07-14,28.173948666666668°„N,104.81379833333334°„E,652.4,0.061,
13:12:32.00,24-07-14,28.173949°„N,104.8137985°„E,652.3,0.059,
13:12:33.00,24-07-14,28.173949166666667°„N,104.81379883333334°„E,652.4,0.052,
13:12:34.00,24-07-14,28.173949333333333°„N,104.813799°„E,652.4,0.044,
13:12:35.00,24-07-14,28.173949333333333°„N,104.81379933333334°„E,652.5,0.011,
13:12:36.00,24-07-14,28.1739495°„N,104.81379966666667°„E,652.5,0.019,
13:12:37.00,24-07-14,28.1739495°„N,104.81379983333333°„E,652.6,0.031,
13:12:38.00,24-07-14,28.1739495°„N,104.81380016666667°„E,652.6,0.024,
13:12:39.00,24-07-14,28.1739495°„N,104.81380016666667°„E,652.6,0.036,
13:12:40.00,24-07-14,28.173949666666665°„N,104.81380033333333°„E,652.5,0.036,
13:12:41.00,24-07-14,28.173949666666665°„N,104.8138005°„E,652.5,0.008,
13:12:42.00,24-07-14,28.173949666666665°„N,104.8138005°„E,652.4,0.032,
13:12:43.00,24-07-14,28.173949666666665°„N,104.8138005°„E,652.4,0.041,
13:12:44.00,24-07-14,28.173949666666665°„N,104.8138005°„E,652.4,0.026,
13:12:45.00,24-07-14,28.173949666666665°„N,104.8138005°„E,652.3,0.029,
13:12:46.00,24-07-14,28.17394983333333°„N,104.81380066666667°„E,652.3,0.039,
13:12:47.00,24-07-14,28.17394983333333°„N,104.81380066666667°„E,652.2,0.025,
13:12:48.00,24-07-14,28.173949666666665°„N,104.81380066666667°„E,652.2,0.014,
13:12:49.00,24-07-14,28.173949666666665°„N,104.81380066666667°„E,652.2,0.015,
13:12:50.00,24-07-14,28.1739495°„N,104.81380066666667°„E,652.2,0.032,
13:12:51.00,24-07-14,28.1739495°„N,104.8138005°„E,652.2,0.024,
13:12:52.00,24-07-14,28.173949333333333°„N,104.8138005°„E,652.2,0.014,
13:12:53.00,24-07-14,28.173949166666667°„N,104.8138005°„E,652.1,0.020,
13:12:54.00,24-07-14,28.173949°„N,104.81380033333333°„E,652.1,0.009,
13:12:55.00,24-07-14,28.173949°„N,104.81380016666667°„E,652.1,0.042,
13:12:56.00,24-07-14,28.173949°„N,104.8138°„E,652.1,0.034,
13:12:57.00,24-07-14,28.173948833333334°„N,104.81379983333333°„E,652.1,0.010,
13:12:58.00,24-07-14,28.173948833333334°„N,104.81379966666667°„E,652.1,0.031,
13:12:59.00,24-07-14,28.173948833333334°„N,104.8137995°„E,652.0,0.033,
13:13:00.00,24-07-14,28.173948833333334°„N,104.81379933333334°„E,652.0,0.011,
13:13:01.00,24-07-14,28.173948666666668°„N,104.81379916666667°„E,652.0,0.009,
13:13:02.00,24-07-14,28.173948666666668°„N,104.813799°„E,652.1,0.009,
13:13:03.00,24-07-14,28.173948666666668°„N,104.813799°„E,652.1,0.026,
13:13:04.00,24-07-14,28.173948666666668°„N,104.813799°„E,652.2,0.027,
13:13:05.00,24-07-14,28.173948666666668°„N,104.813799°„E,652.3,0.021,
13:13:06.00,24-07-14,28.173948666666668°„N,104.813799°„E,652.4,0.027,
13:13:07.00,24-07-14,28.173948833333334°„N,104.813799°„E,652.4,0.018,
13:13:08.00,24-07-14,28.173948833333334°„N,104.813799°„E,652.4,0.015,
13:13:09.00,24-07-14,28.173948833333334°„N,104.81379916666667°„E,652.5,0.051,
13:13:10.00,24-07-14,28.173948833333334°„N,104.81379916666667°„E,652.6,0.024,
13:13:11.00,24-07-14,28.173948833333334°„N,104.81379916666667°„E,652.7,0.035,
13:13:12.00,24-07-14,28.173948833333334°„N,104.81379933333334°„E,652.8,0.009,
13:13:13.00,24-07-14,28.173948833333334°„N,104.8137995°„E,652.9,0.004,
13:13:14.00,24-07-14,28.173948833333334°„N,104.81379933333334°„E,653.0,0.039,
13:13:15.00,24-07-14,28.173948666666668°„N,104.81379933333334°„E,653.1,0.031,
13:13:16.00,24-07-14,28.173948666666668°„N,104.81379933333334°„E,653.2,0.023,
13:13:17.00,24-07-14,28.173948666666668°„N,104.81379933333334°„E,653.2,0.014,
13:13:18.00,24-07-14,28.173948666666668°„N,104.81379933333334°„E,653.3,0.029,
13:13:19.00,24-07-14,28.173948666666668°„N,104.81379933333334°„E,653.3,0.027,
13:13:20.00,24-07-14,28.173948833333334°„N,104.81379933333334°„E,653.4,0.046,
13:13:21.00,24-07-14,28.173948833333334°„N,104.8137995°„E,653.5,0.035,
13:13:22.00,24-07-14,28.173948833333334°„N,104.8137995°„E,653.5,0.041,
13:13:23.00,24-07-14,28.173949°„N,104.8137995°„E,653.6,0.040,
13:13:24.00,24-07-14,28.173949166666667°„N,104.81379966666667°„E,653.7,0.027,
13:13:25.00,24-07-14,28.173949166666667°„N,104.8137995°„E,653.7,0.062,
13:13:26.00,24-07-14,28.173949333333333°„N,104.81379933333334°„E,653.6,0.034,
13:13:27.00,24-07-14,28.1739495°„N,104.81379933333334°„E,653.6,0.020,
13:13:28.00,24-07-14,28.1739495°„N,104.81379933333334°„E,653.6,0.007,
13:13:29.00,24-07-14,28.173949666666665°„N,104.8137995°„E,653.6,0.027,
13:13:30.00,24-07-14,28.173949666666665°„N,104.81379966666667°„E,653.6,0.012,
13:13:31.00,24-07-14,28.17394983333333°„N,104.8138°„E,653.6,0.030,
13:13:32.00,24-07-14,28.17394983333333°„N,104.81380033333333°„E,653.7,0.033,
13:13:33.00,24-07-14,28.17394983333333°„N,104.8138005°„E,653.8,0.017,
13:13:34.00,24-07-14,28.17394983333333°„N,104.81380083333333°„E,653.8,0.049,
13:13:35.00,24-07-14,28.17394983333333°„N,104.813801°„E,653.9,0.032,
13:13:36.00,24-07-14,28.17394983333333°„N,104.81380133333333°„E,654.0,0.032,
13:13:37.00,24-07-14,28.173949666666665°„N,104.8138015°„E,654.1,0.030,
13:13:38.00,24-07-14,28.173949666666665°„N,104.813802°„E,654.2,0.021,
13:13:39.00,24-07-14,28.1739495°„N,104.81380233333333°„E,654.3,0.030,
13:13:40.00,24-07-14,28.1739495°„N,104.81380283333333°„E,654.4,0.028,
13:13:41.00,24-07-14,28.173949333333333°„N,104.81380316666667°„E,654.6,0.027,
13:13:42.00,24-07-14,28.173949°„N,104.8138035°„E,654.6,0.020,
13:13:43.00,24-07-14,28.173948833333334°„N,104.81380366666667°„E,654.6,0.019,
13:13:44.00,24-07-14,28.173948666666668°„N,104.813804°„E,654.7,0.030,
13:13:45.00,24-07-14,28.1739485°„N,104.81380433333334°„E,654.8,0.038,
13:13:46.00,24-07-14,28.173948166666666°„N,104.81380466666667°„E,654.8,0.026,
13:13:47.00,24-07-14,28.173948°„N,104.81380483333334°„E,654.9,0.024,
13:13:48.00,24-07-14,28.173947833333333°„N,104.81380516666667°„E,655.1,0.030,
13:13:49.00,24-07-14,28.173947833333333°„N,104.81380533333333°„E,655.1,0.022,
13:13:50.00,24-07-14,28.173947833333333°„N,104.81380566666667°„E,655.3,0.027,
13:13:51.00,24-07-14,28.173947833333333°„N,104.813806°„E,655.4,0.030,
13:13:52.00,24-07-14,28.173947666666667°„N,104.81380633333333°„E,655.5,0.012,
13:13:53.00,24-07-14,28.1739475°„N,104.81380666666666°„E,655.5,0.049,
13:13:54.00,24-07-14,28.1739475°„N,104.81380716666666°„E,655.6,0.028,
13:13:55.00,24-07-14,28.173947333333334°„N,104.8138075°„E,655.7,0.036,
13:13:56.00,24-07-14,28.173947°„N,104.81380783333333°„E,655.7,0.019,
13:13:57.00,24-07-14,28.173947°„N,104.813808°„E,655.8,0.014,
13:13:58.00,24-07-14,28.173947°„N,104.81380833333333°„E,655.8,0.033,
13:13:59.00,24-07-14,28.173947°„N,104.8138085°„E,655.9,0.034,
13:14:00.00,24-07-14,28.173947°„N,104.81380883333334°„E,656.0,0.011,
13:14:01.00,24-07-14,28.173946833333332°„N,104.813809°„E,656.0,0.028,
13:14:02.00,24-07-14,28.173946666666666°„N,104.81380916666667°„E,656.1,0.028,
13:14:03.00,24-07-14,28.173946666666666°„N,104.81380933333334°„E,656.1,0.025,
13:14:04.00,24-07-14,28.173946666666666°„N,104.8138095°„E,656.2,0.021,
13:14:05.00,24-07-14,28.1739465°„N,104.81380983333334°„E,656.2,0.013,
13:14:06.00,24-07-14,28.1739465°„N,104.81381016666667°„E,656.3,0.018,
13:14:07.00,24-07-14,28.1739465°„N,104.8138105°„E,656.4,0.030,
13:14:08.00,24-07-14,28.1739465°„N,104.81381083333333°„E,656.4,0.028,
13:14:09.00,24-07-14,28.1739465°„N,104.81381116666667°„E,656.5,0.035,
13:14:10.00,24-07-14,28.173946666666666°„N,104.8138115°„E,656.5,0.032,
13:14:11.00,24-07-14,28.173946833333332°„N,104.81381166666667°„E,656.5,0.038,
13:14:12.00,24-07-14,28.173947°„N,104.813812°„E,656.5,0.023,
13:14:13.00,24-07-14,28.173947°„N,104.81381216666666°„E,656.6,0.024,
13:14:14.00,24-07-14,28.173947166666668°„N,104.81381233333333°„E,656.6,0.004,
13:14:15.00,24-07-14,28.173947333333334°„N,104.8138125°„E,656.6,0.007,
13:14:16.00,24-07-14,28.1739475°„N,104.81381266666666°„E,656.7,0.012,
13:14:17.00,24-07-14,28.1739475°„N,104.81381283333333°„E,656.7,0.028,
13:14:18.00,24-07-14,28.1739475°„N,104.81381283333333°„E,656.7,0.026,
13:14:19.00,24-07-14,28.173947666666667°„N,104.813813°„E,656.7,0.025,
13:14:20.00,24-07-14,28.173947833333333°„N,104.81381316666666°„E,656.8,0.019,
13:14:21.00,24-07-14,28.173948°„N,104.81381333333333°„E,656.8,0.033,
13:14:22.00,24-07-14,28.173948166666666°„N,104.81381333333333°„E,656.8,0.038,
13:14:23.00,24-07-14,28.1739485°„N,104.8138135°„E,656.9,0.019,
13:14:24.00,24-07-14,28.173948666666668°„N,104.8138135°„E,656.9,0.004,
13:14:25.00,24-07-14,28.173948833333334°„N,104.81381366666666°„E,657.0,0.028,
13:14:26.00,24-07-14,28.173949°„N,104.81381366666666°„E,657.0,0.020,
13:14:27.00,24-07-14,28.173949333333333°„N,104.81381366666666°„E,657.0,0.029,
13:14:28.00,24-07-14,28.1739495°„N,104.8138135°„E,657.0,0.035,
13:14:29.00,24-07-14,28.17395°„N,104.81381366666666°„E,657.0,0.033,
13:14:30.00,24-07-14,28.173950333333334°„N,104.81381366666666°„E,657.0,0.019,
13:14:31.00,24-07-14,28.173950666666666°„N,104.81381383333333°„E,657.0,0.046,
13:14:32.00,24-07-14,28.173951166666665°„N,104.81381383333333°„E,656.9,0.058,
13:14:33.00,24-07-14,28.1739515°„N,104.81381383333333°„E,656.8,0.035,
13:14:34.00,24-07-14,28.173951833333334°„N,104.81381366666666°„E,656.8,0.035,
13:14:35.00,24-07-14,28.173952333333332°„N,104.81381366666666°„E,656.7,0.067,
13:14:36.00,24-07-14,28.17395266666667°„N,104.81381366666666°„E,656.7,0.024,
13:14:37.00,24-07-14,28.173953°„N,104.8138135°„E,656.7,0.022,
13:14:38.00,24-07-14,28.173953333333333°„N,104.81381333333333°„E,656.7,0.012,
13:14:39.00,24-07-14,28.173953666666666°„N,104.81381316666666°„E,656.7,0.015,
13:14:40.00,24-07-14,28.173953833333332°„N,104.813813°„E,656.7,0.028,
13:14:41.00,24-07-14,28.173954166666668°„N,104.81381283333333°„E,656.7,0.035,
13:14:42.00,24-07-14,28.173954333333334°„N,104.81381266666666°„E,656.6,0.009,
13:14:43.00,24-07-14,28.1739545°„N,104.8138125°„E,656.5,0.040,
13:14:44.00,24-07-14,28.173954666666667°„N,104.8138125°„E,656.4,0.037,
13:14:45.00,24-07-14,28.173955°„N,104.81381233333333°„E,656.4,0.033,
13:14:46.00,24-07-14,28.173955166666666°„N,104.81381233333333°„E,656.3,0.037,
13:14:47.00,24-07-14,28.1739555°„N,104.81381216666666°„E,656.2,0.042,
13:14:48.00,24-07-14,28.173955833333334°„N,104.813812°„E,656.2,0.042,
13:14:49.00,24-07-14,28.173956°„N,104.81381183333333°„E,656.2,0.035,
13:14:50.00,24-07-14,28.173956166666667°„N,104.81381166666667°„E,656.2,0.029,
13:14:51.00,24-07-14,28.173956333333333°„N,104.8138115°„E,656.2,0.037,
13:14:52.00,24-07-14,28.1739565°„N,104.81381116666667°„E,656.1,0.027,
13:14:53.00,24-07-14,28.1739565°„N,104.813811°„E,656.1,0.014,
13:14:54.00,24-07-14,28.173956666666665°„N,104.81381083333333°„E,656.0,0.034,
13:14:55.00,24-07-14,28.173957°„N,104.81381083333333°„E,656.0,0.069,
13:14:56.00,24-07-14,28.173957166666668°„N,104.8138105°„E,655.9,0.048,
13:14:57.00,24-07-14,28.173957166666668°„N,104.81381033333334°„E,655.9,0.051,
13:14:58.00,24-07-14,28.173957333333334°„N,104.81381°„E,655.9,0.062,
13:14:59.00,24-07-14,28.1739575°„N,104.81380966666667°„E,655.8,0.032,
13:15:00.00,24-07-14,28.1739575°„N,104.81380933333334°„E,655.8,0.038,
13:15:01.00,24-07-14,28.1739575°„N,104.813809°„E,655.7,0.064,
13:15:02.00,24-07-14,28.1739575°„N,104.81380866666666°„E,655.7,0.059,
13:15:03.00,24-07-14,28.1739575°„N,104.81380816666666°„E,655.7,0.070,
13:15:04.00,24-07-14,28.173957333333334°„N,104.81380766666666°„E,655.6,0.053,
13:15:05.00,24-07-14,28.173957166666668°„N,104.81380733333333°„E,655.6,0.052,
13:15:06.00,24-07-14,28.173957166666668°„N,104.813807°„E,655.5,0.027,
13:15:07.00,24-07-14,28.173957166666668°„N,104.81380683333333°„E,655.5,0.034,
13:15:08.00,24-07-14,28.173957333333334°„N,104.8138065°„E,655.4,0.049,
13:15:09.00,24-07-14,28.173957166666668°„N,104.81380633333333°„E,655.4,0.061,
13:15:10.00,24-07-14,28.173957166666668°„N,104.81380616666667°„E,655.3,0.031,
13:15:11.00,24-07-14,28.173957°„N,104.81380583333333°„E,655.3,0.059,
13:15:12.00,24-07-14,28.173957°„N,104.8138055°„E,655.3,0.047,
13:15:13.00,24-07-14,28.17395683333333°„N,104.81380516666667°„E,655.2,0.029,
13:15:14.00,24-07-14,28.173956666666665°„N,104.81380483333334°„E,655.2,0.039,
13:15:15.00,24-07-14,28.173956333333333°„N,104.8138045°„E,655.2,0.017,
13:15:16.00,24-07-14,28.173956166666667°„N,104.81380416666667°„E,655.3,0.036,
13:15:17.00,24-07-14,28.173955833333334°„N,104.81380383333334°„E,655.3,0.023,
13:15:18.00,24-07-14,28.173955666666668°„N,104.8138035°„E,655.3,0.011,
13:15:19.00,24-07-14,28.1739555°„N,104.81380333333334°„E,655.3,0.010,
13:15:20.00,24-07-14,28.173955333333332°„N,104.81380300000001°„E,655.3,0.030,
13:15:21.00,24-07-14,28.173955166666666°„N,104.81380283333333°„E,655.3,0.035,
13:15:22.00,24-07-14,28.173955166666666°„N,104.81380266666666°„E,655.4,0.031,
13:15:23.00,24-07-14,28.173955166666666°„N,104.81380233333333°„E,655.4,0.043,
13:15:24.00,24-07-14,28.173955166666666°„N,104.813802°„E,655.4,0.043,
13:15:25.00,24-07-14,28.173955°„N,104.81380183333333°„E,655.4,0.018,
13:15:26.00,24-07-14,28.173955°„N,104.81380166666666°„E,655.5,0.024,
13:15:27.00,24-07-14,28.173955°„N,104.81380133333333°„E,655.5,0.011,
13:15:28.00,24-07-14,28.173955°„N,104.81380116666666°„E,655.6,0.021,
13:15:29.00,24-07-14,28.173955°„N,104.813801°„E,655.6,0.035,
13:15:30.00,24-07-14,28.173955°„N,104.813801°„E,655.7,0.047,
13:15:31.00,24-07-14,28.173955°„N,104.81380083333333°„E,655.7,0.018,
13:15:32.00,24-07-14,28.173955166666666°„N,104.81380083333333°„E,655.8,0.038,
13:15:33.00,24-07-14,28.173955166666666°„N,104.81380066666667°„E,655.8,0.042,
13:15:34.00,24-07-14,28.173955333333332°„N,104.81380066666667°„E,655.8,0.041,
13:15:35.00,24-07-14,28.1739555°„N,104.81380066666667°„E,655.9,0.044,
13:15:36.00,24-07-14,28.173955666666668°„N,104.8138005°„E,655.9,0.015,
13:15:37.00,24-07-14,28.173955666666668°„N,104.81380033333333°„E,656.0,0.014,
13:15:38.00,24-07-14,28.173955666666668°„N,104.81380033333333°„E,656.1,0.014,
13:15:39.00,24-07-14,28.173955666666668°„N,104.81380016666667°„E,656.1,0.019,
13:15:40.00,24-07-14,28.1739555°„N,104.8138°„E,656.2,0.008,
13:15:41.00,24-07-14,28.1739555°„N,104.81379983333333°„E,656.3,0.032,
13:15:42.00,24-07-14,28.1739555°„N,104.81379966666667°„E,656.3,0.025,
13:15:43.00,24-07-14,28.173955333333332°„N,104.8137995°„E,656.4,0.017,
13:15:44.00,24-07-14,28.173955333333332°„N,104.81379933333334°„E,656.4,0.017,
13:15:45.00,24-07-14,28.173955333333332°„N,104.81379916666667°„E,656.4,0.030,
13:15:46.00,24-07-14,28.173955166666666°„N,104.81379916666667°„E,656.5,0.020,
13:15:47.00,24-07-14,28.173955°„N,104.81379883333334°„E,656.5,0.035,
13:15:48.00,24-07-14,28.173954666666667°„N,104.81379866666667°„E,656.6,0.022,
13:15:49.00,24-07-14,28.173954333333334°„N,104.8137985°„E,656.6,0.020,
13:15:50.00,24-07-14,28.173954°„N,104.81379816666667°„E,656.7,0.022,
13:15:51.00,24-07-14,28.173953666666666°„N,104.813798°„E,656.7,0.025,
13:15:52.00,24-07-14,28.173953333333333°„N,104.81379783333334°„E,656.7,0.047,
13:15:53.00,24-07-14,28.173953°„N,104.81379766666667°„E,656.8,0.054,
13:15:54.00,24-07-14,28.173952833333335°„N,104.8137975°„E,656.8,0.011,
13:15:55.00,24-07-14,28.17395266666667°„N,104.8137975°„E,656.8,0.034,
13:15:56.00,24-07-14,28.17395266666667°„N,104.81379733333333°„E,656.8,0.017,
13:15:57.00,24-07-14,28.1739525°„N,104.81379733333333°„E,656.7,0.056,
13:15:58.00,24-07-14,28.17395266666667°„N,104.81379716666666°„E,656.7,0.044,
13:15:59.00,24-07-14,28.17395266666667°„N,104.813797°„E,656.7,0.061,
13:16:00.00,24-07-14,28.17395266666667°„N,104.81379683333333°„E,656.7,0.014,
13:16:01.00,24-07-14,28.1739525°„N,104.81379666666666°„E,656.6,0.028,
13:16:02.00,24-07-14,28.1739525°„N,104.8137965°„E,656.6,0.012,
13:16:03.00,24-07-14,28.173952166666666°„N,104.81379616666666°„E,656.7,0.041,
13:16:04.00,24-07-14,28.173952°„N,104.813796°„E,656.7,0.026,
13:16:05.00,24-07-14,28.173951833333334°„N,104.81379583333333°„E,656.7,0.032,
13:16:06.00,24-07-14,28.1739515°„N,104.81379566666666°„E,656.7,0.043,
13:16:07.00,24-07-14,28.1739515°„N,104.81379566666666°„E,656.6,0.012,
13:16:08.00,24-07-14,28.1739515°„N,104.8137955°„E,656.6,0.027,
13:16:09.00,24-07-14,28.1739515°„N,104.8137955°„E,656.6,0.033,
13:16:10.00,24-07-14,28.1739515°„N,104.8137955°„E,656.6,0.027,
13:16:11.00,24-07-14,28.1739515°„N,104.8137955°„E,656.6,0.049,
13:16:12.00,24-07-14,28.173951333333335°„N,104.81379533333333°„E,656.5,0.019,
13:16:13.00,24-07-14,28.173951166666665°„N,104.81379516666667°„E,656.5,0.016,
13:16:14.00,24-07-14,28.173951166666665°„N,104.813795°„E,656.5,0.023,
13:16:15.00,24-07-14,28.173951166666665°„N,104.81379483333333°„E,656.5,0.020,
13:16:16.00,24-07-14,28.173951°„N,104.81379466666667°„E,656.5,0.018,
13:16:17.00,24-07-14,28.173951°„N,104.8137945°„E,656.5,0.043,
13:16:18.00,24-07-14,28.173951°„N,104.81379433333333°„E,656.4,0.047,
13:16:19.00,24-07-14,28.173951°„N,104.81379433333333°„E,656.4,0.035,
13:16:20.00,24-07-14,28.173951°„N,104.81379433333333°„E,656.4,0.041,
13:16:21.00,24-07-14,28.173951166666665°„N,104.81379433333333°„E,656.4,0.041,
13:16:22.00,24-07-14,28.173951166666665°„N,104.81379433333333°„E,656.3,0.029,
13:16:23.00,24-07-14,28.173951333333335°„N,104.81379416666667°„E,656.3,0.052,
13:16:24.00,24-07-14,28.1739515°„N,104.81379416666667°„E,656.3,0.026,
13:16:25.00,24-07-14,28.1739515°„N,104.81379416666667°„E,656.2,0.010,
13:16:26.00,24-07-14,28.173951666666667°„N,104.81379416666667°„E,656.2,0.007,
13:16:27.00,24-07-14,28.173951833333334°„N,104.81379433333333°„E,656.2,0.005,
13:16:28.00,24-07-14,28.173951833333334°„N,104.81379433333333°„E,656.2,0.027,
13:16:29.00,24-07-14,28.173951833333334°„N,104.8137945°„E,656.2,0.065,
13:16:30.00,24-07-14,28.173952°„N,104.8137945°„E,656.2,0.032,
13:16:31.00,24-07-14,28.173952166666666°„N,104.81379466666667°„E,656.2,0.005,
13:16:32.00,24-07-14,28.173952333333332°„N,104.81379466666667°„E,656.2,0.040,
13:16:33.00,24-07-14,28.1739525°„N,104.81379466666667°„E,656.2,0.040,
13:16:34.00,24-07-14,28.17395266666667°„N,104.81379466666667°„E,656.1,0.036,
13:16:35.00,24-07-14,28.17395266666667°„N,104.8137945°„E,656.1,0.040,
13:16:36.00,24-07-14,28.173952833333335°„N,104.81379433333333°„E,656.1,0.034,
13:16:37.00,24-07-14,28.173953°„N,104.81379416666667°„E,656.1,0.031,
13:16:38.00,24-07-14,28.173953°„N,104.813794°„E,656.1,0.018,
13:16:39.00,24-07-14,28.173953°„N,104.81379366666667°„E,656.1,0.019,
13:16:40.00,24-07-14,28.173953°„N,104.8137935°„E,656.1,0.015,
13:16:41.00,24-07-14,28.173953166666667°„N,104.81379333333334°„E,656.1,0.006,
13:16:42.00,24-07-14,28.173953166666667°„N,104.81379333333334°„E,656.1,0.033,
13:16:43.00,24-07-14,28.173953333333333°„N,104.81379333333334°„E,656.1,0.024,
13:16:44.00,24-07-14,28.173953333333333°„N,104.81379316666667°„E,656.1,0.015,
13:16:45.00,24-07-14,28.1739535°„N,104.813793°„E,656.1,0.034,
13:16:46.00,24-07-14,28.173953666666666°„N,104.813793°„E,656.0,0.018,
13:16:47.00,24-07-14,28.173953666666666°„N,104.81379283333334°„E,656.0,0.026,
13:16:48.00,24-07-14,28.173953833333332°„N,104.81379266666667°„E,655.9,0.010,
13:16:49.00,24-07-14,28.173953833333332°„N,104.8137925°„E,655.9,0.015,
13:16:50.00,24-07-14,28.173953833333332°„N,104.81379233333334°„E,655.8,0.022,
13:16:51.00,24-07-14,28.173953833333332°„N,104.81379216666667°„E,655.8,0.022,
13:16:52.00,24-07-14,28.173953666666666°„N,104.813792°„E,655.7,0.031,
13:16:53.00,24-07-14,28.173953666666666°„N,104.813792°„E,655.7,0.028,
13:16:54.00,24-07-14,28.173953666666666°„N,104.81379183333334°„E,655.6,0.045,
13:16:55.00,24-07-14,28.173953666666666°„N,104.81379183333334°„E,655.6,0.024,
13:16:56.00,24-07-14,28.173953666666666°„N,104.81379166666666°„E,655.5,0.032,
13:16:57.00,24-07-14,28.173953666666666°„N,104.8137915°„E,655.4,0.033,
13:16:58.00,24-07-14,28.1739535°„N,104.81379133333333°„E,655.3,0.046,
13:16:59.00,24-07-14,28.1739535°„N,104.81379116666666°„E,655.3,0.037,
13:17:00.00,24-07-14,28.173953333333333°„N,104.81379083333333°„E,655.2,0.019,
13:17:01.00,24-07-14,28.173953166666667°„N,104.8137905°„E,655.2,0.038,
13:17:02.00,24-07-14,28.173953°„N,104.81379033333333°„E,655.1,0.054,
13:17:03.00,24-07-14,28.17395266666667°„N,104.81379°„E,655.1,0.040,
13:17:04.00,24-07-14,28.1739525°„N,104.81378966666666°„E,655.0,0.014,
13:17:05.00,24-07-14,28.173952166666666°„N,104.8137895°„E,655.0,0.043,
13:17:06.00,24-07-14,28.173952°„N,104.81378916666667°„E,655.0,0.036,
13:17:07.00,24-07-14,28.173952°„N,104.81378916666667°„E,655.0,0.033,
13:17:08.00,24-07-14,28.173951833333334°„N,104.813789°„E,654.9,0.036,
13:17:09.00,24-07-14,28.173951833333334°„N,104.81378883333333°„E,654.9,0.027,
13:17:10.00,24-07-14,28.173951833333334°„N,104.81378883333333°„E,654.9,0.045,
13:17:11.00,24-07-14,28.173952°„N,104.81378866666667°„E,654.9,0.084,
13:17:12.00,24-07-14,28.173952°„N,104.81378866666667°„E,654.8,0.019,
13:17:13.00,24-07-14,28.173952°„N,104.81378866666667°„E,654.8,0.036,
13:17:14.00,24-07-14,28.173952166666666°„N,104.81378866666667°„E,654.8,0.010,
13:17:15.00,24-07-14,28.173952333333332°„N,104.81378883333333°„E,654.8,0.012,
13:17:16.00,24-07-14,28.1739525°„N,104.81378883333333°„E,654.8,0.023,
13:17:17.00,24-07-14,28.1739525°„N,104.81378883333333°„E,654.8,0.036,
13:17:18.00,24-07-14,28.17395266666667°„N,104.81378883333333°„E,654.7,0.035,
13:17:19.00,24-07-14,28.173953°„N,104.81378883333333°„E,654.7,0.028,
13:17:20.00,24-07-14,28.173953166666667°„N,104.813789°„E,654.7,0.023,
13:17:21.00,24-07-14,28.173953333333333°„N,104.813789°„E,654.6,0.035,
13:17:22.00,24-07-14,28.173953666666666°„N,104.813789°„E,654.6,0.049,
13:17:23.00,24-07-14,28.173953833333332°„N,104.813789°„E,654.6,0.067,
13:17:24.00,24-07-14,28.173954°„N,104.813789°„E,654.6,0.020,
13:17:25.00,24-07-14,28.173954166666668°„N,104.813789°„E,654.5,0.020,
13:17:26.00,24-07-14,28.1739545°„N,104.813789°„E,654.5,0.036,
13:17:27.00,24-07-14,28.173954666666667°„N,104.813789°„E,654.5,0.010,
13:17:28.00,24-07-14,28.173954833333333°„N,104.813789°„E,654.5,0.010,
13:17:29.00,24-07-14,28.173955°„N,104.813789°„E,654.5,0.043,
13:17:30.00,24-07-14,28.173955333333332°„N,104.81378916666667°„E,654.4,0.064,
13:17:31.00,24-07-14,28.173955833333334°„N,104.81378933333333°„E,654.4,0.037,
13:17:32.00,24-07-14,28.173956166666667°„N,104.81378933333333°„E,654.3,0.034,
13:17:33.00,24-07-14,28.1739565°„N,104.8137895°„E,654.3,0.035,
13:17:34.00,24-07-14,28.17395683333333°„N,104.8137895°„E,654.3,0.046,
13:17:35.00,24-07-14,28.173957166666668°„N,104.8137895°„E,654.2,0.062,
13:17:36.00,24-07-14,28.1739575°„N,104.81378966666666°„E,654.2,0.020,
13:17:37.00,24-07-14,28.173957833333333°„N,104.81378966666666°„E,654.2,0.009,
13:17:38.00,24-07-14,28.173958°„N,104.81378966666666°„E,654.2,0.048,
13:17:39.00,24-07-14,28.173958°„N,104.81378966666666°„E,654.2,0.035,
13:17:40.00,24-07-14,28.173958166666665°„N,104.8137895°„E,654.2,0.034,
13:17:41.00,24-07-14,28.173958166666665°„N,104.8137895°„E,654.2,0.010,
13:17:42.00,24-07-14,28.173958333333335°„N,104.8137895°„E,654.2,0.020,
13:17:43.00,24-07-14,28.173958333333335°„N,104.81378966666666°„E,654.2,0.053,
13:17:44.00,24-07-14,28.1739585°„N,104.81378966666666°„E,654.3,0.047,
13:17:45.00,24-07-14,28.1739585°„N,104.81378966666666°„E,654.3,0.052,
13:17:46.00,24-07-14,28.1739585°„N,104.81378966666666°„E,654.3,0.048,
13:17:47.00,24-07-14,28.173958333333335°„N,104.81378966666666°„E,654.3,0.049,
13:17:48.00,24-07-14,28.173958166666665°„N,104.81378966666666°„E,654.4,0.009,
13:17:49.00,24-07-14,28.173958°„N,104.81378966666666°„E,654.4,0.033,
13:17:50.00,24-07-14,28.173957666666666°„N,104.8137895°„E,654.5,0.036,
13:17:51.00,24-07-14,28.1739575°„N,104.8137895°„E,654.5,0.049,
13:17:52.00,24-07-14,28.173957166666668°„N,104.81378933333333°„E,654.6,0.033,
13:17:53.00,24-07-14,28.17395683333333°„N,104.81378933333333°„E,654.6,0.037,
13:17:54.00,24-07-14,28.173956666666665°„N,104.81378933333333°„E,654.6,0.010,
13:17:55.00,24-07-14,28.1739565°„N,104.81378933333333°„E,654.6,0.057,
13:17:56.00,24-07-14,28.173956333333333°„N,104.81378933333333°„E,654.6,0.063,
13:17:57.00,24-07-14,28.173956166666667°„N,104.81378933333333°„E,654.7,0.036,
13:17:58.00,24-07-14,28.173956°„N,104.8137895°„E,654.7,0.037,
13:17:59.00,24-07-14,28.173955666666668°„N,104.8137895°„E,654.7,0.009,
13:18:00.00,24-07-14,28.1739555°„N,104.81378933333333°„E,654.8,0.006,
13:18:01.00,24-07-14,28.173955166666666°„N,104.81378933333333°„E,654.8,0.030,
13:18:02.00,24-07-14,28.173954833333333°„N,104.8137895°„E,654.9,0.050,
13:18:03.00,24-07-14,28.1739545°„N,104.8137895°„E,655.0,0.022,
13:18:04.00,24-07-14,28.173954333333334°„N,104.8137895°„E,655.0,0.027,
13:18:05.00,24-07-14,28.173954°„N,104.8137895°„E,655.1,0.029,
13:18:06.00,24-07-14,28.173953833333332°„N,104.8137895°„E,655.2,0.020,
13:18:07.00,24-07-14,28.173953666666666°„N,104.81378966666666°„E,655.2,0.049,
13:18:08.00,24-07-14,28.173953333333333°„N,104.81378983333333°„E,655.3,0.048,
13:18:09.00,24-07-14,28.173953333333333°„N,104.81379°„E,655.4,0.054,
13:18:10.00,24-07-14,28.173953°„N,104.81379016666666°„E,655.5,0.042,
13:18:11.00,24-07-14,28.173952833333335°„N,104.81379033333333°„E,655.5,0.051,
13:18:12.00,24-07-14,28.17395266666667°„N,104.81379033333333°„E,655.6,0.024,
13:18:13.00,24-07-14,28.1739525°„N,104.81379033333333°„E,655.7,0.035,
13:18:14.00,24-07-14,28.173952166666666°„N,104.81379033333333°„E,655.8,0.031,
13:18:15.00,24-07-14,28.173952°„N,104.81379033333333°„E,655.8,0.009,
13:18:16.00,24-07-14,28.173951833333334°„N,104.81379016666666°„E,655.9,0.008,
13:18:17.00,24-07-14,28.1739515°„N,104.81379016666666°„E,655.9,0.029,
13:18:18.00,24-07-14,28.173951333333335°„N,104.81379016666666°„E,656.0,0.015,
13:18:19.00,24-07-14,28.173951166666665°„N,104.81379016666666°„E,656.0,0.023,
13:18:20.00,24-07-14,28.173951°„N,104.81379°„E,656.0,0.046,
13:18:21.00,24-07-14,28.173950833333333°„N,104.81379°„E,656.0,0.024,
13:18:22.00,24-07-14,28.1739505°„N,104.81379°„E,656.1,0.020,
13:18:23.00,24-07-14,28.173950166666668°„N,104.81378983333333°„E,656.1,0.021,
13:18:24.00,24-07-14,28.17394983333333°„N,104.81378983333333°„E,656.1,0.027,
13:18:25.00,24-07-14,28.173949666666665°„N,104.81378966666666°„E,656.2,0.010,
13:18:26.00,24-07-14,28.173949333333333°„N,104.81378966666666°„E,656.2,0.002,
13:18:27.00,24-07-14,28.173949°„N,104.8137895°„E,656.3,0.012,
13:18:28.00,24-07-14,28.173948666666668°„N,104.81378916666667°„E,656.3,0.027,
13:18:29.00,24-07-14,28.173948333333332°„N,104.813789°„E,656.3,0.019,
13:18:30.00,24-07-14,28.173948°„N,104.81378883333333°„E,656.4,0.023,
13:18:31.00,24-07-14,28.173947833333333°„N,104.81378866666667°„E,656.4,0.018,
13:18:32.00,24-07-14,28.173947666666667°„N,104.8137885°„E,656.4,0.019,
13:18:33.00,24-07-14,28.1739475°„N,104.81378833333333°„E,656.4,0.017,
13:18:34.00,24-07-14,28.173947333333334°„N,104.81378833333333°„E,656.5,0.018,
13:18:35.00,24-07-14,28.173947166666668°„N,104.81378816666667°„E,656.5,0.057,
13:18:36.00,24-07-14,28.173947°„N,104.813788°„E,656.5,0.005,
13:18:37.00,24-07-14,28.173946833333332°„N,104.81378783333334°„E,656.6,0.031,
13:18:38.00,24-07-14,28.173946666666666°„N,104.81378766666667°„E,656.6,0.022,
13:18:39.00,24-07-14,28.1739465°„N,104.8137875°„E,656.7,0.010,
13:18:40.00,24-07-14,28.1739465°„N,104.8137875°„E,656.7,0.016,
13:18:41.00,24-07-14,28.1739465°„N,104.8137875°„E,656.8,0.021,
13:18:42.00,24-07-14,28.1739465°„N,104.8137875°„E,656.8,0.011,
13:18:43.00,24-07-14,28.1739465°„N,104.8137875°„E,656.9,0.029,
13:18:44.00,24-07-14,28.173946666666666°„N,104.81378766666667°„E,656.9,0.042,
13:18:45.00,24-07-14,28.173946666666666°„N,104.81378766666667°„E,657.0,0.036,
13:18:46.00,24-07-14,28.173946833333332°„N,104.81378783333334°„E,657.0,0.060,
13:18:47.00,24-07-14,28.173947°„N,104.813788°„E,657.0,0.036,
13:18:48.00,24-07-14,28.173947166666668°„N,104.813788°„E,657.1,0.061,
13:18:49.00,24-07-14,28.173947333333334°„N,104.81378783333334°„E,657.1,0.031,
13:18:50.00,24-07-14,28.1739475°„N,104.81378783333334°„E,657.1,0.037,
13:18:51.00,24-07-14,28.173947666666667°„N,104.81378783333334°„E,657.1,0.036,
13:18:52.00,24-07-14,28.173947833333333°„N,104.81378766666667°„E,657.1,0.037,
13:18:53.00,24-07-14,28.173948°„N,104.81378766666667°„E,657.1,0.020,
13:18:54.00,24-07-14,28.173948166666666°„N,104.81378766666667°„E,657.1,0.027,
13:18:55.00,24-07-14,28.173948333333332°„N,104.81378766666667°„E,657.1,0.045,
13:18:56.00,24-07-14,28.173948333333332°„N,104.81378766666667°„E,657.1,0.040,
13:18:57.00,24-07-14,28.173948333333332°„N,104.81378766666667°„E,657.1,0.075,
13:18:58.00,24-07-14,28.1739485°„N,104.81378766666667°„E,657.1,0.050,
13:18:59.00,24-07-14,28.1739485°„N,104.8137875°„E,657.1,0.011,
13:19:00.00,24-07-14,28.1739485°„N,104.81378733333334°„E,657.1,0.016,
13:19:01.00,24-07-14,28.173948333333332°„N,104.81378716666667°„E,657.0,0.048,
13:19:02.00,24-07-14,28.173948333333332°„N,104.81378683333334°„E,657.0,0.032,
13:19:03.00,24-07-14,28.173948333333332°„N,104.81378666666667°„E,657.0,0.052,
13:19:04.00,24-07-14,28.173948166666666°„N,104.81378633333334°„E,656.9,0.040,
13:19:05.00,24-07-14,28.173948166666666°„N,104.81378616666667°„E,656.9,0.033,
13:19:06.00,24-07-14,28.173948°„N,104.813786°„E,656.9,0.015,
13:19:07.00,24-07-14,28.173947833333333°„N,104.813786°„E,656.9,0.021,
13:19:08.00,24-07-14,28.173947833333333°„N,104.813786°„E,656.9,0.057,
13:19:09.00,24-07-14,28.173947666666667°„N,104.813786°„E,656.9,0.051,
13:19:10.00,24-07-14,28.1739475°„N,104.81378616666667°„E,656.9,0.049,
13:19:11.00,24-07-14,28.1739475°„N,104.81378616666667°„E,656.8,0.030,
13:19:12.00,24-07-14,28.173947666666667°„N,104.81378616666667°„E,656.8,0.057,
13:19:13.00,24-07-14,28.173947666666667°„N,104.813786°„E,656.8,0.039,
13:19:14.00,24-07-14,28.1739475°„N,104.81378583333333°„E,656.8,0.027,
13:19:15.00,24-07-14,28.1739475°„N,104.81378583333333°„E,656.7,0.054,
13:19:16.00,24-07-14,28.1739475°„N,104.81378566666666°„E,656.7,0.062,
13:19:17.00,24-07-14,28.1739475°„N,104.81378566666666°„E,656.7,0.024,
13:19:18.00,24-07-14,28.1739475°„N,104.81378566666666°„E,656.7,0.036,
13:19:19.00,24-07-14,28.1739475°„N,104.81378583333333°„E,656.7,0.050,
13:19:20.00,24-07-14,28.1739475°„N,104.813786°„E,656.7,0.062,
13:19:21.00,24-07-14,28.173947333333334°„N,104.813786°„E,656.7,0.060,
13:19:22.00,24-07-14,28.173947333333334°„N,104.81378616666667°„E,656.6,0.051,
13:19:23.00,24-07-14,28.173947166666668°„N,104.81378616666667°„E,656.6,0.034,
13:19:24.00,24-07-14,28.173947166666668°„N,104.81378616666667°„E,656.6,0.037,
13:19:25.00,24-07-14,28.173947°„N,104.81378616666667°„E,656.6,0.055,
13:19:26.00,24-07-14,28.173946833333332°„N,104.813786°„E,656.6,0.049,
13:19:27.00,24-07-14,28.173946666666666°„N,104.813786°„E,656.5,0.028,
13:19:28.00,24-07-14,28.1739465°„N,104.813786°„E,656.5,0.061,
13:19:29.00,24-07-14,28.1739465°„N,104.81378583333333°„E,656.5,0.021,
13:19:30.00,24-07-14,28.173946333333333°„N,104.813786°„E,656.5,0.045,
13:19:31.00,24-07-14,28.173946333333333°„N,104.81378616666667°„E,656.5,0.045,
13:19:32.00,24-07-14,28.173946333333333°„N,104.8137865°„E,656.5,0.072,
13:19:33.00,24-07-14,28.173946333333333°„N,104.81378666666667°„E,656.5,0.044,
13:19:34.00,24-07-14,28.1739465°„N,104.81378683333334°„E,656.4,0.050,
13:19:35.00,24-07-14,28.1739465°„N,104.81378716666667°„E,656.4,0.034,
13:19:36.00,24-07-14,28.1739465°„N,104.8137875°„E,656.3,0.032,
13:19:37.00,24-07-14,28.1739465°„N,104.81378766666667°„E,656.2,0.043,
13:19:38.00,24-07-14,28.173946333333333°„N,104.81378783333334°„E,656.2,0.047,
13:19:39.00,24-07-14,28.173946333333333°„N,104.81378816666667°„E,656.1,0.033,
13:19:40.00,24-07-14,28.173946333333333°„N,104.81378833333333°„E,656.1,0.026,
13:19:41.00,24-07-14,28.173946166666667°„N,104.8137885°„E,656.0,0.067,
13:19:42.00,24-07-14,28.173946166666667°„N,104.81378866666667°„E,656.0,0.012,
13:19:43.00,24-07-14,28.173946166666667°„N,104.81378883333333°„E,655.9,0.052,
13:19:44.00,24-07-14,28.173946166666667°„N,104.813789°„E,655.9,0.029,
13:19:45.00,24-07-14,28.173946166666667°„N,104.81378916666667°„E,655.8,0.066,
13:19:46.00,24-07-14,28.173946166666667°„N,104.81378933333333°„E,655.8,0.048,
13:19:47.00,24-07-14,28.173946333333333°„N,104.8137895°„E,655.7,0.079,
13:19:48.00,24-07-14,28.173946333333333°„N,104.8137895°„E,655.6,0.023,
13:19:49.00,24-07-14,28.173946166666667°„N,104.8137895°„E,655.6,0.036,
13:19:50.00,24-07-14,28.173946°„N,104.81378933333333°„E,655.5,0.032,
13:19:51.00,24-07-14,28.173946°„N,104.81378933333333°„E,655.4,0.029,
13:19:52.00,24-07-14,28.173945833333335°„N,104.81378916666667°„E,655.4,0.042,
13:19:53.00,24-07-14,28.17394566666667°„N,104.813789°„E,655.3,0.033,
13:19:54.00,24-07-14,28.17394566666667°„N,104.81378883333333°„E,655.1,0.026,
13:19:55.00,24-07-14,28.17394566666667°„N,104.81378883333333°„E,655.1,0.020,
13:19:56.00,24-07-14,28.17394566666667°„N,104.81378866666667°„E,655.0,0.018,
13:19:57.00,24-07-14,28.17394566666667°„N,104.8137885°„E,654.9,0.023,
13:19:58.00,24-07-14,28.173945833333335°„N,104.8137885°„E,654.7,0.017,
13:19:59.00,24-07-14,28.173946°„N,104.81378833333333°„E,654.6,0.035,
13:20:00.00,24-07-14,28.173946°„N,104.81378816666667°„E,654.5,0.013,
13:20:01.00,24-07-14,28.173946166666667°„N,104.813788°„E,654.4,0.002,
13:20:02.00,24-07-14,28.173946333333333°„N,104.81378783333334°„E,654.3,0.005,
13:20:03.00,24-07-14,28.173947666666667°„N,104.8137865°„E,654.2,0.939,279.77
13:20:04.00,24-07-14,28.173951333333335°„N,104.813782°„E,654.1,2.667,310.96
13:20:05.00,24-07-14,28.173958333333335°„N,104.813774°„E,654.1,4.423,313.24
13:20:06.00,24-07-14,28.17396816666667°„N,104.81376116666667°„E,654.2,6.704,310.35
13:20:07.00,24-07-14,28.173980333333333°„N,104.81374383333333°„E,654.3,8.269,308.48
13:20:08.00,24-07-14,28.173991833333332°„N,104.81372616666667°„E,654.4,7.642,306.85
13:20:09.00,24-07-14,28.174003666666668°„N,104.81370783333334°„E,654.4,8.121,305.98
13:20:10.00,24-07-14,28.1740145°„N,104.81369033333333°„E,654.4,7.236,305.10
13:20:11.00,24-07-14,28.174025333333333°„N,104.8136735°„E,654.5,7.448,305.99
13:20:12.00,24-07-14,28.1740365°„N,104.81365566666666°„E,654.5,7.897,305.05
13:20:13.00,24-07-14,28.17405°„N,104.81363566666667°„E,654.5,9.295,307.41
13:20:14.00,24-07-14,28.174064833333333°„N,104.81361333333334°„E,654.7,10.219,306.87
13:20:15.00,24-07-14,28.174081166666667°„N,104.81359016666667°„E,654.9,10.712,308.80
13:20:16.00,24-07-14,28.174099333333334°„N,104.81356766666667°„E,655.0,10.877,312.71
13:20:17.00,24-07-14,28.174119333333334°„N,104.81354466666667°„E,655.0,11.547,314.70
13:20:18.00,24-07-14,28.1741405°„N,104.81351916666667°„E,655.1,12.674,312.55
13:20:19.00,24-07-14,28.17416516666667°„N,104.81348933333334°„E,654.6,15.149,313.01
13:20:20.00,24-07-14,28.174193666666667°„N,104.81345483333334°„E,654.1,17.341,313.11
13:20:21.00,24-07-14,28.174225°„N,104.81341616666667°„E,653.6,18.984,311.62
13:20:22.00,24-07-14,28.174256166666666°„N,104.81337266666667°„E,652.9,20.105,307.63
13:20:23.00,24-07-14,28.174286666666667°„N,104.813326°„E,652.4,20.760,306.14
13:20:24.00,24-07-14,28.1743165°„N,104.8132785°„E,652.1,20.507,304.48
13:20:25.00,24-07-14,28.174345166666665°„N,104.81323083333334°„E,651.7,20.209,303.86
13:20:26.00,24-07-14,28.174373166666665°„N,104.81318816666666°„E,650.3,17.917,307.18
13:20:27.00,24-07-14,28.174404166666665°„N,104.81314966666666°„E,650.0,18.658,313.89
13:20:28.00,24-07-14,28.174440333333333°„N,104.8131165°„E,649.5,18.577,322.78
13:20:29.00,24-07-14,28.174478666666666°„N,104.81308716666666°„E,649.2,18.240,326.53
13:20:30.00,24-07-14,28.17451833333333°„N,104.813061°„E,649.0,18.249,330.42
13:20:31.00,24-07-14,28.174557666666665°„N,104.813035°„E,648.9,18.049,329.60
13:20:32.00,24-07-14,28.174594833333334°„N,104.81300866666666°„E,648.7,17.240,327.24
13:20:33.00,24-07-14,28.174627333333333°„N,104.81298°„E,648.6,16.071,321.03
13:20:34.00,24-07-14,28.174656333333335°„N,104.81295033333333°„E,648.5,15.375,317.10
13:20:35.00,24-07-14,28.1746815°„N,104.81291866666666°„E,648.4,14.907,310.07
13:20:36.00,24-07-14,28.1747°„N,104.81288466666666°„E,648.4,13.711,298.45
13:20:37.00,24-07-14,28.174707833333333°„N,104.812852°„E,648.3,11.498,280.40
13:20:38.00,24-07-14,28.1747045°„N,104.812822°„E,648.2,10.599,258.84
13:20:39.00,24-07-14,28.174693666666666°„N,104.8127985°„E,648.1,9.169,239.01
13:20:40.00,24-07-14,28.174676666666667°„N,104.81278116666667°„E,648.2,9.446,219.72
13:20:41.00,24-07-14,28.174653833333334°„N,104.81276966666667°„E,648.3,10.528,202.44
13:20:42.00,24-07-14,28.174626833333335°„N,104.81276566666666°„E,648.4,11.286,185.55
13:20:43.00,24-07-14,28.1745965°„N,104.81276466666667°„E,648.6,12.601,181.81
13:20:44.00,24-07-14,28.17456333333333°„N,104.81276366666667°„E,648.7,13.682,181.97
13:20:45.00,24-07-14,28.174527666666666°„N,104.8127625°„E,648.9,14.697,181.73
13:20:46.00,24-07-14,28.1744905°„N,104.8127625°„E,649.1,15.090,179.97
13:20:47.00,24-07-14,28.174451333333334°„N,104.812763°„E,649.4,16.078,179.43
13:20:48.00,24-07-14,28.1744115°„N,104.81276283333334°„E,650.2,16.167,180.83
13:20:49.00,24-07-14,28.17437°„N,104.812763°„E,650.8,16.871,179.16
13:20:50.00,24-07-14,28.174328°„N,104.81276283333334°„E,651.4,16.764,180.54
13:20:51.00,24-07-14,28.174286333333335°„N,104.81276283333334°„E,651.9,16.540,179.91
13:20:52.00,24-07-14,28.1742465°„N,104.81276133333333°„E,652.4,15.786,182.42
13:20:53.00,24-07-14,28.174207666666668°„N,104.81275916666667°„E,652.9,15.373,182.66
13:20:54.00,24-07-14,28.17416933333333°„N,104.81275666666667°„E,653.1,15.400,183.58
13:20:55.00,24-07-14,28.1741285°„N,104.81275416666666°„E,653.3,16.656,182.63
13:20:56.00,24-07-14,28.174085333333334°„N,104.81275366666667°„E,653.4,17.547,180.06
13:20:57.00,24-07-14,28.174041333333335°„N,104.81275583333333°„E,653.6,17.602,176.65
13:20:58.00,24-07-14,28.173998°„N,104.812761°„E,653.7,17.292,173.03
13:20:59.00,24-07-14,28.173956333333333°„N,104.81277016666667°„E,653.8,16.856,167.66
13:21:00.00,24-07-14,28.1739145°„N,104.81278333333333°„E,653.9,17.524,163.41
13:21:01.00,24-07-14,28.173870666666666°„N,104.81280083333333°„E,654.0,19.014,159.51
13:21:02.00,24-07-14,28.173825°„N,104.812823°„E,654.0,20.209,155.82
13:21:03.00,24-07-14,28.173778833333333°„N,104.81284716666667°„E,654.2,20.389,155.21
13:21:04.00,24-07-14,28.1737325°„N,104.81287283333333°„E,654.4,20.630,153.56
13:21:05.00,24-07-14,28.173687166666667°„N,104.81289966666667°„E,654.6,20.305,152.23
13:21:06.00,24-07-14,28.1736435°„N,104.8129275°„E,654.8,19.858,149.96
13:21:07.00,24-07-14,28.17360083333333°„N,104.81295616666667°„E,654.8,19.842,149.21
13:21:08.00,24-07-14,28.173557833333334°„N,104.81298483333333°„E,654.7,19.979,149.56
13:21:09.00,24-07-14,28.173513166666666°„N,104.81301033333334°„E,654.7,19.945,154.62
13:21:10.00,24-07-14,28.173467°„N,104.81302833333334°„E,654.8,19.368,163.43
13:21:11.00,24-07-14,28.173420166666666°„N,104.81303816666667°„E,654.9,18.929,171.76
13:21:12.00,24-07-14,28.173373°„N,104.81304383333334°„E,654.9,18.885,174.87
13:21:13.00,24-07-14,28.173324666666666°„N,104.81304816666666°„E,654.9,19.687,175.74
13:21:14.00,24-07-14,28.1732725°„N,104.8130515°„E,654.9,21.235,177.14
13:21:15.00,24-07-14,28.173216333333333°„N,104.8130525°„E,654.8,23.000,180.07
13:21:16.00,24-07-14,28.173156833333334°„N,104.81304966666667°„E,654.5,24.153,183.52
13:21:17.00,24-07-14,28.1730955°„N,104.81304116666666°„E,654.3,25.031,188.90
13:21:18.00,24-07-14,28.173035°„N,104.81302783333334°„E,654.2,24.732,192.49
13:21:19.00,24-07-14,28.172975333333333°„N,104.81301333333333°„E,654.0,24.225,192.34
13:21:20.00,24-07-14,28.172915166666666°„N,104.812999°„E,653.6,24.778,192.04
13:21:21.00,24-07-14,28.172852166666665°„N,104.81298566666666°„E,653.3,25.962,190.31
13:21:22.00,24-07-14,28.172789833333333°„N,104.81296966666666°„E,653.1,25.466,193.96
13:21:23.00,24-07-14,28.172732°„N,104.81294633333333°„E,653.0,24.190,202.18
13:21:24.00,24-07-14,28.1726815°„N,104.8129125°„E,653.0,23.378,214.40
13:21:25.00,24-07-14,28.172640833333332°„N,104.81286816666666°„E,653.2,22.447,228.16
13:21:26.00,24-07-14,28.172606666666667°„N,104.81281933333334°„E,653.3,21.831,233.28
13:21:27.00,24-07-14,28.172576°„N,104.812769°„E,653.4,21.536,236.41
13:21:28.00,24-07-14,28.172547°„N,104.81271866666667°„E,653.3,21.142,237.27
13:21:29.00,24-07-14,28.172516833333333°„N,104.812671°„E,653.0,20.616,233.42
13:21:30.00,24-07-14,28.172483166666666°„N,104.81262816666667°„E,652.3,20.155,226.54
13:21:31.00,24-07-14,28.172445166666666°„N,104.81259083333333°„E,651.4,20.202,219.07
13:21:32.00,24-07-14,28.172400666666668°„N,104.81256066666667°„E,650.5,21.074,208.08
13:21:33.00,24-07-14,28.172349°„N,104.8125395°„E,649.5,22.471,197.12
13:21:34.00,24-07-14,28.172291°„N,104.81252416666666°„E,648.4,24.358,191.96
13:21:35.00,24-07-14,28.172229°„N,104.81251°„E,647.5,25.662,191.02
13:21:36.00,24-07-14,28.172163333333334°„N,104.8124965°„E,646.5,27.094,190.10
13:21:37.00,24-07-14,28.172096°„N,104.81248216666667°„E,645.5,27.378,190.72
13:21:38.00,24-07-14,28.172030666666668°„N,104.812463°„E,644.8,26.777,196.00
13:21:39.00,24-07-14,28.171970833333333°„N,104.81243666666667°„E,644.0,25.214,203.62
13:21:40.00,24-07-14,28.171916°„N,104.81240366666667°„E,643.0,24.604,209.86
13:21:41.00,24-07-14,28.171863166666668°„N,104.8123695°„E,641.9,24.162,209.81
13:21:42.00,24-07-14,28.171811°„N,104.81233466666667°„E,640.8,24.196,210.88
13:21:43.00,24-07-14,28.171759833333333°„N,104.812301°„E,639.9,23.254,209.73
13:21:44.00,24-07-14,28.171715°„N,104.81226833333334°„E,639.3,20.496,213.96
13:21:45.00,24-07-14,28.1716825°„N,104.8122355°„E,638.7,16.016,225.06
13:21:46.00,24-07-14,28.171662833333333°„N,104.812202°„E,638.1,13.548,240.65
13:21:47.00,24-07-14,28.1716555°„N,104.81216833333333°„E,637.5,11.848,261.08
13:21:48.00,24-07-14,28.171658333333333°„N,104.8121325°„E,636.8,13.122,279.45
13:21:49.00,24-07-14,28.171669833333333°„N,104.81209166666666°„E,635.8,15.913,290.29
13:21:50.00,24-07-14,28.17168716666667°„N,104.812045°„E,634.9,18.670,293.43
13:21:51.00,24-07-14,28.171707833333333°„N,104.81199183333334°„E,633.9,21.266,293.86
13:21:52.00,24-07-14,28.171731333333334°„N,104.81193516666667°„E,633.0,22.480,295.49
13:21:53.00,24-07-14,28.171751333333333°„N,104.81187733333333°„E,632.4,21.627,289.94
13:21:54.00,24-07-14,28.171764833333334°„N,104.81181983333333°„E,631.8,20.667,282.72
13:21:55.00,24-07-14,28.171776°„N,104.811762°„E,631.2,20.829,282.28
13:21:56.00,24-07-14,28.1717895°„N,104.81170416666667°„E,630.6,21.189,285.79
13:21:57.00,24-07-14,28.1718065°„N,104.81164833333334°„E,630.1,20.680,290.23
13:21:58.00,24-07-14,28.171825666666667°„N,104.811596°„E,629.6,19.737,293.16
13:21:59.00,24-07-14,28.171845666666666°„N,104.81154933333333°„E,629.1,17.663,297.05
13:22:00.00,24-07-14,28.171865166666667°„N,104.8115085°„E,628.7,15.902,298.88
13:22:01.00,24-07-14,28.171886166666667°„N,104.81146883333334°„E,628.0,16.456,301.20
13:22:02.00,24-07-14,28.171904833333333°„N,104.8114275°„E,627.3,16.388,295.34
13:22:03.00,24-07-14,28.171916666666668°„N,104.8113865°„E,626.9,14.778,284.99
13:22:04.00,24-07-14,28.1719195°„N,104.81134983333334°„E,626.6,12.380,271.08
13:22:05.00,24-07-14,28.171914166666667°„N,104.811318°„E,626.3,11.215,256.25
13:22:06.00,24-07-14,28.1719015°„N,104.8112895°„E,626.0,11.447,241.28
13:22:07.00,24-07-14,28.171881166666665°„N,104.81126433333333°„E,625.7,12.483,224.17
13:22:08.00,24-07-14,28.171851333333333°„N,104.81124566666666°„E,625.2,14.305,205.20
13:22:09.00,24-07-14,28.171814833333332°„N,104.81123133333334°„E,623.6,15.965,197.10
13:22:10.00,24-07-14,28.171769333333334°„N,104.81122833333333°„E,623.0,19.377,179.85
13:22:11.00,24-07-14,28.171718333333335°„N,104.8112295°„E,622.6,20.798,179.27
13:22:12.00,24-07-14,28.171665333333333°„N,104.8112285°„E,622.4,21.393,181.80
13:22:13.00,24-07-14,28.17161116666667°„N,104.811225°„E,622.1,21.684,183.79
13:22:14.00,24-07-14,28.171556333333335°„N,104.81121916666666°„E,621.8,22.120,186.17
13:22:15.00,24-07-14,28.1715°„N,104.81121233333333°„E,621.5,22.826,186.04
13:22:16.00,24-07-14,28.171441°„N,104.8112075°„E,621.2,23.939,183.33
13:22:17.00,24-07-14,28.17138°„N,104.81120566666667°„E,620.7,24.500,180.90
13:22:18.00,24-07-14,28.171317166666668°„N,104.81120616666666°„E,620.4,25.275,178.93
13:22:19.00,24-07-14,28.171253333333333°„N,104.8112075°„E,620.1,25.581,178.81
13:22:20.00,24-07-14,28.171189666666667°„N,104.811208°„E,619.9,25.372,179.87
13:22:21.00,24-07-14,28.171126666666666°„N,104.81120716666666°„E,619.7,25.025,180.85
13:22:22.00,24-07-14,28.171067333333333°„N,104.81120366666667°„E,619.5,23.066,184.04
13:22:23.00,24-07-14,28.171012666666666°„N,104.81119766666667°„E,619.3,21.430,186.02
13:22:24.00,24-07-14,28.170961666666667°„N,104.81119333333334°„E,619.1,19.918,183.67
13:22:25.00,24-07-14,28.170913°„N,104.81119033333333°„E,618.8,19.221,182.92
13:22:26.00,24-07-14,28.170863333333333°„N,104.8111855°„E,618.5,20.147,185.60
13:22:27.00,24-07-14,28.17081°„N,104.81117883333333°„E,618.1,21.827,186.44
13:22:28.00,24-07-14,28.170752333333333°„N,104.81117116666667°„E,617.6,23.690,186.82
13:22:29.00,24-07-14,28.17069083333333°„N,104.811164°„E,617.3,25.098,185.45
13:22:30.00,24-07-14,28.170625666666666°„N,104.81115883333334°„E,617.1,26.432,183.44
13:22:31.00,24-07-14,28.170558°„N,104.811156°„E,617.1,27.230,181.44
13:22:32.00,24-07-14,28.170488166666665°„N,104.811158°„E,617.2,28.236,177.32
13:22:33.00,24-07-14,28.170417°„N,104.81116533333334°„E,617.5,28.663,173.78
13:22:34.00,24-07-14,28.170345833333332°„N,104.81117766666667°„E,617.9,28.659,170.24
13:22:35.00,24-07-14,28.170276°„N,104.81119633333333°„E,618.5,28.700,165.30
13:22:36.00,24-07-14,28.170207333333334°„N,104.81121866666666°„E,618.9,28.382,163.23
13:22:37.00,24-07-14,28.1701395°„N,104.81124083333333°„E,619.1,28.033,164.17
13:22:38.00,24-07-14,28.170072666666666°„N,104.8112585°„E,619.2,27.040,167.69
13:22:39.00,24-07-14,28.170007833333333°„N,104.81127°„E,619.1,25.780,172.57
13:22:40.00,24-07-14,28.169945333333335°„N,104.81127283333333°„E,618.9,24.596,179.84
13:22:41.00,24-07-14,28.169883833333333°„N,104.81126566666667°„E,618.7,24.743,188.24
13:22:42.00,24-07-14,28.169822333333332°„N,104.81124816666667°„E,618.6,25.538,196.51
13:22:43.00,24-07-14,28.169764333333333°„N,104.8112205°„E,618.7,25.106,205.59
13:22:44.00,24-07-14,28.169714833333334°„N,104.811184°„E,618.9,23.159,216.45
13:22:45.00,24-07-14,28.169675666666667°„N,104.81114266666667°„E,619.5,20.871,226.18
13:22:46.00,24-07-14,28.169644833333333°„N,104.811099°„E,620.0,19.306,233.57
13:22:47.00,24-07-14,28.169620333333334°„N,104.81105616666666°„E,620.5,17.591,238.89
13:22:48.00,24-07-14,28.169601333333333°„N,104.8110185°„E,620.8,14.376,240.61
13:22:49.00,24-07-14,28.169585333333334°„N,104.81098616666667°„E,621.1,12.541,240.49
13:22:50.00,24-07-14,28.169568333333334°„N,104.81095533333334°„E,621.5,13.060,237.30
13:22:51.00,24-07-14,28.169547166666668°„N,104.81092533333333°„E,622.0,13.750,229.59
13:22:52.00,24-07-14,28.169521333333332°„N,104.81089866666667°„E,622.5,14.181,220.17
13:22:53.00,24-07-14,28.169491166666667°„N,104.810877°„E,623.0,14.370,210.14
13:22:54.00,24-07-14,28.169458666666667°„N,104.8108595°„E,623.4,14.452,203.94
13:22:55.00,24-07-14,28.169424333333332°„N,104.81084466666667°„E,623.8,14.741,200.25
13:22:56.00,24-07-14,28.169390333333332°„N,104.81083216666667°„E,624.3,14.165,197.21
13:22:57.00,24-07-14,28.169358666666668°„N,104.81082366666666°„E,624.7,12.468,192.16
13:22:58.00,24-07-14,28.169330833333333°„N,104.81081983333333°„E,625.0,10.674,185.88
13:22:59.00,24-07-14,28.169305833333333°„N,104.810818°„E,625.2,9.795,183.42
13:23:00.00,24-07-14,28.169284666666666°„N,104.81081316666666°„E,625.4,8.217,193.37
13:23:01.00,24-07-14,28.169270666666666°„N,104.8108045°„E,625.6,5.727,208.60
13:23:02.00,24-07-14,28.169260833333333°„N,104.810792°„E,625.8,6.117,227.28
13:23:03.00,24-07-14,28.1692555°„N,104.81077883333333°„E,625.9,4.661,241.10
13:23:04.00,24-07-14,28.1692535°„N,104.81076716666666°„E,626.1,4.093,252.48
13:23:05.00,24-07-14,28.169252666666665°„N,104.81076166666666°„E,626.2,1.070,252.97
13:23:06.00,24-07-14,28.1692525°„N,104.81076066666667°„E,626.2,0.016,
13:23:07.00,24-07-14,28.1692525°„N,104.81076066666667°„E,626.2,0.050,
13:23:08.00,24-07-14,28.169253333333334°„N,104.81076266666666°„E,626.1,1.138,344.20
13:23:09.00,24-07-14,28.169255166666666°„N,104.8107665°„E,626.1,1.643,35.81
13:23:10.00,24-07-14,28.169256833333332°„N,104.81077066666667°„E,626.1,1.628,52.48
13:23:11.00,24-07-14,28.16925833333333°„N,104.8107745°„E,626.0,1.419,58.78
13:23:12.00,24-07-14,28.169258833333334°„N,104.81077583333334°„E,626.0,0.083,
13:23:13.00,24-07-14,28.169259°„N,104.81077583333334°„E,626.1,0.050,
13:23:14.00,24-07-14,28.169259°„N,104.81077583333334°„E,626.1,0.043,
13:23:15.00,24-07-14,28.169259166666667°„N,104.81077583333334°„E,626.2,0.055,
13:23:16.00,24-07-14,28.169259166666667°„N,104.81077583333334°„E,626.2,0.022,
13:23:17.00,24-07-14,28.169259333333333°„N,104.81077583333334°„E,626.3,0.059,
13:23:18.00,24-07-14,28.1692595°„N,104.810776°„E,626.3,0.043,
13:23:19.00,24-07-14,28.1692595°„N,104.81077566666667°„E,626.3,0.200,
13:23:20.00,24-07-14,28.169260333333334°„N,104.8107715°„E,626.4,2.011,320.91
13:23:21.00,24-07-14,28.169262166666666°„N,104.810765°„E,626.5,2.604,300.23
13:23:22.00,24-07-14,28.169264666666667°„N,104.81075716666666°„E,626.6,3.068,293.98
13:23:23.00,24-07-14,28.169267833333333°„N,104.8107505°„E,626.6,2.536,297.15
13:23:24.00,24-07-14,28.169270166666667°„N,104.81074616666666°„E,626.7,1.478,297.76
13:23:25.00,24-07-14,28.169270666666666°„N,104.81074516666666°„E,626.7,0.029,
13:23:26.00,24-07-14,28.169270833333332°„N,104.81074516666666°„E,626.7,0.061,
13:23:27.00,24-07-14,28.169270833333332°„N,104.8107455°„E,626.7,0.219,
13:23:28.00,24-07-14,28.169270166666667°„N,104.810748°„E,626.7,1.127,2.42
13:23:29.00,24-07-14,28.1692695°„N,104.81075283333334°„E,626.7,2.001,76.26
13:23:30.00,24-07-14,28.169269°„N,104.8107555°„E,626.7,0.510,78.53
13:23:31.00,24-07-14,28.169268666666667°„N,104.81075583333333°„E,626.7,0.048,
13:23:32.00,24-07-14,28.169268833333334°„N,104.810756°„E,626.7,0.041,
13:23:33.00,24-07-14,28.169269333333332°„N,104.81075516666667°„E,626.7,0.477,15.35
13:23:34.00,24-07-14,28.169271166666668°„N,104.810752°„E,626.7,1.598,308.61
13:23:35.00,24-07-14,28.169272833333334°„N,104.81074866666667°„E,626.8,1.312,304.40
13:23:36.00,24-07-14,28.169274333333334°„N,104.81074583333333°„E,626.8,1.158,302.91
13:23:37.00,24-07-14,28.1692765°„N,104.81074183333334°„E,626.9,1.862,304.32
13:23:38.00,24-07-14,28.169279166666666°„N,104.81073683333334°„E,626.9,2.207,302.22
13:23:39.00,24-07-14,28.169282°„N,104.810732°„E,626.9,2.007,303.10
13:23:40.00,24-07-14,28.169285666666667°„N,104.8107265°„E,627.0,2.650,306.10
13:23:41.00,24-07-14,28.1692895°„N,104.81071933333334°„E,627.0,3.134,301.81
13:23:42.00,24-07-14,28.169294666666666°„N,104.81071°„E,627.0,4.212,303.29
13:23:43.00,24-07-14,28.169301833333332°„N,104.810698°„E,627.0,5.488,303.92
13:23:44.00,24-07-14,28.16931°„N,104.8106845°„E,627.0,5.878,304.92
13:23:45.00,24-07-14,28.169319666666667°„N,104.81067183333333°„E,627.0,5.952,310.56
13:23:46.00,24-07-14,28.16933°„N,104.81066133333333°„E,627.1,5.383,316.83
13:23:47.00,24-07-14,28.1693385°„N,104.810654°„E,627.1,3.803,319.35
13:23:48.00,24-07-14,28.1693415°„N,104.81065116666667°„E,627.2,0.600,319.27
13:23:49.00,24-07-14,28.169341833333334°„N,104.81065066666666°„E,627.2,0.047,
13:23:50.00,24-07-14,28.169341833333334°„N,104.81065066666666°„E,627.2,0.035,
13:23:51.00,24-07-14,28.169341833333334°„N,104.81065066666666°„E,627.3,0.040,
13:23:52.00,24-07-14,28.169342°„N,104.81065066666666°„E,627.3,0.044,
13:23:53.00,24-07-14,28.169342°„N,104.81065066666666°„E,627.4,0.016,
13:23:54.00,24-07-14,28.169341833333334°„N,104.8106505°„E,627.4,0.019,
13:23:55.00,24-07-14,28.169341833333334°„N,104.81065066666666°„E,627.4,0.026,
13:23:56.00,24-07-14,28.169341666666668°„N,104.81065083333333°„E,627.5,0.039,
13:23:57.00,24-07-14,28.169341666666668°„N,104.81065083333333°„E,627.5,0.045,
13:23:58.00,24-07-14,28.1693415°„N,104.81065100000001°„E,627.6,0.032,
13:23:59.00,24-07-14,28.169341333333332°„N,104.81065116666667°„E,627.6,0.022,
13:24:00.00,24-07-14,28.169341166666666°„N,104.81065116666667°„E,627.7,0.007,
13:24:01.00,24-07-14,28.169341°„N,104.81065133333334°„E,627.7,0.016,
13:24:02.00,24-07-14,28.169340833333333°„N,104.81065133333334°„E,627.8,0.019,
13:24:03.00,24-07-14,28.169340666666667°„N,104.81065133333334°„E,627.9,0.024,
13:24:04.00,24-07-14,28.1693405°„N,104.8106515°„E,627.9,0.022,
13:24:05.00,24-07-14,28.169340333333334°„N,104.8106515°„E,628.0,0.025,
13:24:06.00,24-07-14,28.169340166666668°„N,104.8106515°„E,628.0,0.007,
13:24:07.00,24-07-14,28.16934°„N,104.81065166666667°„E,628.1,0.011,
13:24:08.00,24-07-14,28.169339833333332°„N,104.81065166666667°„E,628.1,0.019,
13:24:09.00,24-07-14,28.169339666666666°„N,104.81065183333334°„E,628.2,0.039,
13:24:10.00,24-07-14,28.169339666666666°„N,104.810652°„E,628.2,0.043,
13:24:11.00,24-07-14,28.1693395°„N,104.810652°„E,628.3,0.011,
13:24:12.00,24-07-14,28.169339333333333°„N,104.810652°„E,628.4,0.026,
13:24:13.00,24-07-14,28.169339166666667°„N,104.81065183333334°„E,628.4,0.019,
13:24:14.00,24-07-14,28.169339166666667°„N,104.81065183333334°„E,628.5,0.026,
13:24:15.00,24-07-14,28.169339°„N,104.81065183333334°„E,628.6,0.009,
13:24:16.00,24-07-14,28.169339°„N,104.81065166666667°„E,628.6,0.032,
13:24:17.00,24-07-14,28.169338833333335°„N,104.81065166666667°„E,628.7,0.032,
13:24:18.00,24-07-14,28.169338833333335°„N,104.81065183333334°„E,628.7,0.043,
13:24:19.00,24-07-14,28.169338833333335°„N,104.81065183333334°„E,628.8,0.036,
13:24:20.00,24-07-14,28.16933866666667°„N,104.81065183333334°„E,628.8,0.017,
13:24:21.00,24-07-14,28.16933866666667°„N,104.81065166666667°„E,628.8,0.027,
13:24:22.00,24-07-14,28.16933866666667°„N,104.8106515°„E,628.9,0.034,
13:24:23.00,24-07-14,28.1693385°„N,104.81065133333334°„E,628.9,0.012,
13:24:24.00,24-07-14,28.1693385°„N,104.81065116666667°„E,628.9,0.030,
13:24:25.00,24-07-14,28.1693385°„N,104.81065083333333°„E,629.0,0.033,
13:24:26.00,24-07-14,28.1693385°„N,104.81065066666666°„E,629.0,0.026,
13:24:27.00,24-07-14,28.169338833333335°„N,104.81065083333333°„E,629.2,0.032,
13:24:28.00,24-07-14,28.169339°„N,104.81065083333333°„E,629.4,0.023,
13:24:29.00,24-07-14,28.169339166666667°„N,104.81065083333333°„E,629.6,0.004,
13:24:30.00,24-07-14,28.169339333333333°„N,104.81065100000001°„E,629.8,0.019,
13:24:31.00,24-07-14,28.169339333333333°„N,104.81065116666667°„E,630.0,0.047,
13:24:32.00,24-07-14,28.1693395°„N,104.81065133333334°„E,630.1,0.038,
13:24:33.00,24-07-14,28.169339666666666°„N,104.8106515°„E,630.2,0.050,
13:24:34.00,24-07-14,28.169339833333332°„N,104.8106515°„E,630.3,0.045,
13:24:35.00,24-07-14,28.16934°„N,104.8106515°„E,630.4,0.027,
13:24:36.00,24-07-14,28.16934°„N,104.81065133333334°„E,630.4,0.025,
13:24:37.00,24-07-14,28.16934°„N,104.81065116666667°„E,630.5,0.045,
13:24:38.00,24-07-14,28.16934°„N,104.81065100000001°„E,630.5,0.035,
13:24:39.00,24-07-14,28.16934°„N,104.81065083333333°„E,630.6,0.045,
13:24:40.00,24-07-14,28.16934°„N,104.81065066666666°„E,630.6,0.052,
13:24:41.00,24-07-14,28.169339833333332°„N,104.8106505°„E,630.6,0.026,
13:24:42.00,24-07-14,28.169339833333332°„N,104.81065066666666°„E,630.6,0.034,
13:24:43.00,24-07-14,28.169339833333332°„N,104.81065066666666°„E,630.6,0.069,
13:24:44.00,24-07-14,28.169339833333332°„N,104.81065083333333°„E,630.6,0.055,
13:24:45.00,24-07-14,28.169339666666666°„N,104.81065083333333°„E,630.5,0.049,
13:24:46.00,24-07-14,28.169339666666666°„N,104.81065083333333°„E,630.5,0.032,
13:24:47.00,24-07-14,28.1693395°„N,104.81065083333333°„E,630.5,0.063,
13:24:48.00,24-07-14,28.1693395°„N,104.81065083333333°„E,630.4,0.063,
13:24:49.00,24-07-14,28.169339333333333°„N,104.81065083333333°„E,630.4,0.011,
13:24:50.00,24-07-14,28.169339333333333°„N,104.81065083333333°„E,630.3,0.026,
13:24:51.00,24-07-14,28.169339°„N,104.81065066666666°„E,630.3,0.038,
13:24:52.00,24-07-14,28.169338833333335°„N,104.81065066666666°„E,630.2,0.030,
13:24:53.00,24-07-14,28.1693385°„N,104.81065066666666°„E,630.2,0.031,
13:24:54.00,24-07-14,28.169338333333332°„N,104.81065066666666°„E,630.1,0.033,
13:24:55.00,24-07-14,28.169338333333332°„N,104.81065066666666°„E,630.1,0.032,
13:24:56.00,24-07-14,28.169338166666666°„N,104.81065066666666°„E,630.1,0.030,
13:24:57.00,24-07-14,28.169338°„N,104.81065066666666°„E,630.0,0.041,
13:24:58.00,24-07-14,28.169338°„N,104.81065066666666°„E,630.0,0.036,
13:24:59.00,24-07-14,28.169338°„N,104.81065083333333°„E,630.0,0.069,
13:25:00.00,24-07-14,28.169338°„N,104.81065100000001°„E,629.9,0.023,
13:25:01.00,24-07-14,28.169337833333334°„N,104.81065083333333°„E,629.9,0.034,
13:25:02.00,24-07-14,28.169337833333334°„N,104.81065100000001°„E,629.9,0.020,
13:25:03.00,24-07-14,28.169337833333334°„N,104.81065100000001°„E,629.9,0.025,
13:25:04.00,24-07-14,28.169337666666667°„N,104.81065100000001°„E,629.9,0.024,
13:25:05.00,24-07-14,28.169337666666667°„N,104.81065100000001°„E,629.9,0.030,
13:25:06.00,24-07-14,28.169337666666667°„N,104.81065100000001°„E,629.9,0.024,
13:25:07.00,24-07-14,28.169337666666667°„N,104.81065116666667°„E,630.0,0.037,
13:25:08.00,24-07-14,28.169337666666667°„N,104.81065133333334°„E,630.0,0.032,
13:25:09.00,24-07-14,28.169337833333334°„N,104.8106515°„E,630.0,0.040,
13:25:10.00,24-07-14,28.169337833333334°„N,104.8106515°„E,630.1,0.030,
13:25:11.00,24-07-14,28.169337833333334°„N,104.81065166666667°„E,630.2,0.037,
13:25:12.00,24-07-14,28.169338°„N,104.81065183333334°„E,630.3,0.017,
13:25:13.00,24-07-14,28.169338°„N,104.810652°„E,630.3,0.018,
13:25:14.00,24-07-14,28.169338166666666°„N,104.810652°„E,630.4,0.016,
13:25:15.00,24-07-14,28.169338166666666°„N,104.810652°„E,630.5,0.023,
13:25:16.00,24-07-14,28.169338166666666°„N,104.810652°„E,630.5,0.016,
13:25:17.00,24-07-14,28.169338°„N,104.81065183333334°„E,630.6,0.031,
13:25:18.00,24-07-14,28.169338°„N,104.81065183333334°„E,630.6,0.020,
13:25:19.00,24-07-14,28.169338°„N,104.81065166666667°„E,630.7,0.034,
13:25:20.00,24-07-14,28.169338°„N,104.81065166666667°„E,630.8,0.012,
13:25:21.00,24-07-14,28.169338°„N,104.81065166666667°„E,630.8,0.016,
13:25:22.00,24-07-14,28.169338°„N,104.81065166666667°„E,630.8,0.067,
13:25:23.00,24-07-14,28.169338166666666°„N,104.81065166666667°„E,630.8,0.028,
13:25:24.00,24-07-14,28.169338°„N,104.81065166666667°„E,630.8,0.021,
13:25:25.00,24-07-14,28.169338°„N,104.8106515°„E,630.8,0.025,
13:25:26.00,24-07-14,28.169337833333334°„N,104.81065133333334°„E,630.8,0.031,
13:25:27.00,24-07-14,28.169337833333334°„N,104.81065133333334°„E,630.8,0.032,
13:25:28.00,24-07-14,28.169337833333334°„N,104.81065100000001°„E,630.8,0.029,
13:25:29.00,24-07-14,28.169337833333334°„N,104.81065083333333°„E,630.8,0.038,
13:25:30.00,24-07-14,28.169337833333334°„N,104.81065066666666°„E,630.7,0.020,
13:25:31.00,24-07-14,28.169338°„N,104.8106505°„E,630.7,0.021,
13:25:32.00,24-07-14,28.169338°„N,104.8106505°„E,630.7,0.031,
13:25:33.00,24-07-14,28.169338166666666°„N,104.81065033333333°„E,630.6,0.035,
13:25:34.00,24-07-14,28.169338333333332°„N,104.81065033333333°„E,630.6,0.032,
13:25:35.00,24-07-14,28.1693385°„N,104.81065033333333°„E,630.5,0.055,
13:25:36.00,24-07-14,28.16933866666667°„N,104.81065033333333°„E,630.5,0.017,
13:25:37.00,24-07-14,28.16933866666667°„N,104.81065016666666°„E,630.5,0.032,
13:25:38.00,24-07-14,28.169338833333335°„N,104.81065016666666°„E,630.5,0.015,
13:25:39.00,24-07-14,28.169338833333335°„N,104.81065°„E,630.5,0.015,
13:25:40.00,24-07-14,28.169339°„N,104.81065°„E,630.5,0.011,
13:25:41.00,24-07-14,28.169339166666667°„N,104.81065°„E,630.5,0.007,
13:25:42.00,24-07-14,28.169339333333333°„N,104.81065°„E,630.5,0.008,
13:25:43.00,24-07-14,28.1693395°„N,104.81065°„E,630.5,0.045,
13:25:44.00,24-07-14,28.169339833333332°„N,104.81065016666666°„E,630.5,0.012,
13:25:45.00,24-07-14,28.16934°„N,104.81065016666666°„E,630.5,0.031,
13:25:46.00,24-07-14,28.169340333333334°„N,104.81065016666666°„E,630.5,0.025,
13:25:47.00,24-07-14,28.169340666666667°„N,104.81065033333333°„E,630.5,0.043,
13:25:48.00,24-07-14,28.169340833333333°„N,104.8106505°„E,630.5,0.021,
13:25:49.00,24-07-14,28.169341166666666°„N,104.81065066666666°„E,630.5,0.009,
13:25:50.00,24-07-14,28.169341333333332°„N,104.81065066666666°„E,630.5,0.025,
13:25:51.00,24-07-14,28.1693415°„N,104.81065083333333°„E,630.5,0.021,
13:25:52.00,24-07-14,28.169341833333334°„N,104.81065083333333°„E,630.5,0.006,
13:25:53.00,24-07-14,28.169342°„N,104.81065100000001°„E,630.5,0.022,
13:25:54.00,24-07-14,28.169342333333333°„N,104.81065100000001°„E,630.4,0.012,
13:25:55.00,24-07-14,28.169342666666665°„N,104.81065116666667°„E,630.4,0.028,
13:25:56.00,24-07-14,28.169343°„N,104.81065133333334°„E,630.4,0.015,
13:25:57.00,24-07-14,28.169343166666668°„N,104.81065133333334°„E,630.4,0.016,
13:25:58.00,24-07-14,28.169343333333334°„N,104.8106515°„E,630.4,0.024,
13:25:59.00,24-07-14,28.1693435°„N,104.81065166666667°„E,630.4,0.045,
13:26:00.00,24-07-14,28.169343666666666°„N,104.81065183333334°„E,630.4,0.024,
13:26:01.00,24-07-14,28.169343833333333°„N,104.81065183333334°„E,630.3,0.011,
13:26:02.00,24-07-14,28.169343833333333°„N,104.81065183333334°„E,630.3,0.010,
13:26:03.00,24-07-14,28.169344°„N,104.81065183333334°„E,630.3,0.017,
13:26:04.00,24-07-14,28.169344°„N,104.81065183333334°„E,630.3,0.014,
13:26:05.00,24-07-14,28.169344°„N,104.81065166666667°„E,630.3,0.057,
13:26:06.00,24-07-14,28.169344°„N,104.8106515°„E,630.3,0.016,
13:26:07.00,24-07-14,28.169344°„N,104.8106515°„E,630.3,0.042,
13:26:08.00,24-07-14,28.169344°„N,104.8106515°„E,630.2,0.007,
13:26:09.00,24-07-14,28.169343833333333°„N,104.81065133333334°„E,630.2,0.015,
13:26:10.00,24-07-14,28.169343833333333°„N,104.81065116666667°„E,630.2,0.009,
13:26:11.00,24-07-14,28.169343833333333°„N,104.81065100000001°„E,630.1,0.047,
13:26:12.00,24-07-14,28.169343833333333°„N,104.81065083333333°„E,630.1,0.036,
13:26:13.00,24-07-14,28.169343666666666°„N,104.8106505°„E,630.0,0.014,
13:26:14.00,24-07-14,28.169343666666666°„N,104.81065033333333°„E,630.0,0.035,
13:26:15.00,24-07-14,28.1693435°„N,104.81065°„E,629.9,0.034,
13:26:16.00,24-07-14,28.169343333333334°„N,104.81064966666666°„E,629.9,0.021,
13:26:17.00,24-07-14,28.169343166666668°„N,104.81064933333333°„E,629.9,0.052,
13:26:18.00,24-07-14,28.169343°„N,104.81064916666666°„E,629.8,0.031,
13:26:19.00,24-07-14,28.169343°„N,104.81064883333333°„E,629.8,0.025,
13:26:20.00,24-07-14,28.169343°„N,104.81064866666667°„E,629.8,0.021,
13:26:21.00,24-07-14,28.169343°„N,104.81064866666667°„E,629.8,0.030,
13:26:22.00,24-07-14,28.16934283333333°„N,104.81064866666667°„E,629.8,0.011,
13:26:23.00,24-07-14,28.16934283333333°„N,104.81064866666667°„E,629.8,0.040,
13:26:24.00,24-07-14,28.16934283333333°„N,104.81064866666667°„E,629.8,0.027,
13:26:25.00,24-07-14,28.169342666666665°„N,104.8106485°„E,629.9,0.022,
13:26:26.00,24-07-14,28.169342666666665°„N,104.8106485°„E,629.9,0.043,
13:26:27.00,24-07-14,28.1693425°„N,104.8106485°„E,630.0,0.012,
13:26:28.00,24-07-14,28.1693425°„N,104.8106485°„E,630.1,0.027,
13:26:29.00,24-07-14,28.1693425°„N,104.81064833333333°„E,630.1,0.021,
13:26:30.00,24-07-14,28.169342333333333°„N,104.81064833333333°„E,630.1,0.021,
13:26:31.00,24-07-14,28.169342333333333°„N,104.81064833333333°„E,630.2,0.004,
13:26:32.00,24-07-14,28.1693425°„N,104.8106485°„E,630.2,0.031,
13:26:33.00,24-07-14,28.1693425°„N,104.81064866666667°„E,630.3,0.010,
13:26:34.00,24-07-14,28.169342666666665°„N,104.81064883333333°„E,630.4,0.019,
13:26:35.00,24-07-14,28.16934283333333°„N,104.81064916666666°„E,630.4,0.014,
13:26:36.00,24-07-14,28.169343°„N,104.81064933333333°„E,630.5,0.028,
13:26:37.00,24-07-14,28.169343333333334°„N,104.8106495°„E,630.6,0.011,
13:26:38.00,24-07-14,28.1693435°„N,104.81064966666666°„E,630.6,0.009,
13:26:39.00,24-07-14,28.169343833333333°„N,104.81065°„E,630.7,0.012,
13:26:40.00,24-07-14,28.169344166666665°„N,104.81065016666666°„E,630.8,0.009,
13:26:41.00,24-07-14,28.169344333333335°„N,104.81065033333333°„E,630.8,0.027,
13:26:42.00,24-07-14,28.169344666666667°„N,104.8106505°„E,630.8,0.011,
13:26:43.00,24-07-14,28.169344833333334°„N,104.8106505°„E,630.8,0.022,
13:26:44.00,24-07-14,28.169345°„N,104.81065066666666°„E,630.8,0.027,
13:26:45.00,24-07-14,28.169345333333332°„N,104.81065083333333°„E,630.8,0.021,
13:26:46.00,24-07-14,28.1693455°„N,104.81065100000001°„E,630.8,0.044,
13:26:47.00,24-07-14,28.16934566666667°„N,104.81065100000001°„E,630.7,0.021,
13:26:48.00,24-07-14,28.169345833333335°„N,104.81065116666667°„E,630.7,0.038,
13:26:49.00,24-07-14,28.169345833333335°„N,104.81065116666667°„E,630.7,0.025,
13:26:50.00,24-07-14,28.169346°„N,104.81065133333334°„E,630.6,0.024,
13:26:51.00,24-07-14,28.169346°„N,104.81065133333334°„E,630.6,0.032,
13:26:52.00,24-07-14,28.169346°„N,104.81065133333334°„E,630.5,0.026,
13:26:53.00,24-07-14,28.169346166666667°„N,104.81065133333334°„E,630.4,0.026,
13:26:54.00,24-07-14,28.169346166666667°„N,104.81065133333334°„E,630.4,0.028,
13:26:55.00,24-07-14,28.169346166666667°„N,104.81065133333334°„E,630.3,0.008,
13:26:56.00,24-07-14,28.169346°„N,104.81065116666667°„E,630.2,0.030,
13:26:57.00,24-07-14,28.169346°„N,104.81065116666667°„E,630.2,0.025,
13:26:58.00,24-07-14,28.169346°„N,104.81065100000001°„E,630.1,0.016,
13:26:59.00,24-07-14,28.169346°„N,104.81065100000001°„E,630.1,0.031,
13:27:00.00,24-07-14,28.169345833333335°„N,104.81065100000001°„E,630.0,0.031,
13:27:01.00,24-07-14,28.169345833333335°„N,104.81065100000001°„E,630.0,0.022,
13:27:02.00,24-07-14,28.16934566666667°„N,104.81065083333333°„E,629.9,0.004,
13:27:03.00,24-07-14,28.16934566666667°„N,104.81065083333333°„E,629.9,0.014,
13:27:04.00,24-07-14,28.16934566666667°„N,104.81065083333333°„E,629.9,0.020,
13:27:05.00,24-07-14,28.169345833333335°„N,104.81065083333333°„E,629.9,0.027,
13:27:06.00,24-07-14,28.169345833333335°„N,104.81065083333333°„E,629.9,0.014,
13:27:07.00,24-07-14,28.169345833333335°„N,104.81065083333333°„E,629.9,0.019,
13:27:08.00,24-07-14,28.169345833333335°„N,104.81065083333333°„E,629.9,0.007,
13:27:09.00,24-07-14,28.169345833333335°„N,104.81065083333333°„E,629.9,0.008,
13:27:10.00,24-07-14,28.169345833333335°„N,104.81065083333333°„E,630.0,0.009,
13:27:11.00,24-07-14,28.169345833333335°„N,104.81065083333333°„E,630.0,0.023,
13:27:12.00,24-07-14,28.169345833333335°„N,104.81065083333333°„E,630.0,0.008,
13:27:13.00,24-07-14,28.169345833333335°„N,104.81065100000001°„E,630.0,0.017,
13:27:14.00,24-07-14,28.169345833333335°„N,104.81065083333333°„E,630.0,0.014,
13:27:15.00,24-07-14,28.169345833333335°„N,104.81065083333333°„E,630.1,0.005,
13:27:16.00,24-07-14,28.169345833333335°„N,104.81065083333333°„E,630.1,0.034,
13:27:17.00,24-07-14,28.169345833333335°„N,104.81065083333333°„E,630.1,0.023,
13:27:18.00,24-07-14,28.169345833333335°„N,104.81065083333333°„E,630.1,0.009,
13:27:19.00,24-07-14,28.169345833333335°„N,104.81065083333333°„E,630.1,0.026,
13:27:20.00,24-07-14,28.16934566666667°„N,104.81065083333333°„E,630.1,0.031,
13:27:21.00,24-07-14,28.16934566666667°„N,104.81065083333333°„E,630.0,0.035,
13:27:22.00,24-07-14,28.1693455°„N,104.81065100000001°„E,630.0,0.002,
13:27:23.00,24-07-14,28.1693455°„N,104.81065100000001°„E,630.0,0.005,
13:27:24.00,24-07-14,28.1693455°„N,104.81065100000001°„E,629.9,0.008,
13:27:25.00,24-07-14,28.169345333333332°„N,104.81065100000001°„E,629.9,0.034,
13:27:26.00,24-07-14,28.169345166666666°„N,104.81065100000001°„E,629.9,0.010,
13:27:27.00,24-07-14,28.169345166666666°„N,104.81065116666667°„E,629.8,0.040,
13:27:28.00,24-07-14,28.169345°„N,104.81065116666667°„E,629.8,0.019,
13:27:29.00,24-07-14,28.169344833333334°„N,104.81065100000001°„E,629.8,0.023,
13:27:30.00,24-07-14,28.169344666666667°„N,104.81065100000001°„E,629.7,0.031,
13:27:31.00,24-07-14,28.1693445°„N,104.81065083333333°„E,629.7,0.017,
13:27:32.00,24-07-14,28.169344333333335°„N,104.81065083333333°„E,629.6,0.012,
13:27:33.00,24-07-14,28.169344333333335°„N,104.81065066666666°„E,629.5,0.031,
13:27:34.00,24-07-14,28.169344166666665°„N,104.81065066666666°„E,629.5,0.033,
13:27:35.00,24-07-14,28.169344166666665°„N,104.81065066666666°„E,629.4,0.030,
13:27:36.00,24-07-14,28.169344°„N,104.81065066666666°„E,629.4,0.033,
13:27:37.00,24-07-14,28.169344°„N,104.81065083333333°„E,629.3,0.053,
13:27:38.00,24-07-14,28.169344°„N,104.81065100000001°„E,629.3,0.043,
13:27:39.00,24-07-14,28.169344°„N,104.81065116666667°„E,629.3,0.043,
13:27:40.00,24-07-14,28.169344166666665°„N,104.81065133333334°„E,629.4,0.069,
13:27:41.00,24-07-14,28.169344333333335°„N,104.8106515°„E,629.4,0.051,
13:27:42.00,24-07-14,28.169344333333335°„N,104.8106515°„E,629.4,0.046,
13:27:43.00,24-07-14,28.1693445°„N,104.8106515°„E,629.4,0.036,
13:27:44.00,24-07-14,28.1693445°„N,104.8106515°„E,629.5,0.045,
13:27:45.00,24-07-14,28.169344666666667°„N,104.81065166666667°„E,629.6,0.035,
13:27:46.00,24-07-14,28.169344666666667°„N,104.81065183333334°„E,629.7,0.026,
13:27:47.00,24-07-14,28.169344833333334°„N,104.81065183333334°„E,629.8,0.002,
13:27:48.00,24-07-14,28.169344833333334°„N,104.810652°„E,629.8,0.035,
13:27:49.00,24-07-14,28.169344833333334°„N,104.81065216666667°„E,629.9,0.041,
13:27:50.00,24-07-14,28.169345166666666°„N,104.81065233333334°„E,630.0,0.043,
13:27:51.00,24-07-14,28.169345333333332°„N,104.8106525°„E,630.1,0.032,
13:27:52.00,24-07-14,28.169345333333332°„N,104.81065266666667°„E,630.1,0.058,
13:27:53.00,24-07-14,28.1693455°„N,104.81065283333334°„E,630.2,0.040,
13:27:54.00,24-07-14,28.16934566666667°„N,104.81065283333334°„E,630.3,0.018,
13:27:55.00,24-07-14,28.16934566666667°„N,104.81065283333334°„E,630.4,0.030,
13:27:56.00,24-07-14,28.16934566666667°„N,104.81065283333334°„E,630.5,0.038,
13:27:57.00,24-07-14,28.169345833333335°„N,104.81065283333334°„E,630.6,0.029,
13:27:58.00,24-07-14,28.169345833333335°„N,104.81065283333334°„E,630.6,0.038,
13:27:59.00,24-07-14,28.169346°„N,104.81065283333334°„E,630.7,0.031,
13:28:00.00,24-07-14,28.169346166666667°„N,104.81065283333334°„E,630.8,0.029,
13:28:01.00,24-07-14,28.169346333333333°„N,104.810653°„E,630.9,0.026,
13:28:02.00,24-07-14,28.1693465°„N,104.81065316666667°„E,631.0,0.044,
13:28:03.00,24-07-14,28.169346833333332°„N,104.8106535°„E,631.1,0.049,
13:28:04.00,24-07-14,28.169346833333332°„N,104.81065366666667°„E,631.2,0.052,
13:28:05.00,24-07-14,28.169347°„N,104.81065366666667°„E,631.2,0.028,
13:28:06.00,24-07-14,28.169347166666668°„N,104.81065366666667°„E,631.3,0.017,
13:28:07.00,24-07-14,28.169347333333334°„N,104.81065383333333°„E,631.5,0.028,
13:28:08.00,24-07-14,28.1693475°„N,104.81065383333333°„E,631.5,0.027,
13:28:09.00,24-07-14,28.1693475°„N,104.81065366666667°„E,631.6,0.025,
13:28:10.00,24-07-14,28.1693475°„N,104.81065366666667°„E,631.7,0.049,
13:28:11.00,24-07-14,28.1693475°„N,104.8106535°„E,631.7,0.010,
13:28:12.00,24-07-14,28.169347333333334°„N,104.8106535°„E,631.7,0.015,
13:28:13.00,24-07-14,28.169347333333334°„N,104.81065333333333°„E,631.7,0.020,
13:28:14.00,24-07-14,28.169347166666668°„N,104.81065316666667°„E,631.6,0.035,
13:28:15.00,24-07-14,28.169347166666668°„N,104.81065316666667°„E,631.6,0.063,
13:28:16.00,24-07-14,28.169347°„N,104.810653°„E,631.5,0.037,
13:28:17.00,24-07-14,28.169346833333332°„N,104.81065283333334°„E,631.5,0.026,
13:28:18.00,24-07-14,28.169346666666666°„N,104.8106525°„E,631.4,0.030,
13:28:19.00,24-07-14,28.1693465°„N,104.81065216666667°„E,631.4,0.017,
13:28:20.00,24-07-14,28.169346333333333°„N,104.810652°„E,631.3,0.013,
13:28:21.00,24-07-14,28.169346166666667°„N,104.81065166666667°„E,631.3,0.018,
13:28:22.00,24-07-14,28.169346°„N,104.8106515°„E,631.2,0.015,
13:28:23.00,24-07-14,28.169345833333335°„N,104.81065116666667°„E,631.1,0.028,
13:28:24.00,24-07-14,28.1693455°„N,104.81065083333333°„E,631.1,0.040,
13:28:25.00,24-07-14,28.169345333333332°„N,104.81065066666666°„E,631.0,0.028,
13:28:26.00,24-07-14,28.169345333333332°„N,104.8106505°„E,631.0,0.025,
13:28:27.00,24-07-14,28.169345166666666°„N,104.81065033333333°„E,630.9,0.030,
13:28:28.00,24-07-14,28.169345166666666°„N,104.81065016666666°„E,630.9,0.038,
13:28:29.00,24-07-14,28.169345166666666°„N,104.81065°„E,630.9,0.022,
13:28:30.00,24-07-14,28.169345166666666°„N,104.81064983333333°„E,630.9,0.042,
13:28:31.00,24-07-14,28.169345166666666°„N,104.81064966666666°„E,630.9,0.016,
13:28:32.00,24-07-14,28.169345166666666°„N,104.8106495°„E,630.9,0.017,
13:28:33.00,24-07-14,28.169345166666666°„N,104.8106495°„E,630.8,0.002,
13:28:34.00,24-07-14,28.169345°„N,104.81064933333333°„E,630.8,0.011,
13:28:35.00,24-07-14,28.169345°„N,104.81064933333333°„E,630.8,0.028,
13:28:36.00,24-07-14,28.169345°„N,104.8106495°„E,630.7,0.040,
13:28:37.00,24-07-14,28.169345°„N,104.81064933333333°„E,630.7,0.024,
13:28:38.00,24-07-14,28.169344833333334°„N,104.81064933333333°„E,630.6,0.029,
13:28:39.00,24-07-14,28.169344833333334°„N,104.81064933333333°„E,630.6,0.024,
13:28:40.00,24-07-14,28.169344833333334°„N,104.81064916666666°„E,630.5,0.026,
13:28:41.00,24-07-14,28.169344833333334°„N,104.81064916666666°„E,630.4,0.026,
13:28:42.00,24-07-14,28.169344833333334°„N,104.810649°„E,630.3,0.035,
13:28:43.00,24-07-14,28.169345°„N,104.810649°„E,630.3,0.033,
13:28:44.00,24-07-14,28.169345°„N,104.810649°„E,630.2,0.022,
13:28:45.00,24-07-14,28.169345°„N,104.810649°„E,630.1,0.020,
13:28:46.00,24-07-14,28.169345°„N,104.810649°„E,630.1,0.018,
13:28:47.00,24-07-14,28.169345°„N,104.810649°„E,630.0,0.024,
13:28:48.00,24-07-14,28.169344833333334°„N,104.810649°„E,629.9,0.014,
13:28:49.00,24-07-14,28.169344833333334°„N,104.810649°„E,629.9,0.032,
13:28:50.00,24-07-14,28.169344833333334°„N,104.810649°„E,629.8,0.023,
13:28:51.00,24-07-14,28.169344833333334°„N,104.81064916666666°„E,629.7,0.029,
13:28:52.00,24-07-14,28.169345°„N,104.81064916666666°„E,629.6,0.020,
13:28:53.00,24-07-14,28.169345°„N,104.81064933333333°„E,629.5,0.009,
13:28:54.00,24-07-14,28.169345166666666°„N,104.8106495°„E,629.4,0.035,
13:28:55.00,24-07-14,28.169345333333332°„N,104.8106495°„E,629.4,0.028,
13:28:56.00,24-07-14,28.1693455°„N,104.8106495°„E,629.3,0.004,
13:28:57.00,24-07-14,28.16934566666667°„N,104.8106495°„E,629.2,0.012,
13:28:58.00,24-07-14,28.169345833333335°„N,104.81064966666666°„E,629.1,0.002,
13:28:59.00,24-07-14,28.169345833333335°„N,104.81064966666666°„E,629.1,0.028,
13:29:00.00,24-07-14,28.169346°„N,104.81064983333333°„E,629.0,0.040,
13:29:01.00,24-07-14,28.169346166666667°„N,104.81064983333333°„E,629.0,0.028,
13:29:02.00,24-07-14,28.169346333333333°„N,104.81064983333333°„E,628.9,0.011,
13:29:03.00,24-07-14,28.1693465°„N,104.81064983333333°„E,628.9,0.039,
13:29:04.00,24-07-14,28.169346666666666°„N,104.81065°„E,628.9,0.008,
13:29:05.00,24-07-14,28.169346833333332°„N,104.81065016666666°„E,628.8,0.022,
13:29:06.00,24-07-14,28.169347°„N,104.81065033333333°„E,628.8,0.026,
13:29:07.00,24-07-14,28.169347166666668°„N,104.8106505°„E,628.7,0.020,
13:29:08.00,24-07-14,28.169347333333334°„N,104.81065083333333°„E,628.7,0.037,
13:29:09.00,24-07-14,28.169347333333334°„N,104.81065100000001°„E,628.7,0.029,
13:29:10.00,24-07-14,28.1693475°„N,104.81065116666667°„E,628.7,0.021,
13:29:11.00,24-07-14,28.169347666666667°„N,104.81065133333334°„E,628.7,0.043,
13:29:12.00,24-07-14,28.169347666666667°„N,104.8106515°„E,628.7,0.017,
13:29:13.00,24-07-14,28.169347833333333°„N,104.8106515°„E,628.7,0.019,
13:29:14.00,24-07-14,28.169347833333333°„N,104.8106515°„E,628.6,0.035,
13:29:15.00,24-07-14,28.169347833333333°„N,104.81065166666667°„E,628.6,0.025,
13:29:16.00,24-07-14,28.169347666666667°„N,104.81065166666667°„E,628.6,0.031,
13:29:17.00,24-07-14,28.169347666666667°„N,104.81065166666667°„E,628.6,0.023,
13:29:18.00,24-07-14,28.169347666666667°„N,104.81065166666667°„E,628.5,0.026,
13:29:19.00,24-07-14,28.169347666666667°„N,104.81065183333334°„E,628.5,0.037,
13:29:20.00,24-07-14,28.169347666666667°„N,104.81065183333334°„E,628.4,0.027,
13:29:21.00,24-07-14,28.169347666666667°„N,104.810652°„E,628.4,0.019,
13:29:22.00,24-07-14,28.1693475°„N,104.810652°„E,628.3,0.035,
13:29:23.00,24-07-14,28.1693475°„N,104.810652°„E,628.3,0.040,
13:29:24.00,24-07-14,28.169347333333334°„N,104.810652°„E,628.2,0.030,
13:29:25.00,24-07-14,28.169347333333334°„N,104.810652°„E,628.1,0.017,
13:29:26.00,24-07-14,28.169347333333334°„N,104.81065183333334°„E,628.1,0.019,
13:29:27.00,24-07-14,28.169347166666668°„N,104.81065166666667°„E,628.0,0.016,
13:29:28.00,24-07-14,28.169347166666668°„N,104.8106515°„E,627.9,0.015,
13:29:29.00,24-07-14,28.169347°„N,104.81065133333334°„E,627.8,0.032,
13:29:30.00,24-07-14,28.169346833333332°„N,104.81065116666667°„E,627.8,0.008,
13:29:31.00,24-07-14,28.169346833333332°„N,104.81065116666667°„E,627.7,0.025,
13:29:32.00,24-07-14,28.169346833333332°„N,104.81065116666667°„E,627.7,0.030,
13:29:33.00,24-07-14,28.169346666666666°„N,104.81065116666667°„E,627.6,0.017,
13:29:34.00,24-07-14,28.169346666666666°„N,104.81065100000001°„E,627.6,0.017,
13:29:35.00,24-07-14,28.169346666666666°„N,104.81065100000001°„E,627.6,0.034,
13:29:36.00,24-07-14,28.169346666666666°„N,104.81065100000001°„E,627.6,0.007,
13:29:37.00,24-07-14,28.169346833333332°„N,104.81065100000001°„E,627.6,0.006,
13:29:38.00,24-07-14,28.169346833333332°„N,104.81065100000001°„E,627.6,0.012,
13:29:39.00,24-07-14,28.169347°„N,104.81065100000001°„E,627.6,0.019,
13:29:40.00,24-07-14,28.169347166666668°„N,104.81065116666667°„E,627.5,0.023,
13:29:41.00,24-07-14,28.169347333333334°„N,104.81065116666667°„E,627.5,0.036,
13:29:42.00,24-07-14,28.169347333333334°„N,104.81065116666667°„E,627.5,0.001,
13:29:43.00,24-07-14,28.1693475°„N,104.81065116666667°„E,627.5,0.028,
13:29:44.00,24-07-14,28.169347666666667°„N,104.81065116666667°„E,627.5,0.024,
13:29:45.00,24-07-14,28.169347666666667°„N,104.81065133333334°„E,627.5,0.013,
13:29:46.00,24-07-14,28.169347666666667°„N,104.8106515°„E,627.6,0.015,
13:29:47.00,24-07-14,28.169347833333333°„N,104.81065166666667°„E,627.6,0.042,
13:29:48.00,24-07-14,28.169348°„N,104.81065183333334°„E,627.7,0.036,
13:29:49.00,24-07-14,28.169348166666666°„N,104.81065216666667°„E,627.7,0.023,
13:29:50.00,24-07-14,28.169348333333332°„N,104.81065233333334°„E,627.8,0.032,
13:29:51.00,24-07-14,28.169348333333332°„N,104.8106525°„E,627.8,0.018,
13:29:52.00,24-07-14,28.1693485°„N,104.81065283333334°„E,628.0,0.013,
13:29:53.00,24-07-14,28.169348833333334°„N,104.81065316666667°„E,628.1,0.038,
13:29:54.00,24-07-14,28.169349166666667°„N,104.81065333333333°„E,628.2,0.038,
13:29:55.00,24-07-14,28.169349333333333°„N,104.81065366666667°„E,628.3,0.033,
13:29:56.00,24-07-14,28.169349666666665°„N,104.81065383333333°„E,628.4,0.044,
13:29:57.00,24-07-14,28.16934983333333°„N,104.81065383333333°„E,628.5,0.018,
13:29:58.00,24-07-14,28.16935°„N,104.810654°„E,628.5,0.012,
13:29:59.00,24-07-14,28.169350166666668°„N,104.81065416666667°„E,628.6,0.032,
13:30:00.00,24-07-14,28.169350166666668°„N,104.81065416666667°„E,628.6,0.029,
13:30:01.00,24-07-14,28.169350166666668°„N,104.81065416666667°„E,628.6,0.020,
13:30:02.00,24-07-14,28.169350166666668°„N,104.81065416666667°„E,628.6,0.008,
13:30:03.00,24-07-14,28.16935°„N,104.810654°„E,628.6,0.027,
13:30:04.00,24-07-14,28.16935°„N,104.810654°„E,628.6,0.022,
13:30:05.00,24-07-14,28.16935°„N,104.81065383333333°„E,628.6,0.021,
13:30:06.00,24-07-14,28.16935°„N,104.81065366666667°„E,628.6,0.017,
13:30:07.00,24-07-14,28.16934983333333°„N,104.81065366666667°„E,628.5,0.017,
13:30:08.00,24-07-14,28.16934983333333°„N,104.8106535°„E,628.5,0.018,
13:30:09.00,24-07-14,28.16934983333333°„N,104.81065333333333°„E,628.4,0.115,
13:30:10.00,24-07-14,28.169349666666665°„N,104.81065316666667°„E,628.3,0.021,
13:30:11.00,24-07-14,28.169349666666665°„N,104.81065333333333°„E,628.3,0.007,
13:30:12.00,24-07-14,28.1693495°„N,104.81065333333333°„E,628.3,0.029,
13:30:13.00,24-07-14,28.1693495°„N,104.81065333333333°„E,628.3,0.008,
13:30:14.00,24-07-14,28.169349333333333°„N,104.81065333333333°„E,628.3,0.020,
13:30:15.00,24-07-14,28.169349166666667°„N,104.81065333333333°„E,628.2,0.008,
13:30:16.00,24-07-14,28.169349°„N,104.81065316666667°„E,628.2,0.023,
13:30:17.00,24-07-14,28.169348666666668°„N,104.810653°„E,628.1,0.012,
13:30:18.00,24-07-14,28.1693485°„N,104.810653°„E,628.1,0.025,
13:30:19.00,24-07-14,28.1693485°„N,104.810653°„E,628.1,0.027,
13:30:20.00,24-07-14,28.169348333333332°„N,104.810653°„E,628.0,0.019,
13:30:21.00,24-07-14,28.169348333333332°„N,104.81065283333334°„E,627.9,0.034,
13:30:22.00,24-07-14,28.169348166666666°„N,104.81065283333334°„E,627.9,0.029,
13:30:23.00,24-07-14,28.169348°„N,104.81065283333334°„E,627.8,0.042,
13:30:24.00,24-07-14,28.169348°„N,104.810653°„E,627.8,0.030,
13:30:25.00,24-07-14,28.169347833333333°„N,104.81065316666667°„E,627.8,0.023,
13:30:26.00,24-07-14,28.169347666666667°„N,104.81065316666667°„E,627.7,0.014,
13:30:27.00,24-07-14,28.169347666666667°„N,104.81065333333333°„E,627.7,0.016,
13:30:28.00,24-07-14,28.169347833333333°„N,104.81065366666667°„E,627.7,0.013,
13:30:29.00,24-07-14,28.169347833333333°„N,104.81065366666667°„E,627.7,0.012,
13:30:30.00,24-07-14,28.169347833333333°„N,104.81065366666667°„E,627.7,0.015,
13:30:31.00,24-07-14,28.169347833333333°„N,104.81065383333333°„E,627.7,0.019,
13:30:32.00,24-07-14,28.169348°„N,104.81065416666667°„E,627.7,0.020,
13:30:33.00,24-07-14,28.169348166666666°„N,104.8106545°„E,627.7,0.028,
13:30:34.00,24-07-14,28.169348333333332°„N,104.81065483333333°„E,627.7,0.008,
13:30:35.00,24-07-14,28.1693485°„N,104.81065516666666°„E,627.8,0.036,
13:30:36.00,24-07-14,28.1693485°„N,104.81065533333333°„E,627.9,0.011,
13:30:37.00,24-07-14,28.169348666666668°„N,104.8106555°„E,627.9,0.018,
13:30:38.00,24-07-14,28.169348666666668°„N,104.81065566666666°„E,628.0,0.012,
13:30:39.00,24-07-14,28.169348833333334°„N,104.81065583333333°„E,628.0,0.016,
13:30:40.00,24-07-14,28.169348833333334°„N,104.81065583333333°„E,628.0,0.007,
13:30:41.00,24-07-14,28.169349°„N,104.810656°„E,628.0,0.018,
13:30:42.00,24-07-14,28.169349°„N,104.810656°„E,628.0,0.019,
13:30:43.00,24-07-14,28.169349166666667°„N,104.810656°„E,628.1,0.043,
13:30:44.00,24-07-14,28.169349166666667°„N,104.81065616666666°„E,628.1,0.022,
13:30:45.00,24-07-14,28.169349166666667°„N,104.81065616666666°„E,628.1,0.014,
13:30:46.00,24-07-14,28.169349333333333°„N,104.81065633333333°„E,628.1,0.019,
13:30:47.00,24-07-14,28.1693495°„N,104.81065633333333°„E,628.1,0.034,
13:30:48.00,24-07-14,28.169349666666665°„N,104.8106565°„E,628.1,0.021,
13:30:49.00,24-07-14,28.169349666666665°„N,104.8106565°„E,628.1,0.019,
13:30:50.00,24-07-14,28.16934983333333°„N,104.81065666666667°„E,628.2,0.021,
13:30:51.00,24-07-14,28.16934983333333°„N,104.81065666666667°„E,628.2,0.024,
13:30:52.00,24-07-14,28.16935°„N,104.810657°„E,628.4,0.014,
13:30:53.00,24-07-14,28.169350333333334°„N,104.81065716666667°„E,628.5,0.015,
13:30:54.00,24-07-14,28.1693505°„N,104.81065733333334°„E,628.6,0.025,
13:30:55.00,24-07-14,28.169350833333333°„N,104.8106575°„E,628.7,0.037,
13:30:56.00,24-07-14,28.169351°„N,104.81065766666667°„E,628.8,0.019,
13:30:57.00,24-07-14,28.169351166666665°„N,104.81065766666667°„E,628.9,0.023,
13:30:58.00,24-07-14,28.169351333333335°„N,104.81065766666667°„E,628.9,0.005,
13:30:59.00,24-07-14,28.169351333333335°„N,104.81065783333334°„E,628.9,0.039,
13:31:00.00,24-07-14,28.169351333333335°„N,104.81065783333334°„E,628.9,0.023,
13:31:01.00,24-07-14,28.169351333333335°„N,104.81065783333334°„E,628.9,0.016,
13:31:02.00,24-07-14,28.169351166666665°„N,104.81065766666667°„E,628.8,0.010,
13:31:03.00,24-07-14,28.169351166666665°„N,104.81065766666667°„E,628.8,0.015,
13:31:04.00,24-07-14,28.169351°„N,104.81065766666667°„E,628.7,0.038,
13:31:05.00,24-07-14,28.169351°„N,104.81065766666667°„E,628.7,0.007,
13:31:06.00,24-07-14,28.169351°„N,104.8106575°„E,628.6,0.011,
13:31:07.00,24-07-14,28.169350833333333°„N,104.8106575°„E,628.6,0.020,
13:31:08.00,24-07-14,28.169350833333333°„N,104.8106575°„E,628.5,0.029,
13:31:09.00,24-07-14,28.169350666666666°„N,104.81065733333334°„E,628.5,0.041,
13:31:10.00,24-07-14,28.169350666666666°„N,104.81065733333334°„E,628.4,0.041,
13:31:11.00,24-07-14,28.169350666666666°„N,104.8106575°„E,628.3,0.061,
13:31:12.00,24-07-14,28.1693505°„N,104.81065733333334°„E,628.3,0.013,
13:31:13.00,24-07-14,28.1693505°„N,104.81065733333334°„E,628.3,0.015,
13:31:14.00,24-07-14,28.1693505°„N,104.81065733333334°„E,628.2,0.018,
13:31:15.00,24-07-14,28.1693505°„N,104.81065733333334°„E,628.2,0.007,
13:31:16.00,24-07-14,28.1693505°„N,104.81065733333334°„E,628.2,0.029,
13:31:17.00,24-07-14,28.1693505°„N,104.81065733333334°„E,628.2,0.012,
13:31:18.00,24-07-14,28.1693505°„N,104.81065733333334°„E,628.2,0.009,
13:31:19.00,24-07-14,28.1693505°„N,104.81065733333334°„E,628.2,0.016,
13:31:20.00,24-07-14,28.169350666666666°„N,104.81065733333334°„E,628.3,0.010,
13:31:21.00,24-07-14,28.169350833333333°„N,104.81065733333334°„E,628.3,0.006,
13:31:22.00,24-07-14,28.169351°„N,104.81065733333334°„E,628.3,0.012,
13:31:23.00,24-07-14,28.169351166666665°„N,104.81065733333334°„E,628.4,0.028,
13:31:24.00,24-07-14,28.1693515°„N,104.81065716666667°„E,628.4,0.037,
13:31:25.00,24-07-14,28.169351666666667°„N,104.81065733333334°„E,628.4,0.011,
13:31:26.00,24-07-14,28.169352°„N,104.81065733333334°„E,628.5,0.018,
13:31:27.00,24-07-14,28.169352166666666°„N,104.81065733333334°„E,628.6,0.007,
13:31:28.00,24-07-14,28.169352333333332°„N,104.81065733333334°„E,628.6,0.020,
13:31:29.00,24-07-14,28.1693525°„N,104.81065733333334°„E,628.7,0.020,
13:31:30.00,24-07-14,28.1693525°„N,104.81065733333334°„E,628.7,0.023,
13:31:31.00,24-07-14,28.169352666666665°„N,104.81065733333334°„E,628.8,0.028,
13:31:32.00,24-07-14,28.169353°„N,104.8106575°„E,628.9,0.034,
13:31:33.00,24-07-14,28.169353166666667°„N,104.8106575°„E,628.9,0.023,
13:31:34.00,24-07-14,28.169353333333333°„N,104.81065766666667°„E,629.0,0.029,
13:31:35.00,24-07-14,28.1693535°„N,104.81065766666667°„E,629.1,0.025,
13:31:36.00,24-07-14,28.169353666666666°„N,104.81065783333334°„E,629.2,0.023,
13:31:37.00,24-07-14,28.169353833333332°„N,104.810658°„E,629.2,0.033,
13:31:38.00,24-07-14,28.169354°„N,104.810658°„E,629.3,0.019,
13:31:39.00,24-07-14,28.169354333333334°„N,104.81065816666667°„E,629.4,0.036,
13:31:40.00,24-07-14,28.1693545°„N,104.81065816666667°„E,629.4,0.033,
13:31:41.00,24-07-14,28.169354666666667°„N,104.81065833333334°„E,629.5,0.017,
13:31:42.00,24-07-14,28.169354833333333°„N,104.8106585°„E,629.6,0.004,
13:31:43.00,24-07-14,28.169354833333333°„N,104.8106585°„E,629.7,0.009,
13:31:44.00,24-07-14,28.169354833333333°„N,104.81065866666667°„E,629.8,0.016,
13:31:45.00,24-07-14,28.169354833333333°„N,104.81065866666667°„E,629.8,0.016,
13:31:46.00,24-07-14,28.169354833333333°„N,104.81065866666667°„E,629.9,0.012,
13:31:47.00,24-07-14,28.169354833333333°„N,104.81065883333333°„E,630.0,0.012,
13:31:48.00,24-07-14,28.169354833333333°„N,104.810659°„E,630.1,0.020,
13:31:49.00,24-07-14,28.169354833333333°„N,104.810659°„E,630.2,0.006,
13:31:50.00,24-07-14,28.169354833333333°„N,104.810659°„E,630.4,0.006,
13:31:51.00,24-07-14,28.169354833333333°„N,104.810659°„E,630.5,0.030,
13:31:52.00,24-07-14,28.169354666666667°„N,104.810659°„E,630.6,0.025,
13:31:53.00,24-07-14,28.169354666666667°„N,104.81065916666667°„E,630.7,0.030,
13:31:54.00,24-07-14,28.1693545°„N,104.81065916666667°„E,630.8,0.004,
13:31:55.00,24-07-14,28.169354333333334°„N,104.81065916666667°„E,630.9,0.017,
13:31:56.00,24-07-14,28.169354333333334°„N,104.81065916666667°„E,631.0,0.031,
13:31:57.00,24-07-14,28.16935416666667°„N,104.810659°„E,631.0,0.015,
13:31:58.00,24-07-14,28.169354°„N,104.810659°„E,631.1,0.022,
13:31:59.00,24-07-14,28.169353833333332°„N,104.81065883333333°„E,631.1,0.011,
13:32:00.00,24-07-14,28.169353666666666°„N,104.81065866666667°„E,631.1,0.026,
13:32:01.00,24-07-14,28.1693535°„N,104.81065833333334°„E,631.2,0.029,
13:32:02.00,24-07-14,28.169353333333333°„N,104.81065816666667°„E,631.2,0.008,
13:32:03.00,24-07-14,28.169353166666667°„N,104.810658°„E,631.2,0.017,
13:32:04.00,24-07-14,28.169353°„N,104.81065783333334°„E,631.2,0.007,
13:32:05.00,24-07-14,28.169352833333335°„N,104.81065766666667°„E,631.2,0.018,
13:32:06.00,24-07-14,28.1693525°„N,104.8106575°„E,631.2,0.004,
13:32:07.00,24-07-14,28.169352333333332°„N,104.81065716666667°„E,631.2,0.014,
13:32:08.00,24-07-14,28.169352°„N,104.810657°„E,631.2,0.012,
13:32:09.00,24-07-14,28.169351833333334°„N,104.81065666666667°„E,631.2,0.002,
13:32:10.00,24-07-14,28.1693515°„N,104.8106565°„E,631.2,0.014,
13:32:11.00,24-07-14,28.169351333333335°„N,104.81065616666666°„E,631.2,0.019,
13:32:12.00,24-07-14,28.169351166666665°„N,104.81065583333333°„E,631.2,0.016,
13:32:13.00,24-07-14,28.169350833333333°„N,104.8106555°„E,631.1,0.018,
13:32:14.00,24-07-14,28.169350666666666°„N,104.81065516666666°„E,631.1,0.019,
13:32:15.00,24-07-14,28.169350333333334°„N,104.81065483333333°„E,631.1,0.006,
13:32:16.00,24-07-14,28.16935°„N,104.8106545°„E,631.1,0.031,
13:32:17.00,24-07-14,28.16934983333333°„N,104.810654°„E,631.1,0.023,
13:32:18.00,24-07-14,28.169349666666665°„N,104.81065366666667°„E,631.1,0.016,
13:32:19.00,24-07-14,28.1693495°„N,104.8106535°„E,631.1,0.026,
13:32:20.00,24-07-14,28.169349333333333°„N,104.81065316666667°„E,631.1,0.015,
13:32:21.00,24-07-14,28.169349166666667°„N,104.810653°„E,631.1,0.014,
13:32:22.00,24-07-14,28.169349166666667°„N,104.81065283333334°„E,631.2,0.010,
13:32:23.00,24-07-14,28.169349°„N,104.8106525°„E,631.2,0.007,
13:32:24.00,24-07-14,28.169348833333334°„N,104.81065233333334°„E,631.2,0.016,
13:32:25.00,24-07-14,28.169348833333334°„N,104.81065216666667°„E,631.3,0.008,
13:32:26.00,24-07-14,28.169348833333334°„N,104.810652°„E,631.3,0.011,
13:32:27.00,24-07-14,28.169348833333334°„N,104.81065183333334°„E,631.3,0.005,
13:32:28.00,24-07-14,28.169349°„N,104.81065166666667°„E,631.4,0.001,
13:32:29.00,24-07-14,28.169349°„N,104.8106515°„E,631.4,0.025,
13:32:30.00,24-07-14,28.169349166666667°„N,104.81065133333334°„E,631.4,0.024,
13:32:31.00,24-07-14,28.169349166666667°„N,104.81065116666667°„E,631.4,0.011,
13:32:32.00,24-07-14,28.169349333333333°„N,104.81065100000001°„E,631.4,0.013,
13:32:33.00,24-07-14,28.1693495°„N,104.81065083333333°„E,631.4,0.019,
13:32:34.00,24-07-14,28.169349666666665°„N,104.81065083333333°„E,631.4,0.022,
13:32:35.00,24-07-14,28.169349666666665°„N,104.81065066666666°„E,631.4,0.005,
13:32:36.00,24-07-14,28.16934983333333°„N,104.8106505°„E,631.4,0.017,
13:32:37.00,24-07-14,28.16934983333333°„N,104.8106505°„E,631.4,0.008,
13:32:38.00,24-07-14,28.16935°„N,104.8106505°„E,631.4,0.006,
13:32:39.00,24-07-14,28.16935°„N,104.81065033333333°„E,631.4,0.008,
13:32:40.00,24-07-14,28.169350166666668°„N,104.81065033333333°„E,631.4,0.016,
13:32:41.00,24-07-14,28.169350166666668°„N,104.81065033333333°„E,631.4,0.017,
13:32:42.00,24-07-14,28.169350333333334°„N,104.81065033333333°„E,631.4,0.020,
13:32:43.00,24-07-14,28.1693505°„N,104.81065033333333°„E,631.4,0.012,
13:32:44.00,24-07-14,28.1693505°„N,104.81065033333333°„E,631.5,0.003,
13:32:45.00,24-07-14,28.1693505°„N,104.8106505°„E,631.4,0.010,
13:32:46.00,24-07-14,28.169350666666666°„N,104.81065033333333°„E,631.4,0.015,
13:32:47.00,24-07-14,28.169350666666666°„N,104.8106505°„E,631.4,0.030,
13:32:48.00,24-07-14,28.1693505°„N,104.8106505°„E,631.3,0.016,
13:32:49.00,24-07-14,28.169350333333334°„N,104.8106505°„E,631.3,0.024,
13:32:50.00,24-07-14,28.169350166666668°„N,104.81065066666666°„E,631.3,0.024,
13:32:51.00,24-07-14,28.169350166666668°„N,104.81065066666666°„E,631.3,0.006,
13:32:52.00,24-07-14,28.16935°„N,104.81065083333333°„E,631.3,0.023,
13:32:53.00,24-07-14,28.16934983333333°„N,104.81065100000001°„E,631.3,0.030,
13:32:54.00,24-07-14,28.169349666666665°„N,104.81065100000001°„E,631.3,0.018,
13:32:55.00,24-07-14,28.1693495°„N,104.81065133333334°„E,631.3,0.020,
13:32:56.00,24-07-14,28.169349333333333°„N,104.8106515°„E,631.3,0.021,
13:32:57.00,24-07-14,28.169349333333333°„N,104.8106515°„E,631.3,0.016,
13:32:58.00,24-07-14,28.169349166666667°„N,104.81065166666667°„E,631.3,0.006,
13:32:59.00,24-07-14,28.169349°„N,104.81065183333334°„E,631.3,0.022,
13:33:00.00,24-07-14,28.169348833333334°„N,104.810652°„E,631.3,0.022,
13:33:01.00,24-07-14,28.169348666666668°„N,104.810652°„E,631.3,0.002,
13:33:02.00,24-07-14,28.1693485°„N,104.81065216666667°„E,631.3,0.020,
13:33:03.00,24-07-14,28.169348333333332°„N,104.81065216666667°„E,631.3,0.011,
13:33:04.00,24-07-14,28.169348333333332°„N,104.81065233333334°„E,631.3,0.013,
13:33:05.00,24-07-14,28.169348166666666°„N,104.81065233333334°„E,631.3,0.013,
13:33:06.00,24-07-14,28.169348°„N,104.81065233333334°„E,631.3,0.020,
13:33:07.00,24-07-14,28.169348°„N,104.81065233333334°„E,631.2,0.017,
13:33:08.00,24-07-14,28.169348°„N,104.8106525°„E,631.2,0.011,
13:33:09.00,24-07-14,28.169348°„N,104.8106525°„E,631.2,0.015,
13:33:10.00,24-07-14,28.169348°„N,104.81065266666667°„E,631.2,0.011,
13:33:11.00,24-07-14,28.169347833333333°„N,104.81065266666667°„E,631.2,0.017,
13:33:12.00,24-07-14,28.169347833333333°„N,104.81065266666667°„E,631.3,0.017,
13:33:13.00,24-07-14,28.169347833333333°„N,104.81065266666667°„E,631.3,0.018,
13:33:14.00,24-07-14,28.169347833333333°„N,104.81065283333334°„E,631.3,0.013,
13:33:15.00,24-07-14,28.169347833333333°„N,104.81065283333334°„E,631.3,0.009,
13:33:16.00,24-07-14,28.169347833333333°„N,104.81065266666667°„E,631.3,0.011,
13:33:17.00,24-07-14,28.169347833333333°„N,104.8106525°„E,631.3,0.019,
13:33:18.00,24-07-14,28.169347833333333°„N,104.81065233333334°„E,631.3,0.012,
13:33:19.00,24-07-14,28.169347833333333°„N,104.81065233333334°„E,631.3,0.022,
13:33:20.00,24-07-14,28.169347666666667°„N,104.81065216666667°„E,631.3,0.008,
13:33:21.00,24-07-14,28.169347666666667°„N,104.810652°„E,631.3,0.004,
13:33:22.00,24-07-14,28.169347666666667°„N,104.810652°„E,631.3,0.005,
13:33:23.00,24-07-14,28.1693475°„N,104.81065183333334°„E,631.3,0.028,
13:33:24.00,24-07-14,28.1693475°„N,104.81065183333334°„E,631.4,0.027,
13:33:25.00,24-07-14,28.1693475°„N,104.81065166666667°„E,631.4,0.017,
13:33:26.00,24-07-14,28.1693475°„N,104.8106515°„E,631.4,0.014,
13:33:27.00,24-07-14,28.1693475°„N,104.81065133333334°„E,631.4,0.019,
13:33:28.00,24-07-14,28.1693475°„N,104.81065100000001°„E,631.4,0.014,
13:33:29.00,24-07-14,28.1693475°„N,104.81065066666666°„E,631.4,0.011,
13:33:30.00,24-07-14,28.169347333333334°„N,104.8106505°„E,631.4,0.013,
13:33:31.00,24-07-14,28.169347333333334°„N,104.81065033333333°„E,631.4,0.007,
13:33:32.00,24-07-14,28.169347166666668°„N,104.81065016666666°„E,631.4,0.007,
13:33:33.00,24-07-14,28.169347166666668°„N,104.81065°„E,631.4,0.014,
13:33:34.00,24-07-14,28.169347°„N,104.81065°„E,631.4,0.019,
13:33:35.00,24-07-14,28.169347°„N,104.81065°„E,631.4,0.030,
13:33:36.00,24-07-14,28.169347°„N,104.81065°„E,631.4,0.037,
13:33:37.00,24-07-14,28.169347°„N,104.81065°„E,631.5,0.015,
13:33:38.00,24-07-14,28.169347°„N,104.81065°„E,631.5,0.007,
13:33:39.00,24-07-14,28.169347°„N,104.81065°„E,631.6,0.010,
13:33:40.00,24-07-14,28.169347°„N,104.81065°„E,631.6,0.017,
13:33:41.00,24-07-14,28.169347166666668°„N,104.81065°„E,631.7,0.015,
13:33:42.00,24-07-14,28.169347166666668°„N,104.81065°„E,631.8,0.025,
13:33:43.00,24-07-14,28.169347°„N,104.81065016666666°„E,631.8,0.020,
13:33:44.00,24-07-14,28.169347°„N,104.81065016666666°„E,631.9,0.022,
13:33:45.00,24-07-14,28.169347°„N,104.81065016666666°„E,631.9,0.020,
13:33:46.00,24-07-14,28.169346833333332°„N,104.81065°„E,631.9,0.012,
13:33:47.00,24-07-14,28.169346666666666°„N,104.81065°„E,632.0,0.005,
13:33:48.00,24-07-14,28.1693465°„N,104.81065°„E,632.0,0.005,
13:33:49.00,24-07-14,28.169346333333333°„N,104.81065°„E,632.0,0.007,
13:33:50.00,24-07-14,28.169346°„N,104.81064983333333°„E,632.0,0.006,
13:33:51.00,24-07-14,28.169345833333335°„N,104.81064983333333°„E,632.0,0.002,
13:33:52.00,24-07-14,28.1693455°„N,104.81064966666666°„E,632.0,0.013,
13:33:53.00,24-07-14,28.169345333333332°„N,104.81064966666666°„E,632.0,0.028,
13:33:54.00,24-07-14,28.169345°„N,104.8106495°„E,632.0,0.008,
13:33:55.00,24-07-14,28.169344833333334°„N,104.8106495°„E,632.0,0.008,
13:33:56.00,24-07-14,28.1693445°„N,104.8106495°„E,631.9,0.014,
13:33:57.00,24-07-14,28.169344333333335°„N,104.8106495°„E,631.9,0.019,
13:33:58.00,24-07-14,28.169344166666665°„N,104.8106495°„E,631.9,0.027,
13:33:59.00,24-07-14,28.169343833333333°„N,104.8106495°„E,631.9,0.012,
13:34:00.00,24-07-14,28.169343666666666°„N,104.8106495°„E,631.8,0.010,
13:34:01.00,24-07-14,28.1693435°„N,104.81064933333333°„E,631.8,0.017,
13:34:02.00,24-07-14,28.169343333333334°„N,104.81064933333333°„E,631.7,0.010,
13:34:03.00,24-07-14,28.169343333333334°„N,104.81064933333333°„E,631.7,0.023,
13:34:04.00,24-07-14,28.169343166666668°„N,104.81064933333333°„E,631.6,0.019,
13:34:05.00,24-07-14,28.169343°„N,104.81064933333333°„E,631.6,0.053,
13:34:06.00,24-07-14,28.169343°„N,104.81064916666666°„E,631.5,0.026,
13:34:07.00,24-07-14,28.16934283333333°„N,104.81064916666666°„E,631.5,0.017,
13:34:08.00,24-07-14,28.16934283333333°„N,104.81064933333333°„E,631.4,0.005,
13:34:09.00,24-07-14,28.16934283333333°„N,104.8106495°„E,631.3,0.026,
13:34:10.00,24-07-14,28.16934283333333°„N,104.81064966666666°„E,631.2,0.029,
13:34:11.00,24-07-14,28.16934283333333°„N,104.81065°„E,631.1,0.015,
13:34:12.00,24-07-14,28.16934283333333°„N,104.81065016666666°„E,631.0,0.031,
13:34:13.00,24-07-14,28.16934283333333°„N,104.81065033333333°„E,630.9,0.016,
13:34:14.00,24-07-14,28.169343°„N,104.8106505°„E,630.8,0.005,
13:34:15.00,24-07-14,28.169343166666668°„N,104.81065066666666°„E,630.8,0.015,
13:34:16.00,24-07-14,28.169343333333334°„N,104.81065100000001°„E,630.7,0.007,
13:34:17.00,24-07-14,28.1693435°„N,104.81065116666667°„E,630.7,0.014,
13:34:18.00,24-07-14,28.169343666666666°„N,104.81065133333334°„E,630.6,0.014,
13:34:19.00,24-07-14,28.169343666666666°„N,104.81065166666667°„E,630.6,0.009,
13:34:20.00,24-07-14,28.169343833333333°„N,104.81065183333334°„E,630.6,0.015,
13:34:21.00,24-07-14,28.169344°„N,104.81065216666667°„E,630.6,0.027,
13:34:22.00,24-07-14,28.169344166666665°„N,104.8106525°„E,630.6,0.016,
13:34:23.00,24-07-14,28.169344333333335°„N,104.81065266666667°„E,630.6,0.023,
13:34:24.00,24-07-14,28.1693445°„N,104.810653°„E,630.6,0.016,
13:34:25.00,24-07-14,28.169344666666667°„N,104.81065333333333°„E,630.6,0.031,
13:34:26.00,24-07-14,28.169345°„N,104.81065383333333°„E,630.6,0.039,
13:34:27.00,24-07-14,28.169345166666666°„N,104.810654°„E,630.6,0.011,
13:34:28.00,24-07-14,28.1693455°„N,104.81065433333333°„E,630.6,0.018,
13:34:29.00,24-07-14,28.16934566666667°„N,104.81065466666666°„E,630.6,0.011,
13:34:30.00,24-07-14,28.169345833333335°„N,104.81065483333333°„E,630.6,0.015,
13:34:31.00,24-07-14,28.169346°„N,104.810655°„E,630.6,0.005,
13:34:32.00,24-07-14,28.169346166666667°„N,104.81065533333333°„E,630.5,0.023,
13:34:33.00,24-07-14,28.169346333333333°„N,104.8106555°„E,630.5,0.012,
13:34:34.00,24-07-14,28.1693465°„N,104.81065566666666°„E,630.5,0.012,
13:34:35.00,24-07-14,28.169346666666666°„N,104.81065583333333°„E,630.5,0.017,
13:34:36.00,24-07-14,28.169346666666666°„N,104.810656°„E,630.4,0.040,
13:34:37.00,24-07-14,28.169346833333332°„N,104.810656°„E,630.4,0.023,
13:34:38.00,24-07-14,28.169346833333332°„N,104.81065616666666°„E,630.3,0.042,
13:34:39.00,24-07-14,28.169347°„N,104.81065633333333°„E,630.3,0.047,
13:34:40.00,24-07-14,28.169347°„N,104.8106565°„E,630.2,0.031,
13:34:41.00,24-07-14,28.169347166666668°„N,104.8106565°„E,630.1,0.031,
13:34:42.00,24-07-14,28.169347166666668°„N,104.81065666666667°„E,630.1,0.023,
13:34:43.00,24-07-14,28.169347166666668°„N,104.81065666666667°„E,630.0,0.008,
13:34:44.00,24-07-14,28.169347166666668°„N,104.81065666666667°„E,629.9,0.006,
13:34:45.00,24-07-14,28.169347166666668°„N,104.81065666666667°„E,629.9,0.029,
13:34:46.00,24-07-14,28.169347166666668°„N,104.81065666666667°„E,629.8,0.022,
13:34:47.00,24-07-14,28.169347166666668°„N,104.81065683333334°„E,629.7,0.004,
13:34:48.00,24-07-14,28.169347°„N,104.81065683333334°„E,629.6,0.022,
13:34:49.00,24-07-14,28.169347°„N,104.810657°„E,629.6,0.018,
13:34:50.00,24-07-14,28.169347°„N,104.810657°„E,629.5,0.022,
13:34:51.00,24-07-14,28.169347°„N,104.81065716666667°„E,629.4,0.028,
13:34:52.00,24-07-14,28.169347°„N,104.81065733333334°„E,629.3,0.028,
13:34:53.00,24-07-14,28.169347°„N,104.81065733333334°„E,629.3,0.025,
13:34:54.00,24-07-14,28.169347°„N,104.8106575°„E,629.2,0.030,
13:34:55.00,24-07-14,28.169347°„N,104.8106575°„E,629.1,0.013,
13:34:56.00,24-07-14,28.169347166666668°„N,104.81065766666667°„E,629.1,0.013,
13:34:57.00,24-07-14,28.169347333333334°„N,104.810658°„E,629.1,0.011,
13:34:58.00,24-07-14,28.1693475°„N,104.81065816666667°„E,629.2,0.024,
13:34:59.00,24-07-14,28.169347666666667°„N,104.8106585°„E,629.2,0.044,
13:35:00.00,24-07-14,28.169348°„N,104.810659°„E,629.2,0.044,
13:35:01.00,24-07-14,28.169348166666666°„N,104.81065933333333°„E,629.2,0.018,
13:35:02.00,24-07-14,28.1693485°„N,104.81065966666667°„E,629.2,0.021,
13:35:03.00,24-07-14,28.169348833333334°„N,104.81066°„E,629.2,0.037,
13:35:04.00,24-07-14,28.169349166666667°„N,104.81066033333333°„E,629.2,0.004,
13:35:05.00,24-07-14,28.1693495°„N,104.81066066666666°„E,629.3,0.012,
13:35:06.00,24-07-14,28.169349666666665°„N,104.81066116666666°„E,629.3,0.015,
13:35:07.00,24-07-14,28.16935°„N,104.8106615°„E,629.4,0.018,
13:35:08.00,24-07-14,28.169350333333334°„N,104.81066183333333°„E,629.4,0.013,
13:35:09.00,24-07-14,28.1693505°„N,104.810662°„E,629.4,0.013,
13:35:10.00,24-07-14,28.169350666666666°„N,104.81066233333334°„E,629.4,0.014,
13:35:11.00,24-07-14,28.169350833333333°„N,104.8106625°„E,629.4,0.015,
13:35:12.00,24-07-14,28.169351°„N,104.81066283333334°„E,629.5,0.029,
13:35:13.00,24-07-14,28.169351166666665°„N,104.810663°„E,629.5,0.021,
13:35:14.00,24-07-14,28.169351333333335°„N,104.81066316666667°„E,629.5,0.012,
13:35:15.00,24-07-14,28.1693515°„N,104.81066333333334°„E,629.5,0.012,
13:35:16.00,24-07-14,28.169351666666667°„N,104.81066333333334°„E,629.5,0.012,
13:35:17.00,24-07-14,28.169351666666667°„N,104.81066333333334°„E,629.5,0.046,
13:35:18.00,24-07-14,28.169351833333334°„N,104.81066333333334°„E,629.5,0.020,
13:35:19.00,24-07-14,28.169351833333334°„N,104.81066316666667°„E,629.5,0.006,
13:35:20.00,24-07-14,28.169351833333334°„N,104.81066316666667°„E,629.5,0.014,
13:35:21.00,24-07-14,28.169351833333334°„N,104.810663°„E,629.4,0.013,
13:35:22.00,24-07-14,28.169351833333334°„N,104.81066283333334°„E,629.4,0.021,
13:35:23.00,24-07-14,28.169351833333334°„N,104.81066283333334°„E,629.4,0.019,
13:35:24.00,24-07-14,28.169351666666667°„N,104.81066266666667°„E,629.3,0.012,
13:35:25.00,24-07-14,28.169351666666667°„N,104.8106625°„E,629.3,0.013,
13:35:26.00,24-07-14,28.169351666666667°„N,104.81066233333334°„E,629.3,0.014,
13:35:27.00,24-07-14,28.169351666666667°„N,104.81066216666666°„E,629.3,0.022,
13:35:28.00,24-07-14,28.169351666666667°„N,104.810662°„E,629.3,0.011,
13:35:29.00,24-07-14,28.169351666666667°„N,104.810662°„E,629.3,0.010,
13:35:30.00,24-07-14,28.169351833333334°„N,104.81066183333333°„E,629.3,0.028,
13:35:31.00,24-07-14,28.169351833333334°„N,104.81066166666666°„E,629.3,0.019,
13:35:32.00,24-07-14,28.169351833333334°„N,104.81066166666666°„E,629.3,0.005,
13:35:33.00,24-07-14,28.169351833333334°„N,104.8106615°„E,629.2,0.021,
13:35:34.00,24-07-14,28.169351833333334°„N,104.8106615°„E,629.3,0.017,
13:35:35.00,24-07-14,28.169352°„N,104.81066133333333°„E,629.3,0.005,
13:35:36.00,24-07-14,28.169352°„N,104.81066116666666°„E,629.3,0.026,
13:35:37.00,24-07-14,28.169352°„N,104.81066116666666°„E,629.3,0.024,
13:35:38.00,24-07-14,28.169351833333334°„N,104.810661°„E,629.3,0.011,
13:35:39.00,24-07-14,28.169351666666667°„N,104.81066083333333°„E,629.3,0.020,
13:35:40.00,24-07-14,28.169351666666667°„N,104.81066066666666°„E,629.3,0.031,
13:35:41.00,24-07-14,28.1693515°„N,104.8106605°„E,629.2,0.027,
13:35:42.00,24-07-14,28.169351333333335°„N,104.81066033333333°„E,629.2,0.024,
13:35:43.00,24-07-14,28.169351166666665°„N,104.81066016666666°„E,629.2,0.018,
13:35:44.00,24-07-14,28.169351166666665°„N,104.81066°„E,629.1,0.019,
13:35:45.00,24-07-14,28.169351°„N,104.81065983333333°„E,629.1,0.028,
13:35:46.00,24-07-14,28.169351°„N,104.8106595°„E,629.1,0.033,
13:35:47.00,24-07-14,28.169351°„N,104.81065933333333°„E,629.0,0.043,
13:35:48.00,24-07-14,28.169350833333333°„N,104.81065916666667°„E,629.0,0.024,
13:35:49.00,24-07-14,28.169350666666666°„N,104.810659°„E,629.0,0.011,
13:35:50.00,24-07-14,28.1693505°„N,104.81065866666667°„E,628.9,0.016,
13:35:51.00,24-07-14,28.1693505°„N,104.8106585°„E,628.9,0.019,
13:35:52.00,24-07-14,28.169350333333334°„N,104.81065816666667°„E,628.8,0.005,
13:35:53.00,24-07-14,28.169350333333334°„N,104.81065783333334°„E,628.8,0.015,
13:35:54.00,24-07-14,28.169350166666668°„N,104.8106575°„E,628.7,0.016,
13:35:55.00,24-07-14,28.16935°„N,104.81065733333334°„E,628.7,0.014,
13:35:56.00,24-07-14,28.16935°„N,104.810657°„E,628.7,0.005,
13:35:57.00,24-07-14,28.16934983333333°„N,104.81065683333334°„E,628.7,0.007,
13:35:58.00,24-07-14,28.16934983333333°„N,104.81065666666667°„E,628.8,0.010,
13:35:59.00,24-07-14,28.169349666666665°„N,104.8106565°„E,628.8,0.019,
13:36:00.00,24-07-14,28.169349666666665°„N,104.81065633333333°„E,628.8,0.027,
13:36:01.00,24-07-14,28.16934983333333°„N,104.81065633333333°„E,628.9,0.018,
13:36:02.00,24-07-14,28.16934983333333°„N,104.81065633333333°„E,628.9,0.027,
13:36:03.00,24-07-14,28.16935°„N,104.81065633333333°„E,629.0,0.018,
13:36:04.00,24-07-14,28.16935°„N,104.8106565°„E,629.0,0.024,
13:36:05.00,24-07-14,28.16935°„N,104.8106565°„E,629.1,0.024,
13:36:06.00,24-07-14,28.16935°„N,104.81065666666667°„E,629.2,0.007,
13:36:07.00,24-07-14,28.16935°„N,104.810657°„E,629.2,0.019,
13:36:08.00,24-07-14,28.16935°„N,104.81065733333334°„E,629.3,0.012,
13:36:09.00,24-07-14,28.169350166666668°„N,104.81065783333334°„E,629.4,0.020,
13:36:10.00,24-07-14,28.169350166666668°„N,104.81065816666667°„E,629.5,0.019,
13:36:11.00,24-07-14,28.169350166666668°„N,104.81065866666667°„E,629.6,0.024,
13:36:12.00,24-07-14,28.169350333333334°„N,104.810659°„E,629.7,0.021,
13:36:13.00,24-07-14,28.1693505°„N,104.8106595°„E,629.8,0.006,
13:36:14.00,24-07-14,28.1693505°„N,104.81065983333333°„E,629.8,0.014,
13:36:15.00,24-07-14,28.169350666666666°„N,104.81066016666666°„E,629.9,0.018,
13:36:16.00,24-07-14,28.169350833333333°„N,104.8106605°„E,630.0,0.026,
13:36:17.00,24-07-14,28.169350833333333°„N,104.81066083333333°„E,630.0,0.003,
13:36:18.00,24-07-14,28.169351°„N,104.810661°„E,630.0,0.013,
13:36:19.00,24-07-14,28.169351°„N,104.81066116666666°„E,630.1,0.001,
13:36:20.00,24-07-14,28.169351°„N,104.8106615°„E,630.1,0.021,
13:36:21.00,24-07-14,28.169351°„N,104.81066166666666°„E,630.0,0.031,
13:36:22.00,24-07-14,28.169351166666665°„N,104.81066183333333°„E,630.0,0.051,
13:36:23.00,24-07-14,28.169351333333335°„N,104.810662°„E,630.0,0.042,
13:36:24.00,24-07-14,28.169351333333335°„N,104.81066216666666°„E,630.0,0.023,
13:36:25.00,24-07-14,28.169351333333335°„N,104.8106625°„E,630.0,0.007,
13:36:26.00,24-07-14,28.1693515°„N,104.8106625°„E,630.0,0.026,
13:36:27.00,24-07-14,28.1693515°„N,104.81066266666667°„E,630.0,0.014,
13:36:28.00,24-07-14,28.169351666666667°„N,104.81066283333334°„E,630.0,0.015,
13:36:29.00,24-07-14,28.169351833333334°„N,104.810663°„E,630.0,0.018,
13:36:30.00,24-07-14,28.169352°„N,104.81066316666667°„E,630.0,0.007,
13:36:31.00,24-07-14,28.169352°„N,104.81066333333334°„E,630.0,0.027,
13:36:32.00,24-07-14,28.169352°„N,104.8106635°„E,630.0,0.028,
13:36:33.00,24-07-14,28.169352166666666°„N,104.81066366666667°„E,630.0,0.040,
13:36:34.00,24-07-14,28.169352166666666°„N,104.81066383333334°„E,630.0,0.041,
13:36:35.00,24-07-14,28.169352166666666°„N,104.810664°„E,630.0,0.039,
13:36:36.00,24-07-14,28.169352166666666°„N,104.810664°„E,630.0,0.048,
13:36:37.00,24-07-14,28.169352333333332°„N,104.810664°„E,630.0,0.009,
13:36:38.00,24-07-14,28.169352166666666°„N,104.810664°„E,630.0,0.016,
13:36:39.00,24-07-14,28.169352333333332°„N,104.810664°„E,630.0,0.006,
13:36:40.00,24-07-14,28.169352333333332°„N,104.810664°„E,630.0,0.009,
13:36:41.00,24-07-14,28.169352333333332°„N,104.81066383333334°„E,630.0,0.031,
13:36:42.00,24-07-14,28.169352333333332°„N,104.81066366666667°„E,630.0,0.034,
13:36:43.00,24-07-14,28.1693525°„N,104.81066366666667°„E,630.0,0.031,
13:36:44.00,24-07-14,28.1693525°„N,104.81066366666667°„E,630.0,0.042,
13:36:45.00,24-07-14,28.1693525°„N,104.81066366666667°„E,630.0,0.023,
13:36:46.00,24-07-14,28.169352666666665°„N,104.8106635°„E,630.0,0.038,
13:36:47.00,24-07-14,28.169352666666665°„N,104.8106635°„E,630.0,0.037,
13:36:48.00,24-07-14,28.169352833333335°„N,104.8106635°„E,630.1,0.001,
13:36:49.00,24-07-14,28.169353°„N,104.8106635°„E,630.1,0.037,
13:36:50.00,24-07-14,28.169353°„N,104.81066333333334°„E,630.2,0.031,
13:36:51.00,24-07-14,28.169353166666667°„N,104.81066316666667°„E,630.2,0.011,
13:36:52.00,24-07-14,28.169353166666667°„N,104.81066316666667°„E,630.3,0.017,
13:36:53.00,24-07-14,28.169353333333333°„N,104.81066316666667°„E,630.3,0.031,
13:36:54.00,24-07-14,28.1693535°„N,104.810663°„E,630.4,0.021,
13:36:55.00,24-07-14,28.1693535°„N,104.810663°„E,630.4,0.022,
13:36:56.00,24-07-14,28.1693535°„N,104.810663°„E,630.5,0.021,
13:36:57.00,24-07-14,28.169353666666666°„N,104.81066283333334°„E,630.5,0.005,
13:36:58.00,24-07-14,28.169353666666666°„N,104.81066266666667°„E,630.5,0.026,
13:36:59.00,24-07-14,28.169353666666666°„N,104.81066266666667°„E,630.5,0.058,
13:37:00.00,24-07-14,28.169353833333332°„N,104.8106625°„E,630.5,0.042,
13:37:01.00,24-07-14,28.169353833333332°„N,104.8106625°„E,630.5,0.008,
13:37:02.00,24-07-14,28.169353833333332°„N,104.81066233333334°„E,630.5,0.006,
13:37:03.00,24-07-14,28.169354°„N,104.81066233333334°„E,630.5,0.021,
13:37:04.00,24-07-14,28.169354°„N,104.81066216666666°„E,630.6,0.008,
13:37:05.00,24-07-14,28.169354°„N,104.81066216666666°„E,630.6,0.020,
13:37:06.00,24-07-14,28.169354°„N,104.81066216666666°„E,630.6,0.006,
13:37:07.00,24-07-14,28.169354°„N,104.81066216666666°„E,630.7,0.011,
13:37:08.00,24-07-14,28.16935416666667°„N,104.81066233333334°„E,630.7,0.037,
13:37:09.00,24-07-14,28.16935416666667°„N,104.81066233333334°„E,630.7,0.050,
13:37:10.00,24-07-14,28.16935416666667°„N,104.81066233333334°„E,630.8,0.022,
13:37:11.00,24-07-14,28.16935416666667°„N,104.81066233333334°„E,630.8,0.041,
13:37:12.00,24-07-14,28.169354°„N,104.81066233333334°„E,630.8,0.038,
13:37:13.00,24-07-14,28.169353833333332°„N,104.81066233333334°„E,630.7,0.012,
13:37:14.00,24-07-14,28.169353833333332°„N,104.81066216666666°„E,630.7,0.007,
13:37:15.00,24-07-14,28.169353666666666°„N,104.81066183333333°„E,630.6,0.002,
13:37:16.00,24-07-14,28.1693535°„N,104.81066166666666°„E,630.6,0.015,
13:37:17.00,24-07-14,28.169353333333333°„N,104.8106615°„E,630.5,0.023,
13:37:18.00,24-07-14,28.169353166666667°„N,104.81066116666666°„E,630.5,0.014,
13:37:19.00,24-07-14,28.169353166666667°„N,104.81066083333333°„E,630.4,0.035,
13:37:20.00,24-07-14,28.169353°„N,104.81066066666666°„E,630.4,0.044,
13:37:21.00,24-07-14,28.169352833333335°„N,104.81066033333333°„E,630.3,0.025,
13:37:22.00,24-07-14,28.169352833333335°„N,104.81066°„E,630.2,0.019,
13:37:23.00,24-07-14,28.169352666666665°„N,104.81065966666667°„E,630.2,0.026,
13:37:24.00,24-07-14,28.1693525°„N,104.8106595°„E,630.1,0.025,
13:37:25.00,24-07-14,28.1693525°„N,104.81065916666667°„E,630.0,0.012,
13:37:26.00,24-07-14,28.169352333333332°„N,104.810659°„E,630.0,0.012,
13:37:27.00,24-07-14,28.169352166666666°„N,104.81065866666667°„E,629.9,0.004,
13:37:28.00,24-07-14,28.169352°„N,104.8106585°„E,629.9,0.018,
13:37:29.00,24-07-14,28.169351833333334°„N,104.81065833333334°„E,629.8,0.006,
13:37:30.00,24-07-14,28.169351833333334°„N,104.81065833333334°„E,629.8,0.012,
13:37:31.00,24-07-14,28.169351833333334°„N,104.81065816666667°„E,629.8,0.012,
13:37:32.00,24-07-14,28.169351833333334°„N,104.81065816666667°„E,629.7,0.016,
13:37:33.00,24-07-14,28.169351833333334°„N,104.810658°„E,629.7,0.009,
13:37:34.00,24-07-14,28.169352°„N,104.810658°„E,629.7,0.015,
13:37:35.00,24-07-14,28.169352°„N,104.810658°„E,629.7,0.018,
13:37:36.00,24-07-14,28.169352°„N,104.810658°„E,629.7,0.014,
13:37:37.00,24-07-14,28.169352°„N,104.810658°„E,629.7,0.035,
13:37:38.00,24-07-14,28.169352°„N,104.81065816666667°„E,629.8,0.037,
13:37:39.00,24-07-14,28.169352°„N,104.81065816666667°„E,629.8,0.018,
13:37:40.00,24-07-14,28.169352166666666°„N,104.81065833333334°„E,629.9,0.018,
13:37:41.00,24-07-14,28.169352166666666°„N,104.81065833333334°„E,629.9,0.016,
13:37:42.00,24-07-14,28.169352166666666°„N,104.81065833333334°„E,630.0,0.014,
13:37:43.00,24-07-14,28.169352166666666°„N,104.81065833333334°„E,630.0,0.017,
13:37:44.00,24-07-14,28.169352333333332°„N,104.8106585°„E,630.1,0.022,
13:37:45.00,24-07-14,28.169352166666666°„N,104.8106585°„E,630.1,0.011,
13:37:46.00,24-07-14,28.169352166666666°„N,104.81065866666667°„E,630.2,0.026,
13:37:47.00,24-07-14,28.169352166666666°„N,104.81065883333333°„E,630.2,0.037,
13:37:48.00,24-07-14,28.169352166666666°„N,104.810659°„E,630.3,0.031,
13:37:49.00,24-07-14,28.169352°„N,104.810659°„E,630.3,0.016,
13:37:50.00,24-07-14,28.169351833333334°„N,104.810659°„E,630.3,0.013,
13:37:51.00,24-07-14,28.169351666666667°„N,104.810659°„E,630.3,0.008,
13:37:52.00,24-07-14,28.1693515°„N,104.810659°„E,630.3,0.002,
13:37:53.00,24-07-14,28.169351333333335°„N,104.81065883333333°„E,630.3,0.022,
13:37:54.00,24-07-14,28.169351°„N,104.81065866666667°„E,630.3,0.017,
13:37:55.00,24-07-14,28.169351°„N,104.81065866666667°„E,630.3,0.029,
13:37:56.00,24-07-14,28.169350833333333°„N,104.81065866666667°„E,630.3,0.029,
13:37:57.00,24-07-14,28.169350666666666°„N,104.8106585°„E,630.2,0.012,
13:37:58.00,24-07-14,28.1693505°„N,104.8106585°„E,630.2,0.025,
13:37:59.00,24-07-14,28.169350333333334°„N,104.81065833333334°„E,630.2,0.014,
13:38:00.00,24-07-14,28.169350166666668°„N,104.81065833333334°„E,630.2,0.012,
13:38:01.00,24-07-14,28.16935°„N,104.81065816666667°„E,630.1,0.006,
13:38:02.00,24-07-14,28.16935°„N,104.810658°„E,630.1,0.029,
13:38:03.00,24-07-14,28.16935°„N,104.810658°„E,630.1,0.025,
13:38:04.00,24-07-14,28.16935°„N,104.810658°„E,630.1,0.017,
13:38:05.00,24-07-14,28.16935°„N,104.810658°„E,630.0,0.027,
13:38:06.00,24-07-14,28.16935°„N,104.81065816666667°„E,630.0,0.036,
13:38:07.00,24-07-14,28.16935°„N,104.81065816666667°„E,630.0,0.021,
13:38:08.00,24-07-14,28.169350166666668°„N,104.81065816666667°„E,630.0,0.025,
13:38:09.00,24-07-14,28.169350166666668°„N,104.81065816666667°„E,630.0,0.046,
13:38:10.00,24-07-14,28.169350166666668°„N,104.81065833333334°„E,630.0,0.019,
13:38:11.00,24-07-14,28.169350166666668°„N,104.81065833333334°„E,629.9,0.022,
13:38:12.00,24-07-14,28.169350333333334°„N,104.81065833333334°„E,629.9,0.022,
13:38:13.00,24-07-14,28.169350333333334°„N,104.81065833333334°„E,629.9,0.021,
13:38:14.00,24-07-14,28.169350333333334°„N,104.81065833333334°„E,629.9,0.028,
13:38:15.00,24-07-14,28.1693505°„N,104.81065833333334°„E,629.8,0.023,
13:38:16.00,24-07-14,28.1693505°„N,104.8106585°„E,629.8,0.011,
13:38:17.00,24-07-14,28.1693505°„N,104.8106585°„E,629.8,0.012,
13:38:18.00,24-07-14,28.169350666666666°„N,104.81065866666667°„E,629.8,0.037,
13:38:19.00,24-07-14,28.169350666666666°„N,104.81065866666667°„E,629.8,0.028,
13:38:20.00,24-07-14,28.169350833333333°„N,104.81065883333333°„E,629.8,0.031,
13:38:21.00,24-07-14,28.169350833333333°„N,104.810659°„E,629.8,0.046,
13:38:22.00,24-07-14,28.169351°„N,104.81065916666667°„E,629.8,0.040,
13:38:23.00,24-07-14,28.169351333333335°„N,104.81065933333333°„E,629.8,0.039,
13:38:24.00,24-07-14,28.1693515°„N,104.8106595°„E,629.8,0.031,
13:38:25.00,24-07-14,28.169351666666667°„N,104.81065966666667°„E,629.8,0.023,
13:38:26.00,24-07-14,28.169351833333334°„N,104.81065983333333°„E,629.9,0.017,
13:38:27.00,24-07-14,28.169352166666666°„N,104.81065983333333°„E,629.9,0.007,
13:38:28.00,24-07-14,28.169352333333332°„N,104.81066°„E,629.9,0.018,
13:38:29.00,24-07-14,28.1693525°„N,104.81066°„E,629.9,0.005,
13:38:30.00,24-07-14,28.169352666666665°„N,104.81066016666666°„E,629.9,0.024,
13:38:31.00,24-07-14,28.169352666666665°„N,104.81066016666666°„E,629.9,0.041,
13:38:32.00,24-07-14,28.169352833333335°„N,104.81066033333333°„E,629.9,0.055,
13:38:33.00,24-07-14,28.169353166666667°„N,104.8106605°„E,629.9,0.058,
13:38:34.00,24-07-14,28.169353166666667°„N,104.8106605°„E,629.9,0.049,
13:38:35.00,24-07-14,28.169353333333333°„N,104.8106605°„E,629.8,0.032,
13:38:36.00,24-07-14,28.169353666666666°„N,104.8106605°„E,629.8,0.060,
13:38:37.00,24-07-14,28.169353833333332°„N,104.8106605°„E,629.8,0.016,
13:38:38.00,24-07-14,28.169354°„N,104.8106605°„E,629.8,0.028,
13:38:39.00,24-07-14,28.16935416666667°„N,104.81066033333333°„E,629.8,0.026,
13:38:40.00,24-07-14,28.169354333333334°„N,104.81066033333333°„E,629.8,0.011,
13:38:41.00,24-07-14,28.169354333333334°„N,104.81066033333333°„E,629.8,0.004,
13:38:42.00,24-07-14,28.1693545°„N,104.8106605°„E,629.8,0.028,
13:38:43.00,24-07-14,28.1693545°„N,104.8106605°„E,629.7,0.047,
13:38:44.00,24-07-14,28.169354666666667°„N,104.81066066666666°„E,629.7,0.056,
13:38:45.00,24-07-14,28.169354666666667°„N,104.81066066666666°„E,629.7,0.037,
13:38:46.00,24-07-14,28.169354666666667°„N,104.81066066666666°„E,629.6,0.045,
13:38:47.00,24-07-14,28.169354666666667°„N,104.81066066666666°„E,629.6,0.051,
13:38:48.00,24-07-14,28.169354833333333°„N,104.81066066666666°„E,629.5,0.019,
13:38:49.00,24-07-14,28.169354833333333°„N,104.81066066666666°„E,629.5,0.036,
13:38:50.00,24-07-14,28.169355°„N,104.8106605°„E,629.4,0.019,
13:38:51.00,24-07-14,28.169355°„N,104.81066033333333°„E,629.4,0.017,
13:38:52.00,24-07-14,28.169355166666666°„N,104.81066033333333°„E,629.3,0.033,
13:38:53.00,24-07-14,28.169355166666666°„N,104.81066033333333°„E,629.2,0.014,
13:38:54.00,24-07-14,28.169355166666666°„N,104.81066033333333°„E,629.2,0.045,
13:38:55.00,24-07-14,28.169355°„N,104.8106605°„E,629.1,0.062,
13:38:56.00,24-07-14,28.169355°„N,104.81066066666666°„E,629.1,0.047,
13:38:57.00,24-07-14,28.169355°„N,104.81066083333333°„E,629.1,0.035,
13:38:58.00,24-07-14,28.169355°„N,104.810661°„E,629.0,0.055,
13:38:59.00,24-07-14,28.169355°„N,104.81066116666666°„E,629.0,0.036,
13:39:00.00,24-07-14,28.169355°„N,104.81066133333333°„E,629.0,0.013,
13:39:01.00,24-07-14,28.169354833333333°„N,104.81066133333333°„E,629.0,0.015,
13:39:02.00,24-07-14,28.169354833333333°„N,104.8106615°„E,629.0,0.017,
13:39:03.00,24-07-14,28.169354833333333°„N,104.81066166666666°„E,629.0,0.021,
13:39:04.00,24-07-14,28.169354833333333°„N,104.81066166666666°„E,629.0,0.024,
13:39:05.00,24-07-14,28.169355°„N,104.81066183333333°„E,629.0,0.005,
13:39:06.00,24-07-14,28.169355°„N,104.810662°„E,629.1,0.013,
13:39:07.00,24-07-14,28.169355°„N,104.81066216666666°„E,629.1,0.028,
13:39:08.00,24-07-14,28.169355°„N,104.81066233333334°„E,629.1,0.035,
13:39:09.00,24-07-14,28.169354833333333°„N,104.81066266666667°„E,629.1,0.063,
13:39:10.00,24-07-14,28.169354833333333°„N,104.810663°„E,629.2,0.051,
13:39:11.00,24-07-14,28.169355°„N,104.81066333333334°„E,629.3,0.020,
13:39:12.00,24-07-14,28.169355°„N,104.8106635°„E,629.4,0.016,
13:39:13.00,24-07-14,28.169355°„N,104.81066366666667°„E,629.5,0.022,
13:39:14.00,24-07-14,28.169355°„N,104.81066383333334°„E,629.5,0.037,
13:39:15.00,24-07-14,28.169355°„N,104.810664°„E,629.6,0.004,
13:39:16.00,24-07-14,28.169355°„N,104.810664°„E,629.7,0.046,
13:39:17.00,24-07-14,28.169355°„N,104.81066416666667°„E,629.7,0.005,
13:39:18.00,24-07-14,28.169355°„N,104.81066416666667°„E,629.7,0.043,
13:39:19.00,24-07-14,28.169355°„N,104.81066416666667°„E,629.7,0.062,
13:39:20.00,24-07-14,28.169355°„N,104.81066416666667°„E,629.7,0.042,
13:39:21.00,24-07-14,28.169355°„N,104.81066416666667°„E,629.7,0.048,
13:39:22.00,24-07-14,28.169355°„N,104.810664°„E,629.7,0.043,
13:39:23.00,24-07-14,28.169354833333333°„N,104.81066383333334°„E,629.7,0.032,
13:39:24.00,24-07-14,28.169354833333333°„N,104.81066366666667°„E,629.7,0.029,
13:39:25.00,24-07-14,28.169354666666667°„N,104.81066333333334°„E,629.6,0.025,
13:39:26.00,24-07-14,28.169354666666667°„N,104.810663°„E,629.6,0.041,
13:39:27.00,24-07-14,28.1693545°„N,104.81066266666667°„E,629.6,0.011,
13:39:28.00,24-07-14,28.1693545°„N,104.81066233333334°„E,629.5,0.037,
13:39:29.00,24-07-14,28.169354333333334°„N,104.810662°„E,629.5,0.005,
13:39:30.00,24-07-14,28.16935416666667°„N,104.81066166666666°„E,629.4,0.030,
13:39:31.00,24-07-14,28.16935416666667°„N,104.81066133333333°„E,629.4,0.032,
13:39:32.00,24-07-14,28.169354°„N,104.810661°„E,629.3,0.038,
13:39:33.00,24-07-14,28.169354°„N,104.81066083333333°„E,629.3,0.046,
13:39:34.00,24-07-14,28.169354°„N,104.8106605°„E,629.3,0.032,
13:39:35.00,24-07-14,28.169354°„N,104.81066033333333°„E,629.3,0.019,
13:39:36.00,24-07-14,28.16935416666667°„N,104.81066°„E,629.3,0.014,
13:39:37.00,24-07-14,28.16935416666667°„N,104.81065983333333°„E,629.3,0.028,
13:39:38.00,24-07-14,28.169354333333334°„N,104.81065966666667°„E,629.4,0.051,
13:39:39.00,24-07-14,28.1693545°„N,104.8106595°„E,629.4,0.014,
13:39:40.00,24-07-14,28.169354666666667°„N,104.81065933333333°„E,629.4,0.044,
13:39:41.00,24-07-14,28.169354666666667°„N,104.81065916666667°„E,629.4,0.012,
13:39:42.00,24-07-14,28.169354833333333°„N,104.810659°„E,629.5,0.041,
13:39:43.00,24-07-14,28.169354666666667°„N,104.810659°„E,629.5,0.026,
13:39:44.00,24-07-14,28.169354666666667°„N,104.81065883333333°„E,629.5,0.029,
13:39:45.00,24-07-14,28.169354666666667°„N,104.81065866666667°„E,629.5,0.038,
13:39:46.00,24-07-14,28.169354666666667°„N,104.81065866666667°„E,629.5,0.041,
13:39:47.00,24-07-14,28.1693545°„N,104.8106585°„E,629.5,0.013,
13:39:48.00,24-07-14,28.1693545°„N,104.81065816666667°„E,629.5,0.018,
13:39:49.00,24-07-14,28.169354333333334°„N,104.810658°„E,629.4,0.006,
13:39:50.00,24-07-14,28.169354333333334°„N,104.810658°„E,629.4,0.010,
13:39:51.00,24-07-14,28.16935416666667°„N,104.81065783333334°„E,629.4,0.006,
13:39:52.00,24-07-14,28.169354°„N,104.81065766666667°„E,629.4,0.031,
13:39:53.00,24-07-14,28.169354°„N,104.81065766666667°„E,629.4,0.008,
13:39:54.00,24-07-14,28.169353833333332°„N,104.81065766666667°„E,629.4,0.047,
13:39:55.00,24-07-14,28.169353833333332°„N,104.81065766666667°„E,629.4,0.050,
13:39:56.00,24-07-14,28.169353666666666°„N,104.81065783333334°„E,629.4,0.049,
13:39:57.00,24-07-14,28.169353666666666°„N,104.81065783333334°„E,629.4,0.045,
13:39:58.00,24-07-14,28.1693535°„N,104.81065783333334°„E,629.3,0.036,
13:39:59.00,24-07-14,28.1693535°„N,104.81065783333334°„E,629.3,0.018,
13:40:00.00,24-07-14,28.169353333333333°„N,104.81065783333334°„E,629.3,0.032,
13:40:01.00,24-07-14,28.169353333333333°„N,104.81065783333334°„E,629.3,0.033,
13:40:02.00,24-07-14,28.169353333333333°„N,104.81065783333334°„E,629.3,0.024,
13:40:03.00,24-07-14,28.169353333333333°„N,104.81065783333334°„E,629.3,0.038,
13:40:04.00,24-07-14,28.169353333333333°„N,104.810658°„E,629.3,0.018,
13:40:05.00,24-07-14,28.1693535°„N,104.810658°„E,629.3,0.012,
13:40:06.00,24-07-14,28.169353333333333°„N,104.81065816666667°„E,629.3,0.026,
13:40:07.00,24-07-14,28.169353333333333°„N,104.81065833333334°„E,629.3,0.021,
13:40:08.00,24-07-14,28.169353333333333°„N,104.8106585°„E,629.3,0.028,
13:40:09.00,24-07-14,28.169353333333333°„N,104.8106585°„E,629.3,0.024,
13:40:10.00,24-07-14,28.169353333333333°„N,104.81065866666667°„E,629.3,0.042,
13:40:11.00,24-07-14,28.169353333333333°„N,104.81065883333333°„E,629.3,0.034,
13:40:12.00,24-07-14,28.169353333333333°„N,104.81065883333333°„E,629.3,0.005,
13:40:13.00,24-07-14,28.169353333333333°„N,104.810659°„E,629.4,0.013,
13:40:14.00,24-07-14,28.169353333333333°„N,104.810659°„E,629.4,0.011,
13:40:15.00,24-07-14,28.1693535°„N,104.81065916666667°„E,629.4,0.025,
13:40:16.00,24-07-14,28.169353666666666°„N,104.81065916666667°„E,629.4,0.024,
13:40:17.00,24-07-14,28.169353666666666°„N,104.81065933333333°„E,629.4,0.017,
13:40:18.00,24-07-14,28.169353833333332°„N,104.8106595°„E,629.4,0.028,
13:40:19.00,24-07-14,28.169354°„N,104.8106595°„E,629.5,0.012,
13:40:20.00,24-07-14,28.169354°„N,104.81065966666667°„E,629.5,0.026,
13:40:21.00,24-07-14,28.169354°„N,104.81065983333333°„E,629.5,0.025,
13:40:22.00,24-07-14,28.169354°„N,104.81066°„E,629.4,0.022,
13:40:23.00,24-07-14,28.169354°„N,104.81066°„E,629.4,0.004,
13:40:24.00,24-07-14,28.16935416666667°„N,104.81065983333333°„E,629.4,0.033,
13:40:25.00,24-07-14,28.16935416666667°„N,104.81065983333333°„E,629.3,0.036,
13:40:26.00,24-07-14,28.16935416666667°„N,104.81065983333333°„E,629.3,0.042,
13:40:27.00,24-07-14,28.16935416666667°„N,104.81065983333333°„E,629.3,0.007,
13:40:28.00,24-07-14,28.169354°„N,104.81065966666667°„E,629.2,0.029,
13:40:29.00,24-07-14,28.169354°„N,104.81065966666667°„E,629.2,0.016,
13:40:30.00,24-07-14,28.169354°„N,104.8106595°„E,629.2,0.011,
13:40:31.00,24-07-14,28.169353833333332°„N,104.8106595°„E,629.1,0.013,
13:40:32.00,24-07-14,28.169353666666666°„N,104.81065933333333°„E,629.1,0.001,
13:40:33.00,24-07-14,28.169353666666666°„N,104.81065933333333°„E,629.0,0.009,
13:40:34.00,24-07-14,28.169353666666666°„N,104.81065916666667°„E,629.0,0.016,
13:40:35.00,24-07-14,28.169353666666666°„N,104.81065916666667°„E,628.9,0.011,
13:40:36.00,24-07-14,28.169353666666666°„N,104.810659°„E,628.9,0.008,
13:40:37.00,24-07-14,28.169353666666666°„N,104.810659°„E,628.8,0.013,
13:40:38.00,24-07-14,28.169353666666666°„N,104.810659°„E,628.8,0.018,
13:40:39.00,24-07-14,28.1693535°„N,104.810659°„E,628.7,0.019,
13:40:40.00,24-07-14,28.1693535°„N,104.810659°„E,628.6,0.013,
13:40:41.00,24-07-14,28.1693535°„N,104.810659°„E,628.6,0.017,
13:40:42.00,24-07-14,28.1693535°„N,104.810659°„E,628.6,0.026,
13:40:43.00,24-07-14,28.1693535°„N,104.810659°„E,628.6,0.027,
13:40:44.00,24-07-14,28.169353666666666°„N,104.810659°„E,628.6,0.027,
13:40:45.00,24-07-14,28.169353833333332°„N,104.810659°„E,628.6,0.031,
13:40:46.00,24-07-14,28.169353833333332°„N,104.81065916666667°„E,628.7,0.036,
13:40:47.00,24-07-14,28.169354°„N,104.81065916666667°„E,628.7,0.031,
13:40:48.00,24-07-14,28.169354°„N,104.81065916666667°„E,628.7,0.018,
13:40:49.00,24-07-14,28.16935416666667°„N,104.81065916666667°„E,628.7,0.006,
13:40:50.00,24-07-14,28.169354333333334°„N,104.81065916666667°„E,628.8,0.026,
13:40:51.00,24-07-14,28.1693545°„N,104.81065916666667°„E,628.8,0.007,
13:40:52.00,24-07-14,28.1693545°„N,104.810659°„E,628.8,0.018,
13:40:53.00,24-07-14,28.169354666666667°„N,104.810659°„E,628.8,0.027,
13:40:54.00,24-07-14,28.1693545°„N,104.810659°„E,628.8,0.014,
13:40:55.00,24-07-14,28.1693545°„N,104.810659°„E,628.8,0.025,
13:40:56.00,24-07-14,28.1693545°„N,104.810659°„E,628.8,0.028,
13:40:57.00,24-07-14,28.1693545°„N,104.810659°„E,628.9,0.035,
13:40:58.00,24-07-14,28.169354333333334°„N,104.81065916666667°„E,628.9,0.028,
13:40:59.00,24-07-14,28.169354333333334°„N,104.81065916666667°„E,629.0,0.041,
13:41:00.00,24-07-14,28.169354333333334°„N,104.81065916666667°„E,629.0,0.007,
13:41:01.00,24-07-14,28.169354333333334°„N,104.81065933333333°„E,629.0,0.002,
13:41:02.00,24-07-14,28.169354333333334°„N,104.8106595°„E,629.1,0.004,
13:41:03.00,24-07-14,28.169354333333334°„N,104.81065966666667°„E,629.2,0.020,
13:41:04.00,24-07-14,28.169354333333334°„N,104.81065983333333°„E,629.3,0.028,
13:41:05.00,24-07-14,28.169354333333334°„N,104.81065983333333°„E,629.3,0.009,
13:41:06.00,24-07-14,28.169354333333334°„N,104.81066°„E,629.4,0.023,
13:41:07.00,24-07-14,28.169354333333334°„N,104.81066°„E,629.4,0.028,
13:41:08.00,24-07-14,28.16935416666667°„N,104.81066016666666°„E,629.5,0.040,
13:41:09.00,24-07-14,28.169354333333334°„N,104.81066016666666°„E,629.5,0.026,
13:41:10.00,24-07-14,28.169354333333334°„N,104.81066016666666°„E,629.5,0.006,
13:41:11.00,24-07-14,28.169354333333334°„N,104.81066033333333°„E,629.5,0.049,
13:41:12.00,24-07-14,28.169354333333334°„N,104.81066016666666°„E,629.5,0.018,
13:41:13.00,24-07-14,28.16935416666667°„N,104.81066016666666°„E,629.5,0.007,
13:41:14.00,24-07-14,28.16935416666667°„N,104.81066°„E,629.5,0.006,
13:41:15.00,24-07-14,28.16935416666667°„N,104.81066°„E,629.4,0.015,
13:41:16.00,24-07-14,28.16935416666667°„N,104.81066°„E,629.4,0.017,
13:41:17.00,24-07-14,28.16935416666667°„N,104.81066°„E,629.4,0.002,
13:41:18.00,24-07-14,28.16935416666667°„N,104.81066°„E,629.4,0.013,
13:41:19.00,24-07-14,28.16935416666667°„N,104.81065983333333°„E,629.3,0.023,
13:41:20.00,24-07-14,28.169354°„N,104.81065983333333°„E,629.3,0.012,
13:41:21.00,24-07-14,28.169354°„N,104.81065966666667°„E,629.2,0.015,
13:41:22.00,24-07-14,28.169354°„N,104.81065966666667°„E,629.2,0.035,
13:41:23.00,24-07-14,28.169354°„N,104.8106595°„E,629.2,0.025,
13:41:24.00,24-07-14,28.169354°„N,104.81065933333333°„E,629.1,0.013,
13:41:25.00,24-07-14,28.16935416666667°„N,104.81065916666667°„E,629.1,0.025,
13:41:26.00,24-07-14,28.16935416666667°„N,104.810659°„E,629.0,0.033,
13:41:27.00,24-07-14,28.16935416666667°„N,104.81065883333333°„E,629.0,0.027,
13:41:28.00,24-07-14,28.169354333333334°„N,104.8106585°„E,628.9,0.032,
13:41:29.00,24-07-14,28.169354333333334°„N,104.8106585°„E,628.9,0.023,
13:41:30.00,24-07-14,28.169354333333334°„N,104.81065833333334°„E,628.8,0.030,
13:41:31.00,24-07-14,28.169354333333334°„N,104.81065833333334°„E,628.8,0.030,
13:41:32.00,24-07-14,28.169354333333334°„N,104.81065816666667°„E,628.7,0.031,
13:41:33.00,24-07-14,28.169354333333334°„N,104.810658°„E,628.7,0.037,
13:41:34.00,24-07-14,28.169354333333334°„N,104.81065783333334°„E,628.6,0.033,
13:41:35.00,24-07-14,28.169354333333334°„N,104.81065766666667°„E,628.6,0.010,
13:41:36.00,24-07-14,28.169354333333334°„N,104.81065766666667°„E,628.5,0.013,
13:41:37.00,24-07-14,28.1693545°„N,104.8106575°„E,628.5,0.013,
13:41:38.00,24-07-14,28.1693545°„N,104.81065733333334°„E,628.5,0.033,
13:41:39.00,24-07-14,28.1693545°„N,104.81065716666667°„E,628.5,0.025,
13:41:40.00,24-07-14,28.1693545°„N,104.810657°„E,628.5,0.033,
13:41:41.00,24-07-14,28.1693545°„N,104.810657°„E,628.5,0.015,
13:41:42.00,24-07-14,28.1693545°„N,104.810657°„E,628.5,0.024,
13:41:43.00,24-07-14,28.169354333333334°„N,104.810657°„E,628.6,0.048,
13:41:44.00,24-07-14,28.169354333333334°„N,104.81065716666667°„E,628.6,0.037,
13:41:45.00,24-07-14,28.16935416666667°„N,104.81065733333334°„E,628.6,0.035,
13:41:46.00,24-07-14,28.16935416666667°„N,104.8106575°„E,628.7,0.019,
13:41:47.00,24-07-14,28.16935416666667°„N,104.8106575°„E,628.7,0.021,
13:41:48.00,24-07-14,28.169354°„N,104.81065766666667°„E,628.8,0.012,
13:41:49.00,24-07-14,28.169354°„N,104.81065766666667°„E,628.8,0.022,
13:41:50.00,24-07-14,28.169354°„N,104.81065766666667°„E,628.9,0.018,
13:41:51.00,24-07-14,28.169353833333332°„N,104.81065766666667°„E,628.9,0.018,
13:41:52.00,24-07-14,28.169353833333332°„N,104.81065783333334°„E,629.0,0.018,
13:41:53.00,24-07-14,28.169353833333332°„N,104.81065783333334°„E,629.0,0.023,
13:41:54.00,24-07-14,28.169353666666666°„N,104.81065783333334°„E,629.1,0.025,
13:41:55.00,24-07-14,28.1693535°„N,104.81065783333334°„E,629.2,0.028,
13:41:56.00,24-07-14,28.169353333333333°„N,104.81065783333334°„E,629.2,0.035,
13:41:57.00,24-07-14,28.169353166666667°„N,104.81065783333334°„E,629.2,0.053,
13:41:58.00,24-07-14,28.169353166666667°„N,104.81065783333334°„E,629.3,0.032,
13:41:59.00,24-07-14,28.169353°„N,104.81065783333334°„E,629.3,0.009,
13:42:00.00,24-07-14,28.169353°„N,104.81065783333334°„E,629.3,0.005,
13:42:01.00,24-07-14,28.169352833333335°„N,104.81065783333334°„E,629.4,0.017,
13:42:02.00,24-07-14,28.169352833333335°„N,104.81065766666667°„E,629.4,0.009,
13:42:03.00,24-07-14,28.169352833333335°„N,104.81065766666667°„E,629.4,0.006,
13:42:04.00,24-07-14,28.169352666666665°„N,104.81065766666667°„E,629.5,0.009,
13:42:05.00,24-07-14,28.1693525°„N,104.81065783333334°„E,629.6,0.038,
13:42:06.00,24-07-14,28.1693525°„N,104.81065783333334°„E,629.6,0.034,
13:42:07.00,24-07-14,28.169352333333332°„N,104.810658°„E,629.6,0.038,
13:42:08.00,24-07-14,28.169352333333332°„N,104.81065816666667°„E,629.6,0.037,
13:42:09.00,24-07-14,28.169352166666666°„N,104.81065833333334°„E,629.7,0.030,
13:42:10.00,24-07-14,28.169352166666666°„N,104.8106585°„E,629.7,0.047,
13:42:11.00,24-07-14,28.169352166666666°„N,104.81065866666667°„E,629.8,0.010,
13:42:12.00,24-07-14,28.169352333333332°„N,104.81065866666667°„E,629.8,0.010,
13:42:13.00,24-07-14,28.169352333333332°„N,104.81065883333333°„E,629.9,0.018,
13:42:14.00,24-07-14,28.169352333333332°„N,104.81065866666667°„E,629.9,0.013,
13:42:15.00,24-07-14,28.169352333333332°„N,104.81065866666667°„E,629.9,0.033,
13:42:16.00,24-07-14,28.169352333333332°„N,104.81065866666667°„E,629.8,0.013,
13:42:17.00,24-07-14,28.169352166666666°„N,104.81065866666667°„E,629.8,0.008,
13:42:18.00,24-07-14,28.169352166666666°„N,104.8106585°„E,629.8,0.018,
13:42:19.00,24-07-14,28.169352166666666°„N,104.8106585°„E,629.8,0.017,
13:42:20.00,24-07-14,28.169352°„N,104.8106585°„E,629.8,0.036,
13:42:21.00,24-07-14,28.169351833333334°„N,104.8106585°„E,629.7,0.026,
13:42:22.00,24-07-14,28.169351833333334°„N,104.8106585°„E,629.7,0.028,
13:42:23.00,24-07-14,28.169351666666667°„N,104.8106585°„E,629.7,0.007,
13:42:24.00,24-07-14,28.1693515°„N,104.8106585°„E,629.7,0.015,
13:42:25.00,24-07-14,28.1693515°„N,104.81065833333334°„E,629.7,0.018,
13:42:26.00,24-07-14,28.169351333333335°„N,104.81065833333334°„E,629.6,0.027,
13:42:27.00,24-07-14,28.169351333333335°„N,104.81065816666667°„E,629.6,0.022,
13:42:28.00,24-07-14,28.169351333333335°„N,104.81065816666667°„E,629.6,0.018,
13:42:29.00,24-07-14,28.169351333333335°„N,104.81065816666667°„E,629.6,0.010,
13:42:30.00,24-07-14,28.169351333333335°„N,104.81065816666667°„E,629.6,0.026,
13:42:31.00,24-07-14,28.169351333333335°„N,104.81065816666667°„E,629.6,0.026,
13:42:32.00,24-07-14,28.169351166666665°„N,104.81065816666667°„E,629.6,0.048,
13:42:33.00,24-07-14,28.169351°„N,104.81065816666667°„E,629.6,0.050,
13:42:34.00,24-07-14,28.169351°„N,104.81065816666667°„E,629.6,0.039,
13:42:35.00,24-07-14,28.169351°„N,104.81065816666667°„E,629.6,0.013,
13:42:36.00,24-07-14,28.169351°„N,104.810658°„E,629.6,0.019,
13:42:37.00,24-07-14,28.169351166666665°„N,104.81065783333334°„E,629.6,0.025,
13:42:38.00,24-07-14,28.169351166666665°„N,104.81065783333334°„E,629.7,0.012,
13:42:39.00,24-07-14,28.169351166666665°„N,104.81065783333334°„E,629.7,0.029,
13:42:40.00,24-07-14,28.169351333333335°„N,104.81065783333334°„E,629.7,0.029,
13:42:41.00,24-07-14,28.1693515°„N,104.81065783333334°„E,629.7,0.022,
13:42:42.00,24-07-14,28.1693515°„N,104.81065783333334°„E,629.7,0.043,
13:42:43.00,24-07-14,28.169351666666667°„N,104.810658°„E,629.7,0.049,
13:42:44.00,24-07-14,28.169351666666667°„N,104.810658°„E,629.7,0.033,
13:42:45.00,24-07-14,28.169351833333334°„N,104.810658°„E,629.7,0.034,
13:42:46.00,24-07-14,28.169351833333334°„N,104.810658°„E,629.7,0.039,
13:42:47.00,24-07-14,28.169351833333334°„N,104.810658°„E,629.6,0.026,
13:42:48.00,24-07-14,28.169351833333334°„N,104.81065783333334°„E,629.6,0.020,
13:42:49.00,24-07-14,28.169351833333334°„N,104.81065783333334°„E,629.5,0.011,
13:42:50.00,24-07-14,28.169351833333334°„N,104.81065766666667°„E,629.5,0.032,
13:42:51.00,24-07-14,28.169351833333334°„N,104.8106575°„E,629.4,0.022,
13:42:52.00,24-07-14,28.169352°„N,104.8106575°„E,629.4,0.013,
13:42:53.00,24-07-14,28.169352°„N,104.81065733333334°„E,629.3,0.014,
13:42:54.00,24-07-14,28.169352°„N,104.81065733333334°„E,629.3,0.019,
13:42:55.00,24-07-14,28.169352°„N,104.81065733333334°„E,629.2,0.004,
13:42:56.00,24-07-14,28.169352166666666°„N,104.81065716666667°„E,629.1,0.013,
13:42:57.00,24-07-14,28.169352166666666°„N,104.81065716666667°„E,629.1,0.021,
13:42:58.00,24-07-14,28.169352166666666°„N,104.81065733333334°„E,629.0,0.019,
13:42:59.00,24-07-14,28.169352166666666°„N,104.81065733333334°„E,628.9,0.034,
13:43:00.00,24-07-14,28.169352333333332°„N,104.81065733333334°„E,628.9,0.018,
13:43:01.00,24-07-14,28.169352333333332°„N,104.81065733333334°„E,628.8,0.037,
13:43:02.00,24-07-14,28.1693525°„N,104.81065733333334°„E,628.8,0.019,
13:43:03.00,24-07-14,28.169352666666665°„N,104.8106575°„E,628.8,0.032,
13:43:04.00,24-07-14,28.169352833333335°„N,104.81065766666667°„E,628.8,0.017,
13:43:05.00,24-07-14,28.169353°„N,104.810658°„E,628.8,0.038,
13:43:06.00,24-07-14,28.169353333333333°„N,104.81065816666667°„E,628.8,0.042,
13:43:07.00,24-07-14,28.1693535°„N,104.81065833333334°„E,628.8,0.002,
13:43:08.00,24-07-14,28.169353833333332°„N,104.8106585°„E,628.9,0.026,
13:43:09.00,24-07-14,28.169354°„N,104.81065883333333°„E,628.9,0.020,
13:43:10.00,24-07-14,28.169354333333334°„N,104.81065916666667°„E,628.9,0.015,
13:43:11.00,24-07-14,28.169354666666667°„N,104.8106595°„E,629.0,0.013,
13:43:12.00,24-07-14,28.169354833333333°„N,104.81065966666667°„E,629.1,0.008,
13:43:13.00,24-07-14,28.169355166666666°„N,104.81065983333333°„E,629.1,0.025,
13:43:14.00,24-07-14,28.1693555°„N,104.81066016666666°„E,629.2,0.033,
13:43:15.00,24-07-14,28.169355833333334°„N,104.81066033333333°„E,629.2,0.035,
13:43:16.00,24-07-14,28.169356166666667°„N,104.81066066666666°„E,629.2,0.027,
13:43:17.00,24-07-14,28.169356333333333°„N,104.81066083333333°„E,629.3,0.027,
13:43:18.00,24-07-14,28.1693565°„N,104.810661°„E,629.3,0.030,
13:43:19.00,24-07-14,28.16935683333333°„N,104.81066116666666°„E,629.3,0.014,
13:43:20.00,24-07-14,28.16935683333333°„N,104.81066133333333°„E,629.4,0.013,
13:43:21.00,24-07-14,28.169357°„N,104.8106615°„E,629.4,0.014,
13:43:22.00,24-07-14,28.169357°„N,104.8106615°„E,629.4,0.011,
13:43:23.00,24-07-14,28.169357166666668°„N,104.81066166666666°„E,629.4,0.019,
13:43:24.00,24-07-14,28.169357166666668°„N,104.81066183333333°„E,629.5,0.025,
13:43:25.00,24-07-14,28.169357166666668°„N,104.81066183333333°„E,629.5,0.016,
13:43:26.00,24-07-14,28.169357166666668°„N,104.81066183333333°„E,629.5,0.024,
13:43:27.00,24-07-14,28.169357°„N,104.81066183333333°„E,629.5,0.018,
13:43:28.00,24-07-14,28.169357°„N,104.81066183333333°„E,629.5,0.011,
13:43:29.00,24-07-14,28.16935683333333°„N,104.81066183333333°„E,629.5,0.031,
13:43:30.00,24-07-14,28.16935683333333°„N,104.81066183333333°„E,629.5,0.037,
13:43:31.00,24-07-14,28.169356666666665°„N,104.81066183333333°„E,629.5,0.022,
13:43:32.00,24-07-14,28.169356666666665°„N,104.81066166666666°„E,629.5,0.016,
13:43:33.00,24-07-14,28.1693565°„N,104.81066166666666°„E,629.5,0.009,
13:43:34.00,24-07-14,28.169356333333333°„N,104.8106615°„E,629.5,0.015,
13:43:35.00,24-07-14,28.169356166666667°„N,104.8106615°„E,629.5,0.014,
13:43:36.00,24-07-14,28.169356°„N,104.8106615°„E,629.6,0.022,
13:43:37.00,24-07-14,28.169355833333334°„N,104.8106615°„E,629.6,0.016,
13:43:38.00,24-07-14,28.169355666666668°„N,104.81066133333333°„E,629.6,0.020,
13:43:39.00,24-07-14,28.1693555°„N,104.81066133333333°„E,629.6,0.025,
13:43:40.00,24-07-14,28.169355333333332°„N,104.81066133333333°„E,629.7,0.020,
13:43:41.00,24-07-14,28.169355166666666°„N,104.8106615°„E,629.7,0.008,
13:43:42.00,24-07-14,28.169355°„N,104.8106615°„E,629.7,0.016,
13:43:43.00,24-07-14,28.169354666666667°„N,104.8106615°„E,629.7,0.013,
13:43:44.00,24-07-14,28.169354666666667°„N,104.8106615°„E,629.7,0.051,
13:43:45.00,24-07-14,28.1693545°„N,104.81066166666666°„E,629.7,0.014,
13:43:46.00,24-07-14,28.169354333333334°„N,104.81066166666666°„E,629.8,0.017,
13:43:47.00,24-07-14,28.169354°„N,104.81066166666666°„E,629.8,0.022,
13:43:48.00,24-07-14,28.169353833333332°„N,104.81066183333333°„E,629.8,0.026,
13:43:49.00,24-07-14,28.169353666666666°„N,104.81066183333333°„E,629.8,0.023,
13:43:50.00,24-07-14,28.1693535°„N,104.81066183333333°„E,629.8,0.012,
13:43:51.00,24-07-14,28.1693535°„N,104.81066183333333°„E,629.8,0.040,
13:43:52.00,24-07-14,28.169353333333333°„N,104.81066183333333°„E,629.8,0.035,
13:43:53.00,24-07-14,28.169353166666667°„N,104.81066166666666°„E,629.7,0.013,
13:43:54.00,24-07-14,28.169353°„N,104.81066166666666°„E,629.7,0.028,
13:43:55.00,24-07-14,28.169352833333335°„N,104.8106615°„E,629.7,0.011,
13:43:56.00,24-07-14,28.169352666666665°„N,104.81066133333333°„E,629.7,0.007,
13:43:57.00,24-07-14,28.169352666666665°„N,104.81066116666666°„E,629.7,0.010,
13:43:58.00,24-07-14,28.169352666666665°„N,104.81066116666666°„E,629.7,0.040,
13:43:59.00,24-07-14,28.169352666666665°„N,104.81066116666666°„E,629.7,0.037,
13:44:00.00,24-07-14,28.169352666666665°„N,104.81066116666666°„E,629.8,0.034,
13:44:01.00,24-07-14,28.169352666666665°„N,104.81066116666666°„E,629.8,0.041,
13:44:02.00,24-07-14,28.169352666666665°„N,104.810661°„E,629.9,0.034,
13:44:03.00,24-07-14,28.169352666666665°„N,104.810661°„E,629.9,0.037,
13:44:04.00,24-07-14,28.169352666666665°„N,104.810661°„E,629.9,0.020,
13:44:05.00,24-07-14,28.169352666666665°„N,104.81066083333333°„E,629.9,0.016,
13:44:06.00,24-07-14,28.169352666666665°„N,104.81066066666666°„E,630.0,0.007,
13:44:07.00,24-07-14,28.169352833333335°„N,104.81066083333333°„E,630.0,0.005,
13:44:08.00,24-07-14,28.169353°„N,104.81066083333333°„E,630.1,0.011,
13:44:09.00,24-07-14,28.169353°„N,104.81066083333333°„E,630.1,0.021,
13:44:10.00,24-07-14,28.169353166666667°„N,104.810661°„E,630.2,0.015,
13:44:11.00,24-07-14,28.169353166666667°„N,104.81066116666666°„E,630.2,0.024,
13:44:12.00,24-07-14,28.169353333333333°„N,104.81066133333333°„E,630.3,0.020,
13:44:13.00,24-07-14,28.1693535°„N,104.81066133333333°„E,630.3,0.005,
13:44:14.00,24-07-14,28.169353666666666°„N,104.8106615°„E,630.4,0.010,
13:44:15.00,24-07-14,28.169353833333332°„N,104.8106615°„E,630.4,0.014,
13:44:16.00,24-07-14,28.169353833333332°„N,104.81066166666666°„E,630.4,0.016,
13:44:17.00,24-07-14,28.169354°„N,104.81066183333333°„E,630.5,0.021,
13:44:18.00,24-07-14,28.16935416666667°„N,104.81066183333333°„E,630.5,0.030,
13:44:19.00,24-07-14,28.169354333333334°„N,104.810662°„E,630.6,0.011,
13:44:20.00,24-07-14,28.169354333333334°„N,104.810662°„E,630.6,0.014,
13:44:21.00,24-07-14,28.169354333333334°„N,104.810662°„E,630.5,0.008,
13:44:22.00,24-07-14,28.169354333333334°„N,104.810662°„E,630.5,0.027,
13:44:23.00,24-07-14,28.169354333333334°„N,104.810662°„E,630.5,0.030,
13:44:24.00,24-07-14,28.169354333333334°„N,104.810662°„E,630.5,0.023,
13:44:25.00,24-07-14,28.169354333333334°„N,104.810662°„E,630.5,0.017,
13:44:26.00,24-07-14,28.169354333333334°„N,104.810662°„E,630.4,0.014,
13:44:27.00,24-07-14,28.169354333333334°„N,104.81066183333333°„E,630.4,0.020,
13:44:28.00,24-07-14,28.16935416666667°„N,104.81066183333333°„E,630.4,0.006,
13:44:29.00,24-07-14,28.16935416666667°„N,104.81066166666666°„E,630.3,0.015,
13:44:30.00,24-07-14,28.169354°„N,104.8106615°„E,630.3,0.018,
13:44:31.00,24-07-14,28.169354°„N,104.81066133333333°„E,630.3,0.009,
13:44:32.00,24-07-14,28.169353833333332°„N,104.81066116666666°„E,630.2,0.012,
13:44:33.00,24-07-14,28.169353833333332°„N,104.810661°„E,630.2,0.011,
13:44:34.00,24-07-14,28.169353833333332°„N,104.810661°„E,630.2,0.027,
13:44:35.00,24-07-14,28.169354°„N,104.81066083333333°„E,630.1,0.033,
13:44:36.00,24-07-14,28.169354°„N,104.81066083333333°„E,630.1,0.028,
13:44:37.00,24-07-14,28.169354°„N,104.81066083333333°„E,630.1,0.017,
13:44:38.00,24-07-14,28.169354°„N,104.81066083333333°„E,630.1,0.032,
13:44:39.00,24-07-14,28.169354°„N,104.81066083333333°„E,630.1,0.030,
13:44:40.00,24-07-14,28.169354°„N,104.81066083333333°„E,630.1,0.010,
13:44:41.00,24-07-14,28.16935416666667°„N,104.810661°„E,630.2,0.016,
13:44:42.00,24-07-14,28.169354333333334°„N,104.810661°„E,630.2,0.015,
13:44:43.00,24-07-14,28.169354333333334°„N,104.810661°„E,630.2,0.016,
13:44:44.00,24-07-14,28.1693545°„N,104.81066116666666°„E,630.3,0.013,
13:44:45.00,24-07-14,28.169354666666667°„N,104.81066116666666°„E,630.3,0.015,
13:44:46.00,24-07-14,28.169354666666667°„N,104.81066133333333°„E,630.4,0.012,
13:44:47.00,24-07-14,28.169354666666667°„N,104.8106615°„E,630.4,0.017,
13:44:48.00,24-07-14,28.169354666666667°„N,104.8106615°„E,630.5,0.015,
13:44:49.00,24-07-14,28.169354666666667°„N,104.81066166666666°„E,630.5,0.023,
13:44:50.00,24-07-14,28.169354666666667°„N,104.81066166666666°„E,630.5,0.020,
13:44:51.00,24-07-14,28.169354666666667°„N,104.81066166666666°„E,630.5,0.021,
13:44:52.00,24-07-14,28.1693545°„N,104.81066166666666°„E,630.6,0.041,
13:44:53.00,24-07-14,28.1693545°„N,104.81066166666666°„E,630.6,0.010,
13:44:54.00,24-07-14,28.169354333333334°„N,104.8106615°„E,630.6,0.024,
13:44:55.00,24-07-14,28.169354333333334°„N,104.8106615°„E,630.6,0.014,
13:44:56.00,24-07-14,28.16935416666667°„N,104.81066133333333°„E,630.6,0.029,
13:44:57.00,24-07-14,28.169354°„N,104.810661°„E,630.6,0.013,
13:44:58.00,24-07-14,28.169353833333332°„N,104.81066083333333°„E,630.6,0.008,
13:44:59.00,24-07-14,28.169353666666666°„N,104.81066083333333°„E,630.6,0.035,
13:45:00.00,24-07-14,28.1693535°„N,104.81066066666666°„E,630.6,0.033,
13:45:01.00,24-07-14,28.169353333333333°„N,104.8106605°„E,630.7,0.028,
13:45:02.00,24-07-14,28.169353166666667°„N,104.8106605°„E,630.7,0.030,
13:45:03.00,24-07-14,28.169353°„N,104.81066033333333°„E,630.7,0.007,
13:45:04.00,24-07-14,28.169352833333335°„N,104.81066016666666°„E,630.7,0.031,
13:45:05.00,24-07-14,28.169352833333335°„N,104.81066°„E,630.7,0.006,
13:45:06.00,24-07-14,28.169352833333335°„N,104.81065966666667°„E,630.6,0.039,
13:45:07.00,24-07-14,28.169353°„N,104.81065933333333°„E,630.6,0.017,
13:45:08.00,24-07-14,28.169353°„N,104.81065916666667°„E,630.6,0.015,
13:45:09.00,24-07-14,28.169353°„N,104.810659°„E,630.5,0.015,
13:45:10.00,24-07-14,28.169353°„N,104.81065866666667°„E,630.5,0.014,
13:45:11.00,24-07-14,28.169353°„N,104.8106585°„E,630.4,0.003,
13:45:12.00,24-07-14,28.169353°„N,104.81065816666667°„E,630.4,0.006,
13:45:13.00,24-07-14,28.169353°„N,104.810658°„E,630.3,0.016,
13:45:14.00,24-07-14,28.169353166666667°„N,104.81065783333334°„E,630.3,0.021,
13:45:15.00,24-07-14,28.169353166666667°„N,104.81065783333334°„E,630.2,0.019,
13:45:16.00,24-07-14,28.169353166666667°„N,104.81065766666667°„E,630.2,0.007,
13:45:17.00,24-07-14,28.169353166666667°„N,104.8106575°„E,630.2,0.008,
13:45:18.00,24-07-14,28.169353166666667°„N,104.8106575°„E,630.2,0.014,
13:45:19.00,24-07-14,28.169353166666667°„N,104.8106575°„E,630.1,0.009,
13:45:20.00,24-07-14,28.169353166666667°„N,104.8106575°„E,630.1,0.017,
13:45:21.00,24-07-14,28.169353166666667°„N,104.8106575°„E,630.1,0.019,
13:45:22.00,24-07-14,28.169353166666667°„N,104.8106575°„E,630.0,0.010,
13:45:23.00,24-07-14,28.169353333333333°„N,104.81065766666667°„E,630.0,0.013,
13:45:24.00,24-07-14,28.169353333333333°„N,104.81065783333334°„E,630.0,0.015,
13:45:25.00,24-07-14,28.169353333333333°„N,104.81065783333334°„E,630.0,0.029,
13:45:26.00,24-07-14,28.1693535°„N,104.810658°„E,630.0,0.016,
13:45:27.00,24-07-14,28.1693535°„N,104.81065816666667°„E,630.0,0.015,
13:45:28.00,24-07-14,28.1693535°„N,104.81065833333334°„E,630.0,0.032,
13:45:29.00,24-07-14,28.1693535°„N,104.81065833333334°„E,630.0,0.001,
13:45:30.00,24-07-14,28.1693535°„N,104.81065833333334°„E,630.0,0.027,
13:45:31.00,24-07-14,28.1693535°„N,104.81065833333334°„E,630.0,0.030,
13:45:32.00,24-07-14,28.1693535°„N,104.81065833333334°„E,630.0,0.010,
13:45:33.00,24-07-14,28.169353333333333°„N,104.81065816666667°„E,630.0,0.011,
13:45:34.00,24-07-14,28.169353333333333°„N,104.81065833333334°„E,630.1,0.007,
13:45:35.00,24-07-14,28.169353333333333°„N,104.81065833333334°„E,630.1,0.032,
13:45:36.00,24-07-14,28.169353333333333°„N,104.81065866666667°„E,630.2,0.054,
13:45:37.00,24-07-14,28.1693535°„N,104.810659°„E,630.3,0.029,
13:45:38.00,24-07-14,28.1693535°„N,104.81065916666667°„E,630.3,0.034,
13:45:39.00,24-07-14,28.1693535°„N,104.81065933333333°„E,630.4,0.047,
13:45:40.00,24-07-14,28.169353333333333°„N,104.8106595°„E,630.4,0.049,
13:45:41.00,24-07-14,28.169353333333333°„N,104.8106595°„E,630.4,0.017,
13:45:42.00,24-07-14,28.169353333333333°„N,104.8106595°„E,630.5,0.019,
13:45:43.00,24-07-14,28.169353333333333°„N,104.8106595°„E,630.5,0.022,
13:45:44.00,24-07-14,28.169353333333333°„N,104.8106595°„E,630.5,0.017,
13:45:45.00,24-07-14,28.169353166666667°„N,104.81065933333333°„E,630.5,0.006,
13:45:46.00,24-07-14,28.169353166666667°„N,104.81065916666667°„E,630.4,0.019,
13:45:47.00,24-07-14,28.169353°„N,104.810659°„E,630.4,0.027,
13:45:48.00,24-07-14,28.169353°„N,104.81065883333333°„E,630.4,0.027,
13:45:49.00,24-07-14,28.169352833333335°„N,104.81065883333333°„E,630.3,0.025,
13:45:50.00,24-07-14,28.169352833333335°„N,104.81065866666667°„E,630.3,0.026,
13:45:51.00,24-07-14,28.169352833333335°„N,104.81065866666667°„E,630.2,0.039,
13:45:52.00,24-07-14,28.169352833333335°„N,104.81065866666667°„E,630.2,0.043,
13:45:53.00,24-07-14,28.169352666666665°„N,104.8106585°„E,630.2,0.017,
13:45:54.00,24-07-14,28.169352666666665°„N,104.81065833333334°„E,630.1,0.008,
13:45:55.00,24-07-14,28.169352666666665°„N,104.81065833333334°„E,630.1,0.016,
13:45:56.00,24-07-14,28.1693525°„N,104.81065833333334°„E,630.1,0.003,
13:45:57.00,24-07-14,28.1693525°„N,104.81065833333334°„E,630.1,0.007,
13:45:58.00,24-07-14,28.1693525°„N,104.81065833333334°„E,630.1,0.016,
13:45:59.00,24-07-14,28.1693525°„N,104.8106585°„E,630.1,0.028,
13:46:00.00,24-07-14,28.1693525°„N,104.8106585°„E,630.1,0.036,
13:46:01.00,24-07-14,28.1693525°„N,104.81065866666667°„E,630.1,0.030,
13:46:02.00,24-07-14,28.1693525°„N,104.81065883333333°„E,630.1,0.023,
13:46:03.00,24-07-14,28.1693525°„N,104.81065866666667°„E,630.1,0.007,
13:46:04.00,24-07-14,28.169352666666665°„N,104.81065866666667°„E,630.1,0.009,
13:46:05.00,24-07-14,28.169352666666665°„N,104.81065866666667°„E,630.1,0.016,
13:46:06.00,24-07-14,28.169352666666665°„N,104.8106585°„E,630.2,0.031,
13:46:07.00,24-07-14,28.169352833333335°„N,104.8106585°„E,630.2,0.025,
13:46:08.00,24-07-14,28.169352833333335°„N,104.8106585°„E,630.2,0.033,
13:46:09.00,24-07-14,28.169352833333335°„N,104.8106585°„E,630.2,0.013,
13:46:10.00,24-07-14,28.169352833333335°„N,104.8106585°„E,630.3,0.015,
13:46:11.00,24-07-14,28.169352833333335°„N,104.81065833333334°„E,630.3,0.015,
13:46:12.00,24-07-14,28.169352833333335°„N,104.81065833333334°„E,630.3,0.010,
13:46:13.00,24-07-14,28.169352833333335°„N,104.81065816666667°„E,630.3,0.021,
13:46:14.00,24-07-14,28.169352833333335°„N,104.81065816666667°„E,630.3,0.012,
13:46:15.00,24-07-14,28.169352833333335°„N,104.81065816666667°„E,630.2,0.042,
13:46:16.00,24-07-14,28.169352833333335°„N,104.810658°„E,630.3,0.022,
13:46:17.00,24-07-14,28.169352833333335°„N,104.810658°„E,630.3,0.008,
13:46:18.00,24-07-14,28.169353°„N,104.81065783333334°„E,630.2,0.025,
13:46:19.00,24-07-14,28.169353°„N,104.81065766666667°„E,630.2,0.009,
13:46:20.00,24-07-14,28.169353°„N,104.8106575°„E,630.2,0.016,
13:46:21.00,24-07-14,28.169353°„N,104.81065733333334°„E,630.2,0.018,
13:46:22.00,24-07-14,28.169353°„N,104.81065716666667°„E,630.2,0.034,
13:46:23.00,24-07-14,28.169353166666667°„N,104.810657°„E,630.2,0.014,
13:46:24.00,24-07-14,28.169353166666667°„N,104.81065683333334°„E,630.1,0.035,
13:46:25.00,24-07-14,28.169353333333333°„N,104.81065666666667°„E,630.1,0.023,
13:46:26.00,24-07-14,28.169353333333333°„N,104.81065666666667°„E,630.1,0.027,
13:46:27.00,24-07-14,28.169353333333333°„N,104.81065666666667°„E,630.0,0.033,
13:46:28.00,24-07-14,28.169353333333333°„N,104.8106565°„E,630.0,0.025,
13:46:29.00,24-07-14,28.169353166666667°„N,104.8106565°„E,630.0,0.009,
13:46:30.00,24-07-14,28.169353166666667°„N,104.81065633333333°„E,630.0,0.020,
13:46:31.00,24-07-14,28.169353166666667°„N,104.81065633333333°„E,629.9,0.023,
13:46:32.00,24-07-14,28.169353166666667°„N,104.81065633333333°„E,629.9,0.018,
13:46:33.00,24-07-14,28.169353166666667°„N,104.81065616666666°„E,629.9,0.012,
13:46:34.00,24-07-14,28.169353166666667°„N,104.81065616666666°„E,629.9,0.010,
13:46:35.00,24-07-14,28.169353166666667°„N,104.810656°„E,629.9,0.007,
13:46:36.00,24-07-14,28.169353166666667°„N,104.810656°„E,629.8,0.015,
13:46:37.00,24-07-14,28.169353166666667°„N,104.810656°„E,629.8,0.012,
13:46:38.00,24-07-14,28.169353166666667°„N,104.810656°„E,629.8,0.037,
13:46:39.00,24-07-14,28.169353166666667°„N,104.810656°„E,629.8,0.023,
13:46:40.00,24-07-14,28.169353166666667°„N,104.81065583333333°„E,629.8,0.013,
13:46:41.00,24-07-14,28.169353166666667°„N,104.81065583333333°„E,629.8,0.013,
13:46:42.00,24-07-14,28.169353166666667°„N,104.81065583333333°„E,629.8,0.031,
13:46:43.00,24-07-14,28.169353333333333°„N,104.81065583333333°„E,629.8,0.022,
13:46:44.00,24-07-14,28.169353333333333°„N,104.81065583333333°„E,629.8,0.007,
13:46:45.00,24-07-14,28.169353333333333°„N,104.810656°„E,629.9,0.013,
13:46:46.00,24-07-14,28.1693535°„N,104.81065616666666°„E,629.9,0.021,
13:46:47.00,24-07-14,28.1693535°„N,104.81065616666666°„E,629.9,0.005,
13:46:48.00,24-07-14,28.169353666666666°„N,104.81065633333333°„E,630.0,0.017,
13:46:49.00,24-07-14,28.169353666666666°„N,104.81065633333333°„E,630.0,0.016,
13:46:50.00,24-07-14,28.169353833333332°„N,104.8106565°„E,630.0,0.025,
13:46:51.00,24-07-14,28.169354°„N,104.81065666666667°„E,630.1,0.023,
13:46:52.00,24-07-14,28.169354°„N,104.81065683333334°„E,630.1,0.008,
13:46:53.00,24-07-14,28.169354°„N,104.81065716666667°„E,630.2,0.020,
13:46:54.00,24-07-14,28.16935416666667°„N,104.81065733333334°„E,630.3,0.008,
13:46:55.00,24-07-14,28.169354°„N,104.81065766666667°„E,630.3,0.011,
13:46:56.00,24-07-14,28.169354°„N,104.810658°„E,630.4,0.014,
13:46:57.00,24-07-14,28.169354°„N,104.81065816666667°„E,630.5,0.013,
13:46:58.00,24-07-14,28.169354°„N,104.8106585°„E,630.5,0.007,
13:46:59.00,24-07-14,28.169354°„N,104.81065883333333°„E,630.6,0.010,
13:47:00.00,24-07-14,28.169353833333332°„N,104.81065916666667°„E,630.6,0.023,
13:47:01.00,24-07-14,28.169353833333332°„N,104.81065933333333°„E,630.7,0.030,
13:47:02.00,24-07-14,28.169353833333332°„N,104.8106595°„E,630.7,0.019,
13:47:03.00,24-07-14,28.169353833333332°„N,104.81065983333333°„E,630.7,0.031,
13:47:04.00,24-07-14,28.169353833333332°„N,104.81066°„E,630.8,0.018,
13:47:05.00,24-07-14,28.169353833333332°„N,104.81066016666666°„E,630.8,0.024,
13:47:06.00,24-07-14,28.169353833333332°„N,104.81066016666666°„E,630.8,0.013,
13:47:07.00,24-07-14,28.169354°„N,104.81066033333333°„E,630.8,0.004,
13:47:08.00,24-07-14,28.169354°„N,104.81066033333333°„E,630.8,0.006,
13:47:09.00,24-07-14,28.169354°„N,104.8106605°„E,630.8,0.022,
13:47:10.00,24-07-14,28.169354°„N,104.8106605°„E,630.8,0.014,
13:47:11.00,24-07-14,28.169354°„N,104.8106605°„E,630.8,0.020,
13:47:12.00,24-07-14,28.169354°„N,104.8106605°„E,630.8,0.011,
13:47:13.00,24-07-14,28.169354°„N,104.8106605°„E,630.8,0.025,
13:47:14.00,24-07-14,28.169354°„N,104.8106605°„E,630.7,0.033,
13:47:15.00,24-07-14,28.169354°„N,104.81066066666666°„E,630.7,0.025,
13:47:16.00,24-07-14,28.169354°„N,104.81066066666666°„E,630.6,0.043,
13:47:17.00,24-07-14,28.169354°„N,104.81066083333333°„E,630.6,0.033,
13:47:18.00,24-07-14,28.169354°„N,104.81066083333333°„E,630.6,0.035,
13:47:19.00,24-07-14,28.169354°„N,104.81066083333333°„E,630.6,0.001,
13:47:20.00,24-07-14,28.169354°„N,104.81066083333333°„E,630.5,0.007,
13:47:21.00,24-07-14,28.169354°„N,104.81066083333333°„E,630.5,0.036,
13:47:22.00,24-07-14,28.169354°„N,104.81066083333333°„E,630.5,0.017,
13:47:23.00,24-07-14,28.169354°„N,104.810661°„E,630.5,0.004,
13:47:24.00,24-07-14,28.169354°„N,104.810661°„E,630.5,0.019,
13:47:25.00,24-07-14,28.16935416666667°„N,104.810661°„E,630.5,0.027,
13:47:26.00,24-07-14,28.169354333333334°„N,104.810661°„E,630.5,0.032,
13:47:27.00,24-07-14,28.169354333333334°„N,104.810661°„E,630.5,0.050,
13:47:28.00,24-07-14,28.1693545°„N,104.81066116666666°„E,630.5,0.033,
13:47:29.00,24-07-14,28.169354666666667°„N,104.81066116666666°„E,630.5,0.025,
13:47:30.00,24-07-14,28.169354666666667°„N,104.810661°„E,630.5,0.012,
13:47:31.00,24-07-14,28.169354833333333°„N,104.810661°„E,630.5,0.001,
13:47:32.00,24-07-14,28.169354833333333°„N,104.810661°„E,630.5,0.009,
13:47:33.00,24-07-14,28.169355°„N,104.810661°„E,630.5,0.008,
13:47:34.00,24-07-14,28.169355166666666°„N,104.810661°„E,630.5,0.010,
13:47:35.00,24-07-14,28.169355333333332°„N,104.810661°„E,630.5,0.016,
13:47:36.00,24-07-14,28.1693555°„N,104.810661°„E,630.5,0.012,
13:47:37.00,24-07-14,28.169355666666668°„N,104.81066083333333°„E,630.5,0.020,
13:47:38.00,24-07-14,28.169355833333334°„N,104.81066083333333°„E,630.5,0.011,
13:47:39.00,24-07-14,28.169355833333334°„N,104.81066083333333°„E,630.5,0.021,
13:47:40.00,24-07-14,28.169356°„N,104.81066083333333°„E,630.5,0.018,
13:47:41.00,24-07-14,28.169356°„N,104.81066066666666°„E,630.5,0.023,
13:47:42.00,24-07-14,28.169356166666667°„N,104.8106605°„E,630.4,0.018,
13:47:43.00,24-07-14,28.169356166666667°„N,104.81066033333333°„E,630.4,0.020,
13:47:44.00,24-07-14,28.169356333333333°„N,104.81066016666666°„E,630.4,0.023,
13:47:45.00,24-07-14,28.1693565°„N,104.81066°„E,630.4,0.034,
13:47:46.00,24-07-14,28.1693565°„N,104.81065983333333°„E,630.3,0.008,
13:47:47.00,24-07-14,28.1693565°„N,104.8106595°„E,630.3,0.035,
13:47:48.00,24-07-14,28.1693565°„N,104.81065933333333°„E,630.2,0.005,
13:47:49.00,24-07-14,28.1693565°„N,104.810659°„E,630.2,0.003,
13:47:50.00,24-07-14,28.169356666666665°„N,104.81065883333333°„E,630.1,0.008,
13:47:51.00,24-07-14,28.169356666666665°„N,104.8106585°„E,630.0,0.004,
13:47:52.00,24-07-14,28.169356666666665°„N,104.81065816666667°„E,629.9,0.004,
13:47:53.00,24-07-14,28.169356666666665°„N,104.810658°„E,629.9,0.015,
13:47:54.00,24-07-14,28.169356666666665°„N,104.81065783333334°„E,629.8,0.021,
13:47:55.00,24-07-14,28.16935683333333°„N,104.81065766666667°„E,629.8,0.016,
13:47:56.00,24-07-14,28.169357°„N,104.8106575°„E,629.8,0.020,
13:47:57.00,24-07-14,28.169357166666668°„N,104.8106575°„E,629.8,0.016,
13:47:58.00,24-07-14,28.169357166666668°„N,104.8106575°„E,629.7,0.030,
13:47:59.00,24-07-14,28.169357333333334°„N,104.8106575°„E,629.7,0.021,
13:48:00.00,24-07-14,28.169357333333334°„N,104.8106575°„E,629.7,0.014,
13:48:01.00,24-07-14,28.169357333333334°„N,104.8106575°„E,629.7,0.027,
13:48:02.00,24-07-14,28.169357333333334°„N,104.8106575°„E,629.6,0.055,
13:48:03.00,24-07-14,28.169357333333334°„N,104.81065766666667°„E,629.6,0.027,
13:48:04.00,24-07-14,28.169357333333334°„N,104.81065766666667°„E,629.6,0.039,
13:48:05.00,24-07-14,28.169357333333334°„N,104.81065766666667°„E,629.6,0.033,
13:48:06.00,24-07-14,28.169357333333334°„N,104.81065766666667°„E,629.5,0.038,
13:48:07.00,24-07-14,28.1693575°„N,104.8106575°„E,629.5,0.012,
13:48:08.00,24-07-14,28.1693575°„N,104.8106575°„E,629.5,0.012,
13:48:09.00,24-07-14,28.1693575°„N,104.81065733333334°„E,629.4,0.011,
13:48:10.00,24-07-14,28.169357333333334°„N,104.81065733333334°„E,629.4,0.010,
13:48:11.00,24-07-14,28.169357333333334°„N,104.81065733333334°„E,629.4,0.014,
13:48:12.00,24-07-14,28.169357333333334°„N,104.81065733333334°„E,629.3,0.026,
13:48:13.00,24-07-14,28.169357333333334°„N,104.81065733333334°„E,629.3,0.038,
13:48:14.00,24-07-14,28.1693575°„N,104.81065716666667°„E,629.2,0.018,
13:48:15.00,24-07-14,28.1693575°„N,104.81065716666667°„E,629.2,0.027,
13:48:16.00,24-07-14,28.1693575°„N,104.81065716666667°„E,629.1,0.048,
13:48:17.00,24-07-14,28.1693575°„N,104.81065716666667°„E,629.1,0.030,
13:48:18.00,24-07-14,28.169357666666667°„N,104.810657°„E,629.0,0.031,
13:48:19.00,24-07-14,28.169357666666667°„N,104.81065683333334°„E,629.0,0.012,
13:48:20.00,24-07-14,28.169357666666667°„N,104.81065683333334°„E,629.0,0.024,
13:48:21.00,24-07-14,28.169357666666667°„N,104.81065666666667°„E,629.0,0.010,
13:48:22.00,24-07-14,28.169357666666667°„N,104.8106565°„E,629.0,0.023,
13:48:23.00,24-07-14,28.1693575°„N,104.8106565°„E,629.0,0.014,
13:48:24.00,24-07-14,28.1693575°„N,104.8106565°„E,629.0,0.021,
13:48:25.00,24-07-14,28.169357333333334°„N,104.8106565°„E,629.0,0.033,
13:48:26.00,24-07-14,28.169357333333334°„N,104.8106565°„E,629.0,0.037,
13:48:27.00,24-07-14,28.1693575°„N,104.81065616666666°„E,629.0,0.028,
13:48:28.00,24-07-14,28.169357833333333°„N,104.810656°„E,628.9,0.028,
13:48:29.00,24-07-14,28.169358°„N,104.81065566666666°„E,628.8,0.012,
13:48:30.00,24-07-14,28.169358166666665°„N,104.81065566666666°„E,628.8,0.019,
13:48:31.00,24-07-14,28.169358333333335°„N,104.81065566666666°„E,628.8,0.044,
13:48:32.00,24-07-14,28.1693585°„N,104.81065566666666°„E,628.7,0.024,
13:48:33.00,24-07-14,28.1693585°„N,104.81065566666666°„E,628.6,0.021,
13:48:34.00,24-07-14,28.1693585°„N,104.8106555°„E,628.6,0.026,
13:48:35.00,24-07-14,28.1693585°„N,104.81065533333333°„E,628.5,0.019,
13:48:36.00,24-07-14,28.169358333333335°„N,104.810655°„E,628.5,0.032,
13:48:37.00,24-07-14,28.169358333333335°„N,104.81065466666666°„E,628.4,0.048,
13:48:38.00,24-07-14,28.169358166666665°„N,104.81065416666667°„E,628.4,0.027,
13:48:39.00,24-07-14,28.169358°„N,104.810654°„E,628.3,0.043,
13:48:40.00,24-07-14,28.169358°„N,104.81065366666667°„E,628.3,0.047,
13:48:41.00,24-07-14,28.169357666666667°„N,104.8106535°„E,628.2,0.025,
13:48:42.00,24-07-14,28.1693575°„N,104.81065316666667°„E,628.2,0.020,
13:48:43.00,24-07-14,28.169357166666668°„N,104.81065283333334°„E,628.1,0.039,
13:48:44.00,24-07-14,28.16935683333333°„N,104.8106525°„E,628.1,0.045,
13:48:45.00,24-07-14,28.169356666666665°„N,104.810652°„E,628.1,0.036,
13:48:46.00,24-07-14,28.169356333333333°„N,104.81065166666667°„E,628.0,0.033,
13:48:47.00,24-07-14,28.169356°„N,104.81065133333334°„E,628.0,0.028,
13:48:48.00,24-07-14,28.169355833333334°„N,104.81065100000001°„E,628.0,0.007,
13:48:49.00,24-07-14,28.169355666666668°„N,104.81065100000001°„E,627.9,0.031,
13:48:50.00,24-07-14,28.1693555°„N,104.81065083333333°„E,627.9,0.027,
13:48:51.00,24-07-14,28.169355333333332°„N,104.81065083333333°„E,627.9,0.023,
13:48:52.00,24-07-14,28.169355166666666°„N,104.81065083333333°„E,627.9,0.018,
13:48:53.00,24-07-14,28.169355166666666°„N,104.81065066666666°„E,627.8,0.030,
13:48:54.00,24-07-14,28.169355166666666°„N,104.8106505°„E,627.8,0.024,
13:48:55.00,24-07-14,28.169355333333332°„N,104.81065033333333°„E,627.8,0.016,
13:48:56.00,24-07-14,28.169355333333332°„N,104.81065033333333°„E,627.8,0.016,
13:48:57.00,24-07-14,28.169355333333332°„N,104.81065016666666°„E,627.8,0.020,
13:48:58.00,24-07-14,28.1693555°„N,104.81065°„E,627.8,0.019,
13:48:59.00,24-07-14,28.1693555°„N,104.81065°„E,627.8,0.021,
13:49:00.00,24-07-14,28.1693555°„N,104.81064983333333°„E,627.8,0.019,
13:49:01.00,24-07-14,28.169355333333332°„N,104.81064983333333°„E,627.8,0.024,
13:49:02.00,24-07-14,28.169355333333332°„N,104.81064983333333°„E,627.9,0.025,
13:49:03.00,24-07-14,28.169355333333332°„N,104.81065°„E,627.9,0.037,
13:49:04.00,24-07-14,28.169355333333332°„N,104.81064983333333°„E,628.0,0.015,
13:49:05.00,24-07-14,28.169355333333332°„N,104.81064966666666°„E,628.0,0.036,
13:49:06.00,24-07-14,28.169355166666666°„N,104.81064966666666°„E,628.0,0.027,
13:49:07.00,24-07-14,28.169354833333333°„N,104.81064966666666°„E,628.0,0.030,
13:49:08.00,24-07-14,28.169354666666667°„N,104.81064966666666°„E,628.0,0.009,
13:49:09.00,24-07-14,28.1693545°„N,104.81064966666666°„E,628.0,0.015,
13:49:10.00,24-07-14,28.1693545°„N,104.81064966666666°„E,628.0,0.011,
13:49:11.00,24-07-14,28.169354333333334°„N,104.81064983333333°„E,628.1,0.017,
13:49:12.00,24-07-14,28.16935416666667°„N,104.81065°„E,628.0,0.020,
13:49:13.00,24-07-14,28.169354°„N,104.81065016666666°„E,628.0,0.039,
13:49:14.00,24-07-14,28.169354°„N,104.81065016666666°„E,628.0,0.024,
13:49:15.00,24-07-14,28.169353833333332°„N,104.81065033333333°„E,627.9,0.023,
13:49:16.00,24-07-14,28.169353666666666°„N,104.8106505°„E,627.9,0.005,
13:49:17.00,24-07-14,28.1693535°„N,104.81065066666666°„E,627.8,0.038,
13:49:18.00,24-07-14,28.169353333333333°„N,104.81065066666666°„E,627.8,0.018,
13:49:19.00,24-07-14,28.169353166666667°„N,104.81065083333333°„E,627.7,0.020,
13:49:20.00,24-07-14,28.169352833333335°„N,104.81065100000001°„E,627.7,0.010,
13:49:21.00,24-07-14,28.169352666666665°„N,104.81065116666667°„E,627.6,0.002,
13:49:22.00,24-07-14,28.1693525°„N,104.81065133333334°„E,627.6,0.009,
13:49:23.00,24-07-14,28.169352333333332°„N,104.81065133333334°„E,627.5,0.008,
13:49:24.00,24-07-14,28.169352°„N,104.81065166666667°„E,627.4,0.020,
13:49:25.00,24-07-14,28.169351833333334°„N,104.81065166666667°„E,627.4,0.031,
13:49:26.00,24-07-14,28.169351666666667°„N,104.81065166666667°„E,627.3,0.021,
13:49:27.00,24-07-14,28.1693515°„N,104.81065183333334°„E,627.2,0.031,
13:49:28.00,24-07-14,28.169351333333335°„N,104.81065183333334°„E,627.1,0.023,
13:49:29.00,24-07-14,28.169351166666665°„N,104.81065166666667°„E,627.0,0.040,
13:49:30.00,24-07-14,28.169351°„N,104.8106515°„E,627.0,0.012,
13:49:31.00,24-07-14,28.169350833333333°„N,104.81065116666667°„E,626.9,0.011,
13:49:32.00,24-07-14,28.169350833333333°„N,104.81065100000001°„E,626.8,0.008,
13:49:33.00,24-07-14,28.169350833333333°„N,104.81065066666666°„E,626.7,0.019,
13:49:34.00,24-07-14,28.169350833333333°„N,104.8106505°„E,626.7,0.025,
13:49:35.00,24-07-14,28.169350666666666°„N,104.81065033333333°„E,626.7,0.021,
13:49:36.00,24-07-14,28.169350666666666°„N,104.81065033333333°„E,626.7,0.028,
13:49:37.00,24-07-14,28.169350666666666°„N,104.81065033333333°„E,626.7,0.048,
13:49:38.00,24-07-14,28.1693505°„N,104.81065016666666°„E,626.6,0.036,
13:49:39.00,24-07-14,28.169350666666666°„N,104.81065016666666°„E,626.6,0.026,
13:49:40.00,24-07-14,28.169350833333333°„N,104.81065°„E,626.6,0.036,
13:49:41.00,24-07-14,28.169350666666666°„N,104.81065°„E,626.6,0.073,
13:49:42.00,24-07-14,28.169350666666666°„N,104.81065°„E,626.6,0.020,
13:49:43.00,24-07-14,28.169350666666666°„N,104.81064983333333°„E,626.6,0.012,
13:49:44.00,24-07-14,28.1693505°„N,104.81064983333333°„E,626.6,0.003,
13:49:45.00,24-07-14,28.169350333333334°„N,104.81064983333333°„E,626.6,0.027,
13:49:46.00,24-07-14,28.169350333333334°„N,104.81064966666666°„E,626.6,0.006,
13:49:47.00,24-07-14,28.169350333333334°„N,104.8106495°„E,626.6,0.024,
13:49:48.00,24-07-14,28.169350166666668°„N,104.8106495°„E,626.7,0.040,
13:49:49.00,24-07-14,28.169350166666668°„N,104.81064966666666°„E,626.7,0.041,
13:49:50.00,24-07-14,28.169350333333334°„N,104.81064966666666°„E,626.7,0.025,
13:49:51.00,24-07-14,28.1693505°„N,104.81064983333333°„E,626.8,0.032,
13:49:52.00,24-07-14,28.169350666666666°„N,104.81064983333333°„E,626.8,0.015,
13:49:53.00,24-07-14,28.169350833333333°„N,104.81064983333333°„E,626.9,0.043,
13:49:54.00,24-07-14,28.169351°„N,104.81065°„E,627.0,0.025,
13:49:55.00,24-07-14,28.169351°„N,104.81065°„E,627.0,0.008,
13:49:56.00,24-07-14,28.169351166666665°„N,104.81065016666666°„E,627.1,0.029,
13:49:57.00,24-07-14,28.1693515°„N,104.81065016666666°„E,627.2,0.010,
13:49:58.00,24-07-14,28.1693515°„N,104.81065016666666°„E,627.3,0.009,
13:49:59.00,24-07-14,28.169351666666667°„N,104.81065033333333°„E,627.3,0.006,
13:50:00.00,24-07-14,28.169351666666667°„N,104.81065066666666°„E,627.4,0.036,
13:50:01.00,24-07-14,28.169351833333334°„N,104.81065083333333°„E,627.5,0.050,
13:50:02.00,24-07-14,28.169352°„N,104.81065100000001°„E,627.5,0.031,
13:50:03.00,24-07-14,28.169352166666666°„N,104.81065133333334°„E,627.6,0.016,
13:50:04.00,24-07-14,28.169352166666666°„N,104.81065133333334°„E,627.7,0.040,
13:50:05.00,24-07-14,28.169352333333332°„N,104.8106515°„E,627.7,0.058,
13:50:06.00,24-07-14,28.1693525°„N,104.81065166666667°„E,627.7,0.038,
13:50:07.00,24-07-14,28.169352666666665°„N,104.81065183333334°„E,627.8,0.008,
13:50:08.00,24-07-14,28.169352833333335°„N,104.81065183333334°„E,627.8,0.020,
13:50:09.00,24-07-14,28.169353°„N,104.81065216666667°„E,627.8,0.009,
13:50:10.00,24-07-14,28.169353166666667°„N,104.81065233333334°„E,627.8,0.010,
13:50:11.00,24-07-14,28.169353166666667°„N,104.8106525°„E,627.8,0.020,
13:50:12.00,24-07-14,28.169353166666667°„N,104.8106525°„E,627.9,0.042,
13:50:13.00,24-07-14,28.169353333333333°„N,104.81065283333334°„E,627.9,0.032,
13:50:14.00,24-07-14,28.1693535°„N,104.810653°„E,628.0,0.040,
13:50:15.00,24-07-14,28.1693535°„N,104.81065333333333°„E,628.0,0.026,
13:50:16.00,24-07-14,28.1693535°„N,104.8106535°„E,628.0,0.022,
13:50:17.00,24-07-14,28.169353666666666°„N,104.81065366666667°„E,628.0,0.024,
13:50:18.00,24-07-14,28.169353833333332°„N,104.810654°„E,628.1,0.028,
13:50:19.00,24-07-14,28.169353833333332°„N,104.810654°„E,628.1,0.003,
13:50:20.00,24-07-14,28.169354°„N,104.81065416666667°„E,628.1,0.021,
13:50:21.00,24-07-14,28.169354°„N,104.81065433333333°„E,628.2,0.009,
13:50:22.00,24-07-14,28.169354°„N,104.81065433333333°„E,628.2,0.005,
13:50:23.00,24-07-14,28.169354°„N,104.81065466666666°„E,628.2,0.009,
13:50:24.00,24-07-14,28.169354°„N,104.81065483333333°„E,628.3,0.022,
13:50:25.00,24-07-14,28.169354°„N,104.81065516666666°„E,628.3,0.030,
13:50:26.00,24-07-14,28.169354°„N,104.81065533333333°„E,628.3,0.019,
13:50:27.00,24-07-14,28.169354°„N,104.8106555°„E,628.3,0.003,
13:50:28.00,24-07-14,28.169354°„N,104.81065566666666°„E,628.3,0.031,
13:50:29.00,24-07-14,28.169354°„N,104.81065583333333°„E,628.3,0.035,
13:50:30.00,24-07-14,28.16935416666667°„N,104.810656°„E,628.3,0.012,
13:50:31.00,24-07-14,28.16935416666667°„N,104.810656°„E,628.3,0.004,
13:50:32.00,24-07-14,28.169354333333334°„N,104.81065616666666°„E,628.4,0.002,
13:50:33.00,24-07-14,28.1693545°„N,104.81065616666666°„E,628.4,0.026,
13:50:34.00,24-07-14,28.1693545°„N,104.81065616666666°„E,628.4,0.010,
13:50:35.00,24-07-14,28.1693545°„N,104.810656°„E,628.5,0.017,
13:50:36.00,24-07-14,28.169354666666667°„N,104.81065616666666°„E,628.5,0.021,
13:50:37.00,24-07-14,28.169354666666667°„N,104.810656°„E,628.6,0.029,
13:50:38.00,24-07-14,28.169354666666667°„N,104.81065583333333°„E,628.6,0.013,
13:50:39.00,24-07-14,28.169354666666667°„N,104.81065566666666°„E,628.7,0.038,
13:50:40.00,24-07-14,28.1693545°„N,104.81065566666666°„E,628.7,0.030,
13:50:41.00,24-07-14,28.1693545°„N,104.8106555°„E,628.7,0.065,
13:50:42.00,24-07-14,28.1693545°„N,104.8106555°„E,628.8,0.025,
13:50:43.00,24-07-14,28.169354333333334°„N,104.81065533333333°„E,628.9,0.010,
13:50:44.00,24-07-14,28.16935416666667°„N,104.81065516666666°„E,628.9,0.020,
13:50:45.00,24-07-14,28.169354°„N,104.81065516666666°„E,628.9,0.025,
13:50:46.00,24-07-14,28.169353833333332°„N,104.810655°„E,629.0,0.004,
13:50:47.00,24-07-14,28.169353666666666°„N,104.81065483333333°„E,629.0,0.015,
13:50:48.00,24-07-14,28.169353333333333°„N,104.81065466666666°„E,629.0,0.010,
13:50:49.00,24-07-14,28.169352833333335°„N,104.81065466666666°„E,629.0,0.041,
13:50:50.00,24-07-14,28.169352666666665°„N,104.81065466666666°„E,629.0,0.034,
13:50:51.00,24-07-14,28.1693525°„N,104.81065466666666°„E,629.0,0.038,
13:50:52.00,24-07-14,28.169352333333332°„N,104.8106545°„E,628.9,0.025,
13:50:53.00,24-07-14,28.169352166666666°„N,104.8106545°„E,628.9,0.037,
13:50:54.00,24-07-14,28.169352°„N,104.8106545°„E,628.9,0.009,
13:50:55.00,24-07-14,28.169351666666667°„N,104.8106545°„E,628.9,0.023,
13:50:56.00,24-07-14,28.1693515°„N,104.8106545°„E,628.9,0.020,
13:50:57.00,24-07-14,28.169351333333335°„N,104.8106545°„E,628.9,0.013,
13:50:58.00,24-07-14,28.169351166666665°„N,104.8106545°„E,628.9,0.004,
13:50:59.00,24-07-14,28.169350833333333°„N,104.81065466666666°„E,628.9,0.004,
13:51:00.00,24-07-14,28.169350666666666°„N,104.81065483333333°„E,628.9,0.008,
13:51:01.00,24-07-14,28.1693505°„N,104.81065483333333°„E,628.9,0.026,
13:51:02.00,24-07-14,28.169350333333334°„N,104.810655°„E,628.9,0.029,
13:51:03.00,24-07-14,28.169350166666668°„N,104.81065516666666°„E,628.9,0.023,
13:51:04.00,24-07-14,28.169350333333334°„N,104.8106555°„E,629.0,0.047,
13:51:05.00,24-07-14,28.169350333333334°„N,104.81065583333333°„E,629.0,0.047,
13:51:06.00,24-07-14,28.1693505°„N,104.810656°„E,629.1,0.032,
13:51:07.00,24-07-14,28.1693505°„N,104.81065616666666°„E,629.1,0.005,
13:51:08.00,24-07-14,28.1693505°„N,104.81065633333333°„E,629.1,0.008,
13:51:09.00,24-07-14,28.1693505°„N,104.8106565°„E,629.1,0.016,
13:51:10.00,24-07-14,28.169350666666666°„N,104.81065666666667°„E,629.1,0.019,
13:51:11.00,24-07-14,28.169350666666666°„N,104.81065666666667°„E,629.2,0.017,
13:51:12.00,24-07-14,28.169350666666666°„N,104.81065683333334°„E,629.2,0.014,
13:51:13.00,24-07-14,28.169350666666666°„N,104.810657°„E,629.2,0.041,
13:51:14.00,24-07-14,28.169350833333333°„N,104.81065716666667°„E,629.3,0.057,
13:51:15.00,24-07-14,28.169350833333333°„N,104.81065733333334°„E,629.3,0.034,
13:51:16.00,24-07-14,28.169351°„N,104.81065733333334°„E,629.3,0.029,
13:51:17.00,24-07-14,28.169351166666665°„N,104.81065733333334°„E,629.4,0.035,
13:51:18.00,24-07-14,28.169351333333335°„N,104.81065733333334°„E,629.4,0.029,
13:51:19.00,24-07-14,28.169351666666667°„N,104.81065733333334°„E,629.4,0.011,
13:51:20.00,24-07-14,28.169351833333334°„N,104.81065733333334°„E,629.5,0.019,
13:51:21.00,24-07-14,28.169352°„N,104.81065716666667°„E,629.5,0.012,
13:51:22.00,24-07-14,28.169352166666666°„N,104.810657°„E,629.5,0.004,
13:51:23.00,24-07-14,28.169352166666666°„N,104.81065666666667°„E,629.5,0.017,
13:51:24.00,24-07-14,28.169352333333332°„N,104.81065666666667°„E,629.5,0.031,
13:51:25.00,24-07-14,28.1693525°„N,104.8106565°„E,629.5,0.022,
13:51:26.00,24-07-14,28.169352666666665°„N,104.81065633333333°„E,629.5,0.031,
13:51:27.00,24-07-14,28.169352833333335°„N,104.81065616666666°„E,629.5,0.037,
13:51:28.00,24-07-14,28.169353166666667°„N,104.810656°„E,629.5,0.031,
13:51:29.00,24-07-14,28.169353333333333°„N,104.81065583333333°„E,629.4,0.033,
13:51:30.00,24-07-14,28.169353666666666°„N,104.81065566666666°„E,629.4,0.022,
13:51:31.00,24-07-14,28.169353833333332°„N,104.81065533333333°„E,629.4,0.015,
13:51:32.00,24-07-14,28.169354°„N,104.81065516666666°„E,629.5,0.027,
13:51:33.00,24-07-14,28.16935416666667°„N,104.810655°„E,629.5,0.016,
13:51:34.00,24-07-14,28.16935416666667°„N,104.81065483333333°„E,629.5,0.008,
13:51:35.00,24-07-14,28.16935416666667°„N,104.81065483333333°„E,629.5,0.028,
13:51:36.00,24-07-14,28.169354°„N,104.81065483333333°„E,629.5,0.004,
13:51:37.00,24-07-14,28.169354°„N,104.81065483333333°„E,629.5,0.026,
13:51:38.00,24-07-14,28.169354°„N,104.810655°„E,629.5,0.037,
13:51:39.00,24-07-14,28.169354°„N,104.81065516666666°„E,629.5,0.040,
13:51:40.00,24-07-14,28.169354°„N,104.81065533333333°„E,629.5,0.041,
13:51:41.00,24-07-14,28.16935416666667°„N,104.81065566666666°„E,629.5,0.052,
13:51:42.00,24-07-14,28.16935416666667°„N,104.81065583333333°„E,629.6,0.025,
13:51:43.00,24-07-14,28.16935416666667°„N,104.81065616666666°„E,629.6,0.017,
13:51:44.00,24-07-14,28.16935416666667°„N,104.81065633333333°„E,629.7,0.014,
13:51:45.00,24-07-14,28.16935416666667°„N,104.8106565°„E,629.7,0.019,
13:51:46.00,24-07-14,28.169354333333334°„N,104.81065666666667°„E,629.8,0.033,
13:51:47.00,24-07-14,28.169354333333334°„N,104.81065683333334°„E,629.8,0.033,
13:51:48.00,24-07-14,28.169354333333334°„N,104.81065683333334°„E,629.9,0.010,
13:51:49.00,24-07-14,28.169354333333334°„N,104.810657°„E,629.9,0.008,
13:51:50.00,24-07-14,28.16935416666667°„N,104.810657°„E,629.9,0.037,
13:51:51.00,24-07-14,28.16935416666667°„N,104.810657°„E,629.9,0.032,
13:51:52.00,24-07-14,28.16935416666667°„N,104.810657°„E,629.8,0.051,
13:51:53.00,24-07-14,28.16935416666667°„N,104.810657°„E,629.8,0.041,
13:51:54.00,24-07-14,28.169354°„N,104.810657°„E,629.8,0.029,
13:51:55.00,24-07-14,28.169353833333332°„N,104.81065716666667°„E,629.7,0.016,
13:51:56.00,24-07-14,28.169353666666666°„N,104.81065733333334°„E,629.7,0.009,
13:51:57.00,24-07-14,28.169353666666666°„N,104.8106575°„E,629.7,0.016,
13:51:58.00,24-07-14,28.1693535°„N,104.81065766666667°„E,629.6,0.008,
13:51:59.00,24-07-14,28.1693535°„N,104.81065783333334°„E,629.6,0.016,
13:52:00.00,24-07-14,28.169353333333333°„N,104.810658°„E,629.6,0.007,
13:52:01.00,24-07-14,28.169353333333333°„N,104.810658°„E,629.6,0.010,
13:52:02.00,24-07-14,28.169353333333333°„N,104.810658°„E,629.6,0.029,
13:52:03.00,24-07-14,28.169353166666667°„N,104.81065783333334°„E,629.5,0.008,
13:52:04.00,24-07-14,28.169353166666667°„N,104.81065783333334°„E,629.5,0.019,
13:52:05.00,24-07-14,28.169353°„N,104.81065766666667°„E,629.4,0.004,
13:52:06.00,24-07-14,28.169352833333335°„N,104.81065733333334°„E,629.3,0.006,
13:52:07.00,24-07-14,28.169352833333335°„N,104.81065716666667°„E,629.3,0.014,
13:52:08.00,24-07-14,28.169352666666665°„N,104.810657°„E,629.2,0.037,
13:52:09.00,24-07-14,28.1693525°„N,104.81065683333334°„E,629.2,0.016,
13:52:10.00,24-07-14,28.169352333333332°„N,104.81065683333334°„E,629.1,0.014,
13:52:11.00,24-07-14,28.169352333333332°„N,104.81065666666667°„E,629.1,0.008,
13:52:12.00,24-07-14,28.169352166666666°„N,104.81065666666667°„E,629.1,0.008,
13:52:13.00,24-07-14,28.169352°„N,104.8106565°„E,629.0,0.012,
13:52:14.00,24-07-14,28.169352°„N,104.81065633333333°„E,629.0,0.012,
13:52:15.00,24-07-14,28.169351833333334°„N,104.81065616666666°„E,628.9,0.016,
13:52:16.00,24-07-14,28.169351666666667°„N,104.81065616666666°„E,628.9,0.024,
13:52:17.00,24-07-14,28.1693515°„N,104.810656°„E,628.9,0.013,
13:52:18.00,24-07-14,28.169351333333335°„N,104.81065583333333°„E,628.9,0.020,
13:52:19.00,24-07-14,28.169351166666665°„N,104.81065566666666°„E,628.8,0.012,
13:52:20.00,24-07-14,28.169351°„N,104.8106555°„E,628.8,0.016,
13:52:21.00,24-07-14,28.169350833333333°„N,104.8106555°„E,628.7,0.022,
13:52:22.00,24-07-14,28.169350666666666°„N,104.81065533333333°„E,628.7,0.001,
13:52:23.00,24-07-14,28.169350333333334°„N,104.81065533333333°„E,628.7,0.017,
13:52:24.00,24-07-14,28.169350166666668°„N,104.81065516666666°„E,628.7,0.047,
13:52:25.00,24-07-14,28.16935°„N,104.81065516666666°„E,628.7,0.008,
13:52:26.00,24-07-14,28.16935°„N,104.810655°„E,628.7,0.008,
13:52:27.00,24-07-14,28.16934983333333°„N,104.810655°„E,628.7,0.004,
13:52:28.00,24-07-14,28.16934983333333°„N,104.810655°„E,628.8,0.008,
13:52:29.00,24-07-14,28.16934983333333°„N,104.810655°„E,628.9,0.005,
13:52:30.00,24-07-14,28.16934983333333°„N,104.81065516666666°„E,628.9,0.020,
13:52:31.00,24-07-14,28.16934983333333°„N,104.8106555°„E,629.0,0.014,
13:52:32.00,24-07-14,28.16934983333333°„N,104.81065566666666°„E,629.1,0.009,
13:52:33.00,24-07-14,28.16935°„N,104.810656°„E,629.3,0.031,
13:52:34.00,24-07-14,28.16935°„N,104.81065616666666°„E,629.4,0.030,
13:52:35.00,24-07-14,28.169350166666668°„N,104.81065633333333°„E,629.5,0.034,
13:52:36.00,24-07-14,28.169350333333334°„N,104.8106565°„E,629.6,0.010,
13:52:37.00,24-07-14,28.169350333333334°„N,104.81065666666667°„E,629.7,0.054,
13:52:38.00,24-07-14,28.169350333333334°„N,104.81065683333334°„E,629.7,0.034,
13:52:39.00,24-07-14,28.169350333333334°„N,104.81065683333334°„E,629.8,0.040,
13:52:40.00,24-07-14,28.169350333333334°„N,104.810657°„E,629.8,0.065,
13:52:41.00,24-07-14,28.1693505°„N,104.81065716666667°„E,629.8,0.028,
13:52:42.00,24-07-14,28.1693505°„N,104.81065733333334°„E,629.9,0.025,
13:52:43.00,24-07-14,28.1693505°„N,104.8106575°„E,630.0,0.021,
13:52:44.00,24-07-14,28.169350666666666°„N,104.81065766666667°„E,630.0,0.009,
13:52:45.00,24-07-14,28.169350666666666°„N,104.81065783333334°„E,630.1,0.013,
13:52:46.00,24-07-14,28.169350833333333°„N,104.810658°„E,630.1,0.009,
13:52:47.00,24-07-14,28.169350833333333°„N,104.81065816666667°„E,630.2,0.025,
13:52:48.00,24-07-14,28.169350833333333°„N,104.810658°„E,630.2,0.010,
13:52:49.00,24-07-14,28.169350833333333°„N,104.810658°„E,630.2,0.039,
13:52:50.00,24-07-14,28.169350833333333°„N,104.81065816666667°„E,630.2,0.044,
13:52:51.00,24-07-14,28.169351°„N,104.81065816666667°„E,630.3,0.026,
13:52:52.00,24-07-14,28.169351166666665°„N,104.81065816666667°„E,630.3,0.036,
13:52:53.00,24-07-14,28.169351166666665°„N,104.81065816666667°„E,630.3,0.032,
13:52:54.00,24-07-14,28.169351333333335°„N,104.81065816666667°„E,630.4,0.021,
13:52:55.00,24-07-14,28.169351333333335°„N,104.81065816666667°„E,630.4,0.019,
13:52:56.00,24-07-14,28.169351333333335°„N,104.81065816666667°„E,630.5,0.017,
13:52:57.00,24-07-14,28.169351333333335°„N,104.810658°„E,630.5,0.020,
13:52:58.00,24-07-14,28.169351166666665°„N,104.81065783333334°„E,630.5,0.018,
13:52:59.00,24-07-14,28.169351166666665°„N,104.81065766666667°„E,630.6,0.009,
13:53:00.00,24-07-14,28.169351166666665°„N,104.81065733333334°„E,630.6,0.017,
13:53:01.00,24-07-14,28.169351166666665°„N,104.81065733333334°„E,630.6,0.033,
13:53:02.00,24-07-14,28.169351333333335°„N,104.81065716666667°„E,630.7,0.030,
13:53:03.00,24-07-14,28.1693515°„N,104.81065716666667°„E,630.7,0.028,
13:53:04.00,24-07-14,28.169351666666667°„N,104.810657°„E,630.7,0.033,
13:53:05.00,24-07-14,28.169351833333334°„N,104.81065683333334°„E,630.7,0.021,
13:53:06.00,24-07-14,28.169352°„N,104.81065666666667°„E,630.7,0.036,
13:53:07.00,24-07-14,28.169352333333332°„N,104.81065666666667°„E,630.8,0.003,
13:53:08.00,24-07-14,28.1693525°„N,104.8106565°„E,630.8,0.016,
13:53:09.00,24-07-14,28.169352666666665°„N,104.8106565°„E,630.8,0.005,
13:53:10.00,24-07-14,28.169352666666665°„N,104.8106565°„E,630.8,0.003,
13:53:11.00,24-07-14,28.169352833333335°„N,104.8106565°„E,630.9,0.009,
13:53:12.00,24-07-14,28.169353°„N,104.8106565°„E,630.9,0.013,
13:53:13.00,24-07-14,28.169353°„N,104.8106565°„E,630.9,0.041,
13:53:14.00,24-07-14,28.169353°„N,104.8106565°„E,630.8,0.054,
13:53:15.00,24-07-14,28.169353166666667°„N,104.81065666666667°„E,630.8,0.039,
13:53:16.00,24-07-14,28.169353166666667°„N,104.81065683333334°„E,630.8,0.020,
13:53:17.00,24-07-14,28.169353333333333°„N,104.81065683333334°„E,630.8,0.022,
13:53:18.00,24-07-14,28.169353333333333°„N,104.810657°„E,630.7,0.008,
13:53:19.00,24-07-14,28.1693535°„N,104.81065716666667°„E,630.7,0.008,
13:53:20.00,24-07-14,28.1693535°„N,104.81065716666667°„E,630.7,0.021,
13:53:21.00,24-07-14,28.1693535°„N,104.81065733333334°„E,630.6,0.028,
13:53:22.00,24-07-14,28.169353666666666°„N,104.8106575°„E,630.6,0.024,
13:53:23.00,24-07-14,28.169353666666666°„N,104.8106575°„E,630.6,0.016,
13:53:24.00,24-07-14,28.169353833333332°„N,104.81065766666667°„E,630.5,0.018,
13:53:25.00,24-07-14,28.169353833333332°„N,104.81065766666667°„E,630.5,0.023,
13:53:26.00,24-07-14,28.169354°„N,104.81065766666667°„E,630.5,0.020,
13:53:27.00,24-07-14,28.169354°„N,104.81065766666667°„E,630.4,0.015,
13:53:28.00,24-07-14,28.16935416666667°„N,104.81065766666667°„E,630.3,0.023,
13:53:29.00,24-07-14,28.16935416666667°„N,104.8106575°„E,630.3,0.022,
13:53:30.00,24-07-14,28.16935416666667°„N,104.8106575°„E,630.2,0.024,
13:53:31.00,24-07-14,28.16935416666667°„N,104.8106575°„E,630.2,0.024,
13:53:32.00,24-07-14,28.16935416666667°„N,104.81065733333334°„E,630.1,0.013,
13:53:33.00,24-07-14,28.16935416666667°„N,104.81065733333334°„E,630.1,0.020,
13:53:34.00,24-07-14,28.16935416666667°„N,104.81065716666667°„E,630.0,0.013,
13:53:35.00,24-07-14,28.16935416666667°„N,104.810657°„E,630.0,0.008,
13:53:36.00,24-07-14,28.16935416666667°„N,104.81065683333334°„E,629.9,0.017,
13:53:37.00,24-07-14,28.16935416666667°„N,104.81065666666667°„E,629.9,0.028,
13:53:38.00,24-07-14,28.169354333333334°„N,104.8106565°„E,629.9,0.032,
13:53:39.00,24-07-14,28.169354333333334°„N,104.81065633333333°„E,629.9,0.039,
13:53:40.00,24-07-14,28.1693545°„N,104.81065633333333°„E,629.8,0.023,
13:53:41.00,24-07-14,28.1693545°„N,104.81065616666666°„E,629.8,0.025,
13:53:42.00,24-07-14,28.1693545°„N,104.810656°„E,629.8,0.019,
13:53:43.00,24-07-14,28.169354666666667°„N,104.810656°„E,629.7,0.006,
13:53:44.00,24-07-14,28.169354666666667°„N,104.81065583333333°„E,629.7,0.019,
13:53:45.00,24-07-14,28.169354666666667°„N,104.81065583333333°„E,629.7,0.015,
13:53:46.00,24-07-14,28.169354833333333°„N,104.81065583333333°„E,629.7,0.031,
13:53:47.00,24-07-14,28.169354833333333°„N,104.81065583333333°„E,629.7,0.012,
13:53:48.00,24-07-14,28.169355°„N,104.81065566666666°„E,629.6,0.015,
13:53:49.00,24-07-14,28.169355°„N,104.81065566666666°„E,629.6,0.012,
13:53:50.00,24-07-14,28.169355°„N,104.81065566666666°„E,629.6,0.010,
13:53:51.00,24-07-14,28.169355166666666°„N,104.8106555°„E,629.6,0.022,
13:53:52.00,24-07-14,28.169355166666666°„N,104.8106555°„E,629.6,0.019,
13:53:53.00,24-07-14,28.169355166666666°„N,104.8106555°„E,629.5,0.027,
13:53:54.00,24-07-14,28.169355333333332°„N,104.8106555°„E,629.5,0.007,
13:53:55.00,24-07-14,28.169355333333332°„N,104.81065566666666°„E,629.5,0.023,
13:53:56.00,24-07-14,28.169355333333332°„N,104.81065566666666°„E,629.5,0.008,
13:53:57.00,24-07-14,28.169355333333332°„N,104.81065566666666°„E,629.4,0.013,
13:53:58.00,24-07-14,28.169355333333332°„N,104.81065566666666°„E,629.4,0.013,
13:53:59.00,24-07-14,28.169355333333332°„N,104.8106555°„E,629.4,0.009,
13:54:00.00,24-07-14,28.169355333333332°„N,104.8106555°„E,629.4,0.015,
13:54:01.00,24-07-14,28.169355333333332°„N,104.8106555°„E,629.4,0.012,
13:54:02.00,24-07-14,28.169355333333332°„N,104.81065566666666°„E,629.4,0.027,
13:54:03.00,24-07-14,28.169355333333332°„N,104.81065566666666°„E,629.4,0.008,
13:54:04.00,24-07-14,28.169355333333332°„N,104.81065566666666°„E,629.3,0.018,
13:54:05.00,24-07-14,28.169355166666666°„N,104.81065583333333°„E,629.3,0.015,
13:54:06.00,24-07-14,28.169355166666666°„N,104.81065583333333°„E,629.3,0.007,
13:54:07.00,24-07-14,28.169355166666666°„N,104.81065583333333°„E,629.2,0.025,
13:54:08.00,24-07-14,28.169355166666666°„N,104.81065583333333°„E,629.2,0.010,
13:54:09.00,24-07-14,28.169355166666666°„N,104.81065583333333°„E,629.1,0.019,
13:54:10.00,24-07-14,28.169355°„N,104.810656°„E,629.1,0.019,
13:54:11.00,24-07-14,28.169355°„N,104.81065616666666°„E,629.1,0.014,
13:54:12.00,24-07-14,28.169355°„N,104.8106565°„E,629.2,0.023,
13:54:13.00,24-07-14,28.169355°„N,104.81065683333334°„E,629.2,0.020,
13:54:14.00,24-07-14,28.169355°„N,104.81065716666667°„E,629.2,0.022,
13:54:15.00,24-07-14,28.169355166666666°„N,104.8106575°„E,629.3,0.006,
13:54:16.00,24-07-14,28.169355166666666°„N,104.81065783333334°„E,629.3,0.013,
13:54:17.00,24-07-14,28.169355333333332°„N,104.81065816666667°„E,629.3,0.022,
13:54:18.00,24-07-14,28.1693555°„N,104.8106585°„E,629.3,0.001,
13:54:19.00,24-07-14,28.1693555°„N,104.81065866666667°„E,629.3,0.017,
13:54:20.00,24-07-14,28.169355666666668°„N,104.81065883333333°„E,629.3,0.018,
13:54:21.00,24-07-14,28.169355833333334°„N,104.81065916666667°„E,629.3,0.035,
13:54:22.00,24-07-14,28.169355833333334°„N,104.81065933333333°„E,629.3,0.031,
13:54:23.00,24-07-14,28.169356°„N,104.81065966666667°„E,629.3,0.027,
13:54:24.00,24-07-14,28.169356°„N,104.81065983333333°„E,629.3,0.018,
13:54:25.00,24-07-14,28.169356°„N,104.81065983333333°„E,629.3,0.004,
13:54:26.00,24-07-14,28.169355833333334°„N,104.81066°„E,629.2,0.017,
13:54:27.00,24-07-14,28.169355833333334°„N,104.81066°„E,629.2,0.008,
13:54:28.00,24-07-14,28.169355833333334°„N,104.81065983333333°„E,629.2,0.016,
13:54:29.00,24-07-14,28.169355833333334°„N,104.81065983333333°„E,629.1,0.019,
13:54:30.00,24-07-14,28.169355833333334°„N,104.81065983333333°„E,629.1,0.013,
13:54:31.00,24-07-14,28.169355833333334°„N,104.81065983333333°„E,629.0,0.020,
13:54:32.00,24-07-14,28.169355833333334°„N,104.81065983333333°„E,629.0,0.019,
13:54:33.00,24-07-14,28.169355833333334°„N,104.81065983333333°„E,629.0,0.019,
13:54:34.00,24-07-14,28.169355833333334°„N,104.81065983333333°„E,628.9,0.017,
13:54:35.00,24-07-14,28.169356°„N,104.81066°„E,628.9,0.012,
13:54:36.00,24-07-14,28.169356166666667°„N,104.81066°„E,628.9,0.017,
13:54:37.00,24-07-14,28.169356166666667°„N,104.81066°„E,628.9,0.013,
13:54:38.00,24-07-14,28.169356333333333°„N,104.81066016666666°„E,628.9,0.029,
13:54:39.00,24-07-14,28.1693565°„N,104.81066033333333°„E,628.9,0.015,
13:54:40.00,24-07-14,28.169356666666665°„N,104.81066033333333°„E,628.9,0.033,
13:54:41.00,24-07-14,28.16935683333333°„N,104.81066033333333°„E,628.9,0.018,
13:54:42.00,24-07-14,28.16935683333333°„N,104.81066033333333°„E,628.9,0.008,
13:54:43.00,24-07-14,28.169357°„N,104.8106605°„E,628.9,0.033,
13:54:44.00,24-07-14,28.169357166666668°„N,104.81066066666666°„E,628.9,0.031,
13:54:45.00,24-07-14,28.169357333333334°„N,104.81066083333333°„E,629.0,0.010,
13:54:46.00,24-07-14,28.169357666666667°„N,104.81066083333333°„E,629.0,0.016,
13:54:47.00,24-07-14,28.169357833333333°„N,104.810661°„E,629.0,0.008,
13:54:48.00,24-07-14,28.169357833333333°„N,104.810661°„E,629.0,0.005,
13:54:49.00,24-07-14,28.169358°„N,104.81066083333333°„E,629.0,0.011,
13:54:50.00,24-07-14,28.169358°„N,104.81066083333333°„E,629.0,0.003,
13:54:51.00,24-07-14,28.169358°„N,104.81066066666666°„E,628.9,0.004,
13:54:52.00,24-07-14,28.169357833333333°„N,104.81066066666666°„E,628.9,0.006,
13:54:53.00,24-07-14,28.169357833333333°„N,104.8106605°„E,628.9,0.016,
13:54:54.00,24-07-14,28.169357666666667°„N,104.81066033333333°„E,628.8,0.019,
13:54:55.00,24-07-14,28.1693575°„N,104.81066016666666°„E,628.7,0.025,
13:54:56.00,24-07-14,28.1693575°„N,104.81066°„E,628.7,0.012,
13:54:57.00,24-07-14,28.169357333333334°„N,104.81065983333333°„E,628.6,0.005,
13:54:58.00,24-07-14,28.169357166666668°„N,104.81065966666667°„E,628.5,0.007,
13:54:59.00,24-07-14,28.169357166666668°„N,104.81065933333333°„E,628.5,0.014,
13:55:00.00,24-07-14,28.169357°„N,104.81065916666667°„E,628.4,0.018,
13:55:01.00,24-07-14,28.169357°„N,104.810659°„E,628.4,0.008,
13:55:02.00,24-07-14,28.16935683333333°„N,104.81065866666667°„E,628.3,0.007,
13:55:03.00,24-07-14,28.169356666666665°„N,104.8106585°„E,628.2,0.006,
13:55:04.00,24-07-14,28.1693565°„N,104.81065833333334°„E,628.2,0.010,
13:55:05.00,24-07-14,28.1693565°„N,104.81065833333334°„E,628.2,0.003,
13:55:06.00,24-07-14,28.1693565°„N,104.81065833333334°„E,628.2,0.032,
13:55:07.00,24-07-14,28.169356333333333°„N,104.8106585°„E,628.2,0.020,
13:55:08.00,24-07-14,28.1693565°„N,104.81065883333333°„E,628.2,0.015,
13:55:09.00,24-07-14,28.1693565°„N,104.810659°„E,628.2,0.014,
13:55:10.00,24-07-14,28.1693565°„N,104.81065916666667°„E,628.2,0.022,
13:55:11.00,24-07-14,28.169356666666665°„N,104.81065916666667°„E,628.2,0.028,
13:55:12.00,24-07-14,28.16935683333333°„N,104.8106595°„E,628.3,0.030,
13:55:13.00,24-07-14,28.16935683333333°„N,104.81065966666667°„E,628.3,0.017,
13:55:14.00,24-07-14,28.169357°„N,104.81065966666667°„E,628.3,0.012,
13:55:15.00,24-07-14,28.169357°„N,104.81065983333333°„E,628.4,0.009,
13:55:16.00,24-07-14,28.169357°„N,104.81065983333333°„E,628.4,0.008,
13:55:17.00,24-07-14,28.169357166666668°„N,104.81066°„E,628.4,0.015,
13:55:18.00,24-07-14,28.169357166666668°„N,104.81066016666666°„E,628.4,0.018,
13:55:19.00,24-07-14,28.169357333333334°„N,104.81066033333333°„E,628.4,0.022,
13:55:20.00,24-07-14,28.169357333333334°„N,104.81066033333333°„E,628.4,0.017,
13:55:21.00,24-07-14,28.169357333333334°„N,104.8106605°„E,628.5,0.032,
13:55:22.00,24-07-14,28.169357333333334°„N,104.8106605°„E,628.5,0.005,
13:55:23.00,24-07-14,28.1693575°„N,104.81066066666666°„E,628.5,0.017,
13:55:24.00,24-07-14,28.1693575°„N,104.81066083333333°„E,628.5,0.033,
13:55:25.00,24-07-14,28.1693575°„N,104.81066083333333°„E,628.5,0.029,
13:55:26.00,24-07-14,28.169357666666667°„N,104.81066116666666°„E,628.6,0.019,
13:55:27.00,24-07-14,28.169357666666667°„N,104.81066133333333°„E,628.6,0.018,
13:55:28.00,24-07-14,28.169357833333333°„N,104.8106615°„E,628.7,0.026,
13:55:29.00,24-07-14,28.169357833333333°„N,104.8106615°„E,628.7,0.017,
13:55:30.00,24-07-14,28.169357666666667°„N,104.8106615°„E,628.7,0.034,
13:55:31.00,24-07-14,28.169357666666667°„N,104.81066133333333°„E,628.6,0.033,
13:55:32.00,24-07-14,28.1693575°„N,104.81066116666666°„E,628.6,0.030,
13:55:33.00,24-07-14,28.1693575°„N,104.810661°„E,628.5,0.020,
13:55:34.00,24-07-14,28.169357333333334°„N,104.81066066666666°„E,628.5,0.016,
13:55:35.00,24-07-14,28.169357333333334°„N,104.8106605°„E,628.4,0.016,
13:55:36.00,24-07-14,28.169357166666668°„N,104.81066016666666°„E,628.3,0.033,
13:55:37.00,24-07-14,28.169357166666668°„N,104.81066°„E,628.3,0.010,
13:55:38.00,24-07-14,28.169357°„N,104.81065966666667°„E,628.2,0.015,
13:55:39.00,24-07-14,28.169357°„N,104.8106595°„E,628.2,0.018,
13:55:40.00,24-07-14,28.169357°„N,104.81065933333333°„E,628.1,0.028,
13:55:41.00,24-07-14,28.169357°„N,104.81065916666667°„E,628.1,0.004,
13:55:42.00,24-07-14,28.169357°„N,104.81065916666667°„E,628.1,0.017,
13:55:43.00,24-07-14,28.169357°„N,104.810659°„E,628.1,0.023,
13:55:44.00,24-07-14,28.169357°„N,104.81065916666667°„E,628.1,0.044,
13:55:45.00,24-07-14,28.169357°„N,104.81065916666667°„E,628.1,0.037,
13:55:46.00,24-07-14,28.169357166666668°„N,104.81065933333333°„E,628.1,0.043,
13:55:47.00,24-07-14,28.169357333333334°„N,104.8106595°„E,628.1,0.039,
13:55:48.00,24-07-14,28.1693575°„N,104.8106595°„E,628.2,0.024,
13:55:49.00,24-07-14,28.1693575°„N,104.81065966666667°„E,628.2,0.031,
13:55:50.00,24-07-14,28.1693575°„N,104.81065966666667°„E,628.2,0.031,
13:55:51.00,24-07-14,28.1693575°„N,104.81065966666667°„E,628.3,0.028,
13:55:52.00,24-07-14,28.1693575°„N,104.81065966666667°„E,628.3,0.011,
13:55:53.00,24-07-14,28.1693575°„N,104.81065966666667°„E,628.3,0.010,
13:55:54.00,24-07-14,28.169357666666667°„N,104.81065966666667°„E,628.4,0.017,
13:55:55.00,24-07-14,28.169357666666667°„N,104.81065966666667°„E,628.4,0.026,
13:55:56.00,24-07-14,28.169357833333333°„N,104.81065966666667°„E,628.4,0.034,
13:55:57.00,24-07-14,28.169357833333333°„N,104.81065966666667°„E,628.4,0.032,
13:55:58.00,24-07-14,28.169358°„N,104.81065983333333°„E,628.5,0.043,
13:55:59.00,24-07-14,28.169358°„N,104.81065983333333°„E,628.5,0.014,
13:56:00.00,24-07-14,28.169358°„N,104.81065983333333°„E,628.6,0.020,
13:56:01.00,24-07-14,28.169358166666665°„N,104.81065983333333°„E,628.6,0.013,
13:56:02.00,24-07-14,28.169358166666665°„N,104.81066°„E,628.7,0.020,
13:56:03.00,24-07-14,28.169358166666665°„N,104.81066016666666°„E,628.8,0.023,
13:56:04.00,24-07-14,28.169358333333335°„N,104.81066016666666°„E,628.9,0.035,
13:56:05.00,24-07-14,28.169358333333335°„N,104.81066016666666°„E,628.9,0.010,
13:56:06.00,24-07-14,28.169358166666665°„N,104.81066°„E,629.0,0.008,
13:56:07.00,24-07-14,28.169358333333335°„N,104.81066°„E,629.0,0.022,
13:56:08.00,24-07-14,28.169358333333335°„N,104.81066°„E,629.0,0.007,
13:56:09.00,24-07-14,28.169358333333335°„N,104.81065983333333°„E,629.1,0.004,
13:56:10.00,24-07-14,28.1693585°„N,104.81065966666667°„E,629.2,0.014,
13:56:11.00,24-07-14,28.1693585°„N,104.81065966666667°„E,629.3,0.018,
13:56:12.00,24-07-14,28.169358666666668°„N,104.81065966666667°„E,629.4,0.018,
13:56:13.00,24-07-14,28.169358833333334°„N,104.81065983333333°„E,629.5,0.020,
13:56:14.00,24-07-14,28.169358833333334°„N,104.81065983333333°„E,629.6,0.011,
13:56:15.00,24-07-14,28.169359°„N,104.81065983333333°„E,629.7,0.006,
13:56:16.00,24-07-14,28.169359166666666°„N,104.81066°„E,629.8,0.025,
13:56:17.00,24-07-14,28.169359166666666°„N,104.81066°„E,629.9,0.009,
13:56:18.00,24-07-14,28.169359166666666°„N,104.81066°„E,629.9,0.024,
13:56:19.00,24-07-14,28.169359333333333°„N,104.81066°„E,630.0,0.022,
13:56:20.00,24-07-14,28.169359166666666°„N,104.81066°„E,630.0,0.016,
13:56:21.00,24-07-14,28.169359333333333°„N,104.81065983333333°„E,630.0,0.014,
13:56:22.00,24-07-14,28.169359166666666°„N,104.81066°„E,630.0,0.015,
13:56:23.00,24-07-14,28.169359166666666°„N,104.81066°„E,630.0,0.026,
13:56:24.00,24-07-14,28.169359166666666°„N,104.81066°„E,630.0,0.039,
13:56:25.00,24-07-14,28.169359166666666°„N,104.81066°„E,630.0,0.016,
13:56:26.00,24-07-14,28.169359°„N,104.81065983333333°„E,630.0,0.015,
13:56:27.00,24-07-14,28.169358833333334°„N,104.81065966666667°„E,629.9,0.020,
13:56:28.00,24-07-14,28.169358666666668°„N,104.8106595°„E,629.9,0.012,
13:56:29.00,24-07-14,28.169358666666668°„N,104.81065916666667°„E,629.8,0.014,
13:56:30.00,24-07-14,28.1693585°„N,104.81065883333333°„E,629.8,0.020,
13:56:31.00,24-07-14,28.1693585°„N,104.8106585°„E,629.7,0.023,
13:56:32.00,24-07-14,28.169358333333335°„N,104.81065833333334°„E,629.6,0.027,
13:56:33.00,24-07-14,28.169358333333335°„N,104.81065816666667°„E,629.6,0.014,
13:56:34.00,24-07-14,28.169358166666665°„N,104.810658°„E,629.6,0.022,
13:56:35.00,24-07-14,28.169358166666665°„N,104.810658°„E,629.6,0.022,
13:56:36.00,24-07-14,28.169358°„N,104.81065783333334°„E,629.6,0.005,
13:56:37.00,24-07-14,28.169357833333333°„N,104.810658°„E,629.6,0.024,
13:56:38.00,24-07-14,28.169357666666667°„N,104.810658°„E,629.6,0.043,
13:56:39.00,24-07-14,28.169357666666667°„N,104.810658°„E,629.7,0.017,
13:56:40.00,24-07-14,28.169357666666667°„N,104.810658°„E,629.7,0.017,
13:56:41.00,24-07-14,28.169357666666667°„N,104.810658°„E,629.7,0.031,
13:56:42.00,24-07-14,28.1693575°„N,104.810658°„E,629.7,0.005,
13:56:43.00,24-07-14,28.1693575°„N,104.81065783333334°„E,629.7,0.012,
13:56:44.00,24-07-14,28.169357333333334°„N,104.81065766666667°„E,629.7,0.005,
13:56:45.00,24-07-14,28.169357333333334°„N,104.81065766666667°„E,629.7,0.035,
13:56:46.00,24-07-14,28.169357166666668°„N,104.8106575°„E,629.7,0.039,
13:56:47.00,24-07-14,28.169357166666668°„N,104.81065733333334°„E,629.6,0.041,
13:56:48.00,24-07-14,28.169357166666668°„N,104.81065733333334°„E,629.6,0.020,
13:56:49.00,24-07-14,28.169357166666668°„N,104.81065716666667°„E,629.7,0.010,
13:56:50.00,24-07-14,28.169357°„N,104.810657°„E,629.7,0.012,
13:56:51.00,24-07-14,28.169357°„N,104.810657°„E,629.7,0.020,
13:56:52.00,24-07-14,28.169357°„N,104.81065683333334°„E,629.7,0.011,
13:56:53.00,24-07-14,28.169357°„N,104.81065683333334°„E,629.7,0.009,
13:56:54.00,24-07-14,28.169357°„N,104.81065666666667°„E,629.7,0.012,
13:56:55.00,24-07-14,28.169357166666668°„N,104.8106565°„E,629.7,0.022,
13:56:56.00,24-07-14,28.169357333333334°„N,104.8106565°„E,629.8,0.037,
13:56:57.00,24-07-14,28.169357333333334°„N,104.81065633333333°„E,629.8,0.010,
13:56:58.00,24-07-14,28.169357333333334°„N,104.81065616666666°„E,629.8,0.023,
13:56:59.00,24-07-14,28.1693575°„N,104.810656°„E,629.8,0.017,
13:57:00.00,24-07-14,28.1693575°„N,104.81065583333333°„E,629.7,0.026,
13:57:01.00,24-07-14,28.1693575°„N,104.81065583333333°„E,629.7,0.005,
13:57:02.00,24-07-14,28.1693575°„N,104.8106555°„E,629.7,0.023,
13:57:03.00,24-07-14,28.169357666666667°„N,104.81065533333333°„E,629.7,0.013,
13:57:04.00,24-07-14,28.169357666666667°„N,104.81065516666666°„E,629.7,0.015,
13:57:05.00,24-07-14,28.169357666666667°„N,104.810655°„E,629.7,0.021,
13:57:06.00,24-07-14,28.169357666666667°„N,104.81065483333333°„E,629.7,0.018,
13:57:07.00,24-07-14,28.169357666666667°„N,104.81065466666666°„E,629.8,0.026,
13:57:08.00,24-07-14,28.169357833333333°„N,104.8106545°„E,629.8,0.004,
13:57:09.00,24-07-14,28.169358°„N,104.8106545°„E,629.8,0.006,
13:57:10.00,24-07-14,28.169358166666665°„N,104.8106545°„E,629.8,0.010,
13:57:11.00,24-07-14,28.169358166666665°„N,104.8106545°„E,629.9,0.010,
13:57:12.00,24-07-14,28.169358333333335°„N,104.81065466666666°„E,629.9,0.019,
13:57:13.00,24-07-14,28.1693585°„N,104.81065483333333°„E,630.0,0.022,
13:57:14.00,24-07-14,28.169358833333334°„N,104.810655°„E,630.1,0.014,
13:57:15.00,24-07-14,28.169359°„N,104.81065516666666°„E,630.1,0.012,
13:57:16.00,24-07-14,28.169359°„N,104.81065516666666°„E,630.2,0.020,
13:57:17.00,24-07-14,28.169359166666666°„N,104.81065516666666°„E,630.2,0.027,
13:57:18.00,24-07-14,28.169359333333333°„N,104.81065533333333°„E,630.2,0.008,
13:57:19.00,24-07-14,28.1693595°„N,104.81065533333333°„E,630.3,0.023,
13:57:20.00,24-07-14,28.169359666666665°„N,104.81065533333333°„E,630.3,0.030,
13:57:21.00,24-07-14,28.169359833333335°„N,104.81065533333333°„E,630.4,0.030,
13:57:22.00,24-07-14,28.16936°„N,104.81065533333333°„E,630.4,0.044,
13:57:23.00,24-07-14,28.169360166666667°„N,104.8106555°„E,630.4,0.033,
13:57:24.00,24-07-14,28.169360333333334°„N,104.8106555°„E,630.4,0.022,
13:57:25.00,24-07-14,28.1693605°„N,104.8106555°„E,630.4,0.022,
13:57:26.00,24-07-14,28.169360666666666°„N,104.8106555°„E,630.4,0.011,
13:57:27.00,24-07-14,28.169360833333332°„N,104.8106555°„E,630.4,0.008,
13:57:28.00,24-07-14,28.169360833333332°„N,104.8106555°„E,630.4,0.017,
13:57:29.00,24-07-14,28.169360833333332°„N,104.81065533333333°„E,630.4,0.031,
13:57:30.00,24-07-14,28.169361°„N,104.81065533333333°„E,630.4,0.010,
13:57:31.00,24-07-14,28.16936116666667°„N,104.8106555°„E,630.4,0.020,
13:57:32.00,24-07-14,28.169361333333335°„N,104.8106555°„E,630.4,0.014,
13:57:33.00,24-07-14,28.169361333333335°„N,104.8106555°„E,630.4,0.031,
13:57:34.00,24-07-14,28.1693615°„N,104.81065566666666°„E,630.4,0.010,
13:57:35.00,24-07-14,28.1693615°„N,104.81065566666666°„E,630.4,0.016,
13:57:36.00,24-07-14,28.169361666666667°„N,104.81065583333333°„E,630.5,0.022,
13:57:37.00,24-07-14,28.169361666666667°„N,104.810656°„E,630.5,0.039,
13:57:38.00,24-07-14,28.169361666666667°„N,104.81065633333333°„E,630.5,0.028,
13:57:39.00,24-07-14,28.169361833333333°„N,104.8106565°„E,630.5,0.013,
13:57:40.00,24-07-14,28.169361833333333°„N,104.81065666666667°„E,630.5,0.042,
13:57:41.00,24-07-14,28.169361833333333°„N,104.81065683333334°„E,630.5,0.034,
13:57:42.00,24-07-14,28.169361833333333°„N,104.81065683333334°„E,630.5,0.014,
13:57:43.00,24-07-14,28.169361833333333°„N,104.81065683333334°„E,630.5,0.013,
13:57:44.00,24-07-14,28.169361833333333°„N,104.81065683333334°„E,630.4,0.033,
13:57:45.00,24-07-14,28.169361833333333°„N,104.81065683333334°„E,630.5,0.014,
13:57:46.00,24-07-14,28.169361833333333°„N,104.81065683333334°„E,630.5,0.023,
13:57:47.00,24-07-14,28.169361833333333°„N,104.81065683333334°„E,630.5,0.023,
13:57:48.00,24-07-14,28.169361833333333°„N,104.810657°„E,630.5,0.013,
13:57:49.00,24-07-14,28.169361833333333°„N,104.810657°„E,630.5,0.019,
13:57:50.00,24-07-14,28.169361833333333°„N,104.810657°„E,630.5,0.027,
13:57:51.00,24-07-14,28.169361666666667°„N,104.81065683333334°„E,630.5,0.017,
13:57:52.00,24-07-14,28.169361666666667°„N,104.81065683333334°„E,630.5,0.015,
13:57:53.00,24-07-14,28.1693615°„N,104.81065666666667°„E,630.5,0.018,
13:57:54.00,24-07-14,28.1693615°„N,104.81065666666667°„E,630.5,0.018,
13:57:55.00,24-07-14,28.1693615°„N,104.8106565°„E,630.6,0.009,
13:57:56.00,24-07-14,28.169361333333335°„N,104.8106565°„E,630.6,0.014,
13:57:57.00,24-07-14,28.169361333333335°„N,104.81065633333333°„E,630.6,0.009,
13:57:58.00,24-07-14,28.16936116666667°„N,104.81065633333333°„E,630.7,0.015,
13:57:59.00,24-07-14,28.16936116666667°„N,104.81065633333333°„E,630.7,0.022,
13:58:00.00,24-07-14,28.169361°„N,104.81065633333333°„E,630.8,0.018,
13:58:01.00,24-07-14,28.169361°„N,104.81065616666666°„E,630.8,0.034,
13:58:02.00,24-07-14,28.169361°„N,104.81065616666666°„E,630.8,0.004,
13:58:03.00,24-07-14,28.169360833333332°„N,104.81065616666666°„E,630.8,0.013,
13:58:04.00,24-07-14,28.169360833333332°„N,104.810656°„E,630.8,0.005,
13:58:05.00,24-07-14,28.169360666666666°„N,104.81065583333333°„E,630.8,0.015,
13:58:06.00,24-07-14,28.169360666666666°„N,104.81065566666666°„E,630.8,0.011,
13:58:07.00,24-07-14,28.1693605°„N,104.8106555°„E,630.7,0.007,
13:58:08.00,24-07-14,28.169360333333334°„N,104.81065533333333°„E,630.7,0.018,
13:58:09.00,24-07-14,28.169360166666667°„N,104.81065516666666°„E,630.7,0.022,
13:58:10.00,24-07-14,28.16936°„N,104.810655°„E,630.7,0.015,
13:58:11.00,24-07-14,28.16936°„N,104.81065483333333°„E,630.6,0.021,
13:58:12.00,24-07-14,28.169359833333335°„N,104.81065466666666°„E,630.6,0.019,
13:58:13.00,24-07-14,28.1693595°„N,104.8106545°„E,630.5,0.018,
13:58:14.00,24-07-14,28.169359333333333°„N,104.81065433333333°„E,630.4,0.008,
13:58:15.00,24-07-14,28.169359166666666°„N,104.81065433333333°„E,630.4,0.009,
13:58:16.00,24-07-14,28.169359°„N,104.81065416666667°„E,630.3,0.021,
13:58:17.00,24-07-14,28.169358833333334°„N,104.810654°„E,630.3,0.032,
13:58:18.00,24-07-14,28.169358666666668°„N,104.81065383333333°„E,630.3,0.018,
13:58:19.00,24-07-14,28.1693585°„N,104.81065366666667°„E,630.2,0.008,
13:58:20.00,24-07-14,28.169358166666665°„N,104.81065366666667°„E,630.2,0.004,
13:58:21.00,24-07-14,28.169358°„N,104.8106535°„E,630.1,0.019,
13:58:22.00,24-07-14,28.169357833333333°„N,104.81065333333333°„E,630.1,0.012,
13:58:23.00,24-07-14,28.1693575°„N,104.81065316666667°„E,630.0,0.039,
13:58:24.00,24-07-14,28.169357166666668°„N,104.81065316666667°„E,629.9,0.007,
13:58:25.00,24-07-14,28.169357°„N,104.810653°„E,629.9,0.042,
13:58:26.00,24-07-14,28.16935683333333°„N,104.810653°„E,629.8,0.023,
13:58:27.00,24-07-14,28.1693565°„N,104.81065283333334°„E,629.7,0.027,
13:58:28.00,24-07-14,28.169356166666667°„N,104.81065266666667°„E,629.7,0.026,
13:58:29.00,24-07-14,28.169355833333334°„N,104.8106525°„E,629.6,0.012,
13:58:30.00,24-07-14,28.1693555°„N,104.81065233333334°„E,629.5,0.023,
13:58:31.00,24-07-14,28.169355333333332°„N,104.81065216666667°„E,629.5,0.024,
13:58:32.00,24-07-14,28.169355166666666°„N,104.810652°„E,629.4,0.017,
13:58:33.00,24-07-14,28.169355°„N,104.81065183333334°„E,629.4,0.011,
13:58:34.00,24-07-14,28.169354833333333°„N,104.81065183333334°„E,629.4,0.005,
13:58:35.00,24-07-14,28.169354666666667°„N,104.81065166666667°„E,629.4,0.013,
13:58:36.00,24-07-14,28.169354666666667°„N,104.81065166666667°„E,629.4,0.007,
13:58:37.00,24-07-14,28.169354666666667°„N,104.81065166666667°„E,629.4,0.020,
13:58:38.00,24-07-14,28.169354666666667°„N,104.81065166666667°„E,629.4,0.018,
13:58:39.00,24-07-14,28.169354666666667°„N,104.8106515°„E,629.4,0.016,
13:58:40.00,24-07-14,28.169354833333333°„N,104.8106515°„E,629.4,0.025,
13:58:41.00,24-07-14,28.169354833333333°„N,104.81065166666667°„E,629.4,0.022,
13:58:42.00,24-07-14,28.169355°„N,104.81065166666667°„E,629.4,0.024,
13:58:43.00,24-07-14,28.169355166666666°„N,104.81065183333334°„E,629.5,0.031,
13:58:44.00,24-07-14,28.169355333333332°„N,104.81065183333334°„E,629.5,0.008,
13:58:45.00,24-07-14,28.169355333333332°„N,104.81065183333334°„E,629.6,0.030,
13:58:46.00,24-07-14,28.1693555°„N,104.810652°„E,629.6,0.022,
13:58:47.00,24-07-14,28.1693555°„N,104.810652°„E,629.6,0.033,
13:58:48.00,24-07-14,28.1693555°„N,104.81065216666667°„E,629.6,0.027,
13:58:49.00,24-07-14,28.1693555°„N,104.81065216666667°„E,629.6,0.039,
13:58:50.00,24-07-14,28.1693555°„N,104.81065216666667°„E,629.6,0.011,
13:58:51.00,24-07-14,28.1693555°„N,104.81065216666667°„E,629.6,0.011,
13:58:52.00,24-07-14,28.1693555°„N,104.81065216666667°„E,629.6,0.013,
13:58:53.00,24-07-14,28.1693555°„N,104.810652°„E,629.5,0.026,
13:58:54.00,24-07-14,28.1693555°„N,104.81065183333334°„E,629.5,0.012,
13:58:55.00,24-07-14,28.169355333333332°„N,104.81065183333334°„E,629.5,0.026,
13:58:56.00,24-07-14,28.1693555°„N,104.81065183333334°„E,629.5,0.025,
13:58:57.00,24-07-14,28.169355333333332°„N,104.81065183333334°„E,629.4,0.014,
13:58:58.00,24-07-14,28.1693555°„N,104.81065183333334°„E,629.4,0.026,
13:58:59.00,24-07-14,28.1693555°„N,104.81065166666667°„E,629.4,0.021,
13:59:00.00,24-07-14,28.1693555°„N,104.81065166666667°„E,629.3,0.017,
13:59:01.00,24-07-14,28.169355666666668°„N,104.81065166666667°„E,629.3,0.014,
13:59:02.00,24-07-14,28.169355666666668°„N,104.8106515°„E,629.3,0.012,
13:59:03.00,24-07-14,28.169355833333334°„N,104.8106515°„E,629.3,0.024,
13:59:04.00,24-07-14,28.169356°„N,104.81065166666667°„E,629.2,0.007,
13:59:05.00,24-07-14,28.169356166666667°„N,104.81065166666667°„E,629.2,0.014,
13:59:06.00,24-07-14,28.169356166666667°„N,104.81065183333334°„E,629.2,0.026,
13:59:07.00,24-07-14,28.169356166666667°„N,104.810652°„E,629.3,0.021,
13:59:08.00,24-07-14,28.169356166666667°„N,104.81065216666667°„E,629.3,0.012,
13:59:09.00,24-07-14,28.169356166666667°„N,104.81065233333334°„E,629.3,0.015,
13:59:10.00,24-07-14,28.169356333333333°„N,104.81065266666667°„E,629.4,0.023,
13:59:11.00,24-07-14,28.169356333333333°„N,104.81065283333334°„E,629.4,0.002,
13:59:12.00,24-07-14,28.169356333333333°„N,104.81065316666667°„E,629.4,0.014,
13:59:13.00,24-07-14,28.169356333333333°„N,104.81065333333333°„E,629.5,0.031,
13:59:14.00,24-07-14,28.1693565°„N,104.81065383333333°„E,629.5,0.046,
13:59:15.00,24-07-14,28.1693565°„N,104.81065416666667°„E,629.6,0.022,
13:59:16.00,24-07-14,28.1693565°„N,104.81065433333333°„E,629.7,0.024,
13:59:17.00,24-07-14,28.1693565°„N,104.81065466666666°„E,629.7,0.008,
13:59:18.00,24-07-14,28.1693565°„N,104.81065483333333°„E,629.8,0.025,
13:59:19.00,24-07-14,28.1693565°„N,104.810655°„E,629.8,0.008,
13:59:20.00,24-07-14,28.1693565°„N,104.81065516666666°„E,629.8,0.007,
13:59:21.00,24-07-14,28.1693565°„N,104.81065516666666°„E,629.8,0.002,
13:59:22.00,24-07-14,28.169356333333333°„N,104.81065533333333°„E,629.8,0.038,
13:59:23.00,24-07-14,28.169356333333333°„N,104.81065533333333°„E,629.8,0.027,
13:59:24.00,24-07-14,28.169356166666667°„N,104.81065533333333°„E,629.8,0.015,
13:59:25.00,24-07-14,28.169356°„N,104.81065533333333°„E,629.8,0.025,
13:59:26.00,24-07-14,28.169356°„N,104.81065516666666°„E,629.7,0.031,
13:59:27.00,24-07-14,28.169355833333334°„N,104.81065516666666°„E,629.7,0.017,
13:59:28.00,24-07-14,28.169355666666668°„N,104.810655°„E,629.7,0.013,
13:59:29.00,24-07-14,28.169355666666668°„N,104.81065483333333°„E,629.6,0.009,
13:59:30.00,24-07-14,28.169355666666668°„N,104.81065466666666°„E,629.6,0.044,
13:59:31.00,24-07-14,28.1693555°„N,104.81065433333333°„E,629.5,0.034,
13:59:32.00,24-07-14,28.1693555°„N,104.81065416666667°„E,629.4,0.015,
13:59:33.00,24-07-14,28.169355333333332°„N,104.810654°„E,629.4,0.012,
13:59:34.00,24-07-14,28.169355333333332°„N,104.81065366666667°„E,629.3,0.007,
13:59:35.00,24-07-14,28.169355333333332°„N,104.8106535°„E,629.3,0.007,
13:59:36.00,24-07-14,28.169355333333332°„N,104.81065316666667°„E,629.2,0.024,
13:59:37.00,24-07-14,28.169355166666666°„N,104.81065283333334°„E,629.1,0.023,
13:59:38.00,24-07-14,28.169355166666666°„N,104.81065266666667°„E,629.1,0.009,
13:59:39.00,24-07-14,28.169355°„N,104.81065233333334°„E,629.0,0.014,
13:59:40.00,24-07-14,28.169355°„N,104.81065216666667°„E,628.9,0.012,
13:59:41.00,24-07-14,28.169355°„N,104.810652°„E,628.8,0.015,
13:59:42.00,24-07-14,28.169355166666666°„N,104.81065166666667°„E,628.8,0.026,
13:59:43.00,24-07-14,28.169355°„N,104.81065133333334°„E,628.7,0.028,
13:59:44.00,24-07-14,28.169355°„N,104.81065116666667°„E,628.6,0.025,
13:59:45.00,24-07-14,28.169355°„N,104.81065083333333°„E,628.5,0.029,
13:59:46.00,24-07-14,28.169355°„N,104.81065066666666°„E,628.5,0.018,
13:59:47.00,24-07-14,28.169355°„N,104.8106505°„E,628.4,0.017,
13:59:48.00,24-07-14,28.169355°„N,104.81065033333333°„E,628.3,0.022,
13:59:49.00,24-07-14,28.169355°„N,104.81065016666666°„E,628.3,0.007,
13:59:50.00,24-07-14,28.169355166666666°„N,104.81065016666666°„E,628.2,0.012,
13:59:51.00,24-07-14,28.169355166666666°„N,104.81065016666666°„E,628.2,0.012,
13:59:52.00,24-07-14,28.169355166666666°„N,104.81065°„E,628.2,0.009,
13:59:53.00,24-07-14,28.169355166666666°„N,104.81065°„E,628.2,0.023,
13:59:54.00,24-07-14,28.169355166666666°„N,104.81065016666666°„E,628.2,0.015,
13:59:55.00,24-07-14,28.169355166666666°„N,104.81065033333333°„E,628.2,0.012,
13:59:56.00,24-07-14,28.169355166666666°„N,104.81065033333333°„E,628.1,0.010,
13:59:57.00,24-07-14,28.169355166666666°„N,104.8106505°„E,628.1,0.023,
13:59:58.00,24-07-14,28.169355333333332°„N,104.81065066666666°„E,628.1,0.029,
13:59:59.00,24-07-14,28.169355333333332°„N,104.81065066666666°„E,628.1,0.023,
14:00:00.00,24-07-14,28.1693555°„N,104.81065083333333°„E,628.1,0.018,
14:00:01.00,24-07-14,28.1693555°„N,104.81065100000001°„E,628.1,0.048,
14:00:02.00,24-07-14,28.169355666666668°„N,104.8106515°„E,628.2,0.011,
14:00:03.00,24-07-14,28.169356°„N,104.81065166666667°„E,628.2,0.011,
14:00:04.00,24-07-14,28.169356166666667°„N,104.810652°„E,628.2,0.029,
14:00:05.00,24-07-14,28.169356333333333°„N,104.81065216666667°„E,628.2,0.024,
14:00:06.00,24-07-14,28.1693565°„N,104.8106525°„E,628.3,0.005,
14:00:07.00,24-07-14,28.169356666666665°„N,104.81065283333334°„E,628.3,0.028,
14:00:08.00,24-07-14,28.16935683333333°„N,104.81065316666667°„E,628.3,0.013,
14:00:09.00,24-07-14,28.169357166666668°„N,104.81065316666667°„E,628.2,0.119,
14:00:10.00,24-07-14,28.169357333333334°„N,104.8106535°„E,628.2,0.012,
14:00:11.00,24-07-14,28.1693575°„N,104.81065383333333°„E,628.2,0.040,
14:00:12.00,24-07-14,28.169357666666667°„N,104.81065416666667°„E,628.2,0.038,
14:00:13.00,24-07-14,28.169357666666667°„N,104.81065433333333°„E,628.2,0.025,
14:00:14.00,24-07-14,28.169357833333333°„N,104.8106545°„E,628.2,0.020,
14:00:15.00,24-07-14,28.169357666666667°„N,104.81065433333333°„E,628.2,0.140,
14:00:16.00,24-07-14,28.1693575°„N,104.81065416666667°„E,628.1,0.023,
14:00:17.00,24-07-14,28.1693575°„N,104.81065416666667°„E,628.0,0.003,
14:00:18.00,24-07-14,28.1693575°„N,104.810654°„E,628.0,0.060,
14:00:19.00,24-07-14,28.1693575°„N,104.810654°„E,627.9,0.023,
14:00:20.00,24-07-14,28.169357333333334°„N,104.81065383333333°„E,627.9,0.029,
14:00:21.00,24-07-14,28.169357333333334°„N,104.81065383333333°„E,627.8,0.016,
14:00:22.00,24-07-14,28.169357333333334°„N,104.81065366666667°„E,627.7,0.016,
14:00:23.00,24-07-14,28.169357333333334°„N,104.81065366666667°„E,627.7,0.030,
14:00:24.00,24-07-14,28.169357333333334°„N,104.81065366666667°„E,627.6,0.019,
14:00:25.00,24-07-14,28.169357166666668°„N,104.81065366666667°„E,627.6,0.007,
14:00:26.00,24-07-14,28.169357166666668°„N,104.8106535°„E,627.6,0.009,
14:00:27.00,24-07-14,28.169357166666668°„N,104.8106535°„E,627.6,0.005,
14:00:28.00,24-07-14,28.169357166666668°„N,104.8106535°„E,627.6,0.016,
14:00:29.00,24-07-14,28.169357°„N,104.8106535°„E,627.6,0.042,
14:00:30.00,24-07-14,28.169357166666668°„N,104.8106535°„E,627.6,0.022,
14:00:31.00,24-07-14,28.169357166666668°„N,104.81065366666667°„E,627.6,0.020,
14:00:32.00,24-07-14,28.169357166666668°„N,104.810654°„E,627.7,0.038,
14:00:33.00,24-07-14,28.169357333333334°„N,104.81065416666667°„E,627.7,0.039,
14:00:34.00,24-07-14,28.169357333333334°„N,104.81065433333333°„E,627.8,0.017,
14:00:35.00,24-07-14,28.169357333333334°„N,104.81065433333333°„E,627.8,0.011,
14:00:36.00,24-07-14,28.1693575°„N,104.8106545°„E,627.9,0.010,
14:00:37.00,24-07-14,28.169357666666667°„N,104.81065466666666°„E,627.9,0.021,
14:00:38.00,24-07-14,28.169357833333333°„N,104.81065466666666°„E,627.9,0.021,
14:00:39.00,24-07-14,28.169358°„N,104.810655°„E,628.0,0.022,
14:00:40.00,24-07-14,28.169358333333335°„N,104.81065516666666°„E,628.0,0.008,
14:00:41.00,24-07-14,28.1693585°„N,104.81065533333333°„E,628.0,0.015,
14:00:42.00,24-07-14,28.169358666666668°„N,104.8106555°„E,628.1,0.015,
14:00:43.00,24-07-14,28.169358833333334°„N,104.81065583333333°„E,628.1,0.029,
14:00:44.00,24-07-14,28.169359°„N,104.81065583333333°„E,628.1,0.005,
14:00:45.00,24-07-14,28.169359°„N,104.810656°„E,628.1,0.044,
14:00:46.00,24-07-14,28.169359°„N,104.810656°„E,628.1,0.036,
14:00:47.00,24-07-14,28.169359°„N,104.810656°„E,628.1,0.015,
14:00:48.00,24-07-14,28.169358833333334°„N,104.81065583333333°„E,628.1,0.014,
14:00:49.00,24-07-14,28.169358833333334°„N,104.81065583333333°„E,628.1,0.008,
14:00:50.00,24-07-14,28.169358666666668°„N,104.81065566666666°„E,628.2,0.011,
14:00:51.00,24-07-14,28.169358666666668°„N,104.81065566666666°„E,628.2,0.005,
14:00:52.00,24-07-14,28.1693585°„N,104.8106555°„E,628.2,0.020,
14:00:53.00,24-07-14,28.1693585°„N,104.81065533333333°„E,628.2,0.024,
14:00:54.00,24-07-14,28.169358333333335°„N,104.81065533333333°„E,628.2,0.029,
14:00:55.00,24-07-14,28.169358166666665°„N,104.81065516666666°„E,628.2,0.039,
14:00:56.00,24-07-14,28.169358°„N,104.810655°„E,628.2,0.023,
14:00:57.00,24-07-14,28.169357833333333°„N,104.81065483333333°„E,628.2,0.008,
14:00:58.00,24-07-14,28.169357666666667°„N,104.81065466666666°„E,628.2,0.011,
14:00:59.00,24-07-14,28.1693575°„N,104.81065466666666°„E,628.3,0.022,
14:01:00.00,24-07-14,28.1693575°„N,104.8106545°„E,628.3,0.025,
14:01:01.00,24-07-14,28.169357166666668°„N,104.8106545°„E,628.3,0.002,
14:01:02.00,24-07-14,28.169357°„N,104.81065433333333°„E,628.3,0.020,
14:01:03.00,24-07-14,28.16935683333333°„N,104.81065416666667°„E,628.4,0.012,
14:01:04.00,24-07-14,28.169356666666665°„N,104.81065416666667°„E,628.4,0.014,
14:01:05.00,24-07-14,28.1693565°„N,104.810654°„E,628.4,0.030,
14:01:06.00,24-07-14,28.169356166666667°„N,104.810654°„E,628.4,0.025,
14:01:07.00,24-07-14,28.169356°„N,104.81065383333333°„E,628.4,0.014,
14:01:08.00,24-07-14,28.169355833333334°„N,104.81065383333333°„E,628.5,0.026,
14:01:09.00,24-07-14,28.1693555°„N,104.81065383333333°„E,628.5,0.035,
14:01:10.00,24-07-14,28.169355333333332°„N,104.81065366666667°„E,628.5,0.034,
14:01:11.00,24-07-14,28.169355°„N,104.81065366666667°„E,628.5,0.029,
14:01:12.00,24-07-14,28.169354833333333°„N,104.81065366666667°„E,628.5,0.019,
14:01:13.00,24-07-14,28.169354666666667°„N,104.8106535°„E,628.5,0.043,
14:01:14.00,24-07-14,28.1693545°„N,104.81065333333333°„E,628.5,0.029,
14:01:15.00,24-07-14,28.16935416666667°„N,104.81065333333333°„E,628.5,0.020,
14:01:16.00,24-07-14,28.169354°„N,104.81065316666667°„E,628.5,0.028,
14:01:17.00,24-07-14,28.169353833333332°„N,104.810653°„E,628.5,0.031,
14:01:18.00,24-07-14,28.1693535°„N,104.81065283333334°„E,628.5,0.037,
14:01:19.00,24-07-14,28.169353333333333°„N,104.81065266666667°„E,628.4,0.028,
14:01:20.00,24-07-14,28.169353166666667°„N,104.8106525°„E,628.4,0.010,
14:01:21.00,24-07-14,28.169352833333335°„N,104.81065233333334°„E,628.4,0.011,
14:01:22.00,24-07-14,28.169352666666665°„N,104.81065216666667°„E,628.4,0.003,
14:01:23.00,24-07-14,28.1693525°„N,104.810652°„E,628.4,0.010,
14:01:24.00,24-07-14,28.169352333333332°„N,104.81065183333334°„E,628.4,0.044,
14:01:25.00,24-07-14,28.169352166666666°„N,104.81065166666667°„E,628.4,0.014,
14:01:26.00,24-07-14,28.169352°„N,104.8106515°„E,628.4,0.016,
14:01:27.00,24-07-14,28.169351833333334°„N,104.81065133333334°„E,628.4,0.014,
14:01:28.00,24-07-14,28.169351666666667°„N,104.81065116666667°„E,628.4,0.020,
14:01:29.00,24-07-14,28.169351666666667°„N,104.81065116666667°„E,628.4,0.020,
14:01:30.00,24-07-14,28.1693515°„N,104.81065100000001°„E,628.4,0.031,
14:01:31.00,24-07-14,28.169351333333335°„N,104.81065100000001°„E,628.4,0.011,
14:01:32.00,24-07-14,28.169351166666665°„N,104.81065100000001°„E,628.4,0.006,
14:01:33.00,24-07-14,28.169351166666665°„N,104.81065116666667°„E,628.4,0.012,
14:01:34.00,24-07-14,28.169351166666665°„N,104.81065116666667°„E,628.5,0.007,
14:01:35.00,24-07-14,28.169351°„N,104.81065116666667°„E,628.5,0.015,
14:01:36.00,24-07-14,28.169351°„N,104.81065133333334°„E,628.5,0.025,
14:01:37.00,24-07-14,28.169351166666665°„N,104.8106515°„E,628.6,0.010,
14:01:38.00,24-07-14,28.169351333333335°„N,104.81065166666667°„E,628.6,0.024,
14:01:39.00,24-07-14,28.1693515°„N,104.810652°„E,628.7,0.020,
14:01:40.00,24-07-14,28.169351666666667°„N,104.81065233333334°„E,628.8,0.008,
14:01:41.00,24-07-14,28.169351833333334°„N,104.81065266666667°„E,628.8,0.024,
14:01:42.00,24-07-14,28.169352°„N,104.81065316666667°„E,628.9,0.039,
14:01:43.00,24-07-14,28.169352166666666°„N,104.8106535°„E,629.0,0.027,
14:01:44.00,24-07-14,28.169352333333332°„N,104.810654°„E,629.1,0.014,
14:01:45.00,24-07-14,28.1693525°„N,104.8106545°„E,629.1,0.012,
14:01:46.00,24-07-14,28.169352666666665°„N,104.81065483333333°„E,629.2,0.020,
14:01:47.00,24-07-14,28.169352833333335°„N,104.81065516666666°„E,629.2,0.013,
14:01:48.00,24-07-14,28.169353°„N,104.8106555°„E,629.2,0.025,
14:01:49.00,24-07-14,28.169353166666667°„N,104.81065566666666°„E,629.2,0.013,
14:01:50.00,24-07-14,28.169353333333333°„N,104.81065583333333°„E,629.2,0.014,
14:01:51.00,24-07-14,28.1693535°„N,104.810656°„E,629.1,0.041,
14:01:52.00,24-07-14,28.1693535°„N,104.810656°„E,629.1,0.020,
14:01:53.00,24-07-14,28.169353666666666°„N,104.81065616666666°„E,629.1,0.021,
14:01:54.00,24-07-14,28.169353833333332°„N,104.81065616666666°„E,629.1,0.020,
14:01:55.00,24-07-14,28.169354°„N,104.81065616666666°„E,629.1,0.007,
14:01:56.00,24-07-14,28.169354°„N,104.81065616666666°„E,629.0,0.013,
14:01:57.00,24-07-14,28.169354°„N,104.81065616666666°„E,629.0,0.016,
14:01:58.00,24-07-14,28.169354°„N,104.81065616666666°„E,628.9,0.017,
14:01:59.00,24-07-14,28.16935416666667°„N,104.81065616666666°„E,628.9,0.008,
14:02:00.00,24-07-14,28.16935416666667°„N,104.810656°„E,628.8,0.027,
14:02:01.00,24-07-14,28.16935416666667°„N,104.810656°„E,628.7,0.023,
